time,BH,lstm_equity
2022-11-01 06:00:00+00:00,1.0000000000,1.0000000000
2022-11-01 06:30:00+00:00,1.0001308927,1.0000000000
2022-11-01 07:00:00+00:00,0.9985601805,1.0000000000
2022-11-01 07:30:00+00:00,0.9998590387,1.0000000000
2022-11-01 08:00:00+00:00,1.0005235707,1.0000000000
2022-11-01 08:30:00+00:00,0.9990837512,1.0000000000
2022-11-01 09:00:00+00:00,0.9989931331,1.0000000000
2022-11-01 09:30:00+00:00,1.0002215107,1.0000000000
2022-11-01 10:00:00+00:00,1.0005235707,1.0000000000
2022-11-01 10:30:00+00:00,1.0004832960,0.9999585828
2022-11-01 11:00:00+00:00,1.0004832960,0.9998832059
2022-11-01 11:30:00+00:00,1.0002718540,1.0002002625
2022-11-01 12:00:00+00:00,1.0010874161,0.9989782524
2022-11-01 12:30:00+00:00,1.0009263174,0.9992194398
2022-11-01 13:00:00+00:00,1.0007048067,0.9995512310
2022-11-01 13:30:00+00:00,1.0004832960,0.9998832059
2022-11-01 14:00:00+00:00,0.9967377514,1.0026316928
2022-11-01 14:30:00+00:00,0.9936970137,1.0025595105
2022-11-01 15:00:00+00:00,0.9948045671,1.0025595105
2022-11-01 15:30:00+00:00,0.9938178377,1.0025595105
2022-11-01 16:00:00+00:00,0.9933446103,1.0025595105
2022-11-01 16:30:00+00:00,0.9929116575,1.0025595105
2022-11-01 17:00:00+00:00,0.9937372884,1.0025595105
2022-11-01 17:30:00+00:00,0.9949757345,1.0025595105
2022-11-02 06:00:00+00:00,0.9941707217,1.0025595105
2022-11-02 06:30:00+00:00,0.9944726015,1.0025595105
2022-11-02 07:00:00+00:00,0.9937179020,1.0025595105
2022-11-02 07:30:00+00:00,0.9946134787,1.0025595105
2022-11-02 08:00:00+00:00,0.9963040057,1.0025595105
2022-11-02 08:30:00+00:00,0.9962235044,1.0025595105
2022-11-02 09:00:00+00:00,0.9953581156,1.0025595105
2022-11-02 09:30:00+00:00,0.9967266373,1.0025595105
2022-11-02 10:00:00+00:00,0.9960625018,1.0025595105
2022-11-02 10:30:00+00:00,0.9963643816,1.0025595105
2022-11-02 11:00:00+00:00,0.9949958598,1.0025595105
2022-11-02 11:30:00+00:00,0.9959820005,1.0025595105
2022-11-02 12:00:00+00:00,0.9958008727,1.0025595105
2022-11-02 12:30:00+00:00,0.9968272640,1.0025595105
2022-11-02 13:00:00+00:00,0.9966662614,1.0025595105
2022-11-02 13:30:00+00:00,0.9956197448,1.0025595105
2022-11-02 14:00:00+00:00,0.9949153586,1.0025595105
2022-11-02 14:30:00+00:00,0.9935468367,1.0025595105
2022-11-02 15:00:00+00:00,0.9938487165,1.0025595105
2022-11-02 15:30:00+00:00,0.9936273380,1.0025595105
2022-11-02 16:00:00+00:00,0.9926915106,1.0025595105
2022-11-02 16:30:00+00:00,0.9929430771,1.0025595105
2022-11-02 17:00:00+00:00,0.9928927638,1.0025595105
2022-11-02 17:30:00+00:00,0.9942713482,1.0025595105
2022-11-03 06:00:00+00:00,0.9931987685,1.0025595105
2022-11-03 06:30:00+00:00,0.9928041400,1.0025595105
2022-11-03 07:00:00+00:00,0.9896471128,1.0025595105
2022-11-03 07:30:00+00:00,0.9900113852,1.0025595105
2022-11-03 08:00:00+00:00,0.9884227529,1.0025595105
2022-11-03 08:30:00+00:00,0.9883519222,1.0025595105
2022-11-03 09:00:00+00:00,0.9871781556,1.0025595105
2022-11-03 09:30:00+00:00,0.9869150700,1.0025595105
2022-11-03 10:00:00+00:00,0.9855288112,1.0025595105
2022-11-03 10:30:00+00:00,0.9861055758,1.0025595105
2022-11-03 11:00:00+00:00,0.9855895233,1.0025595105
2022-11-03 11:30:00+00:00,0.9855288112,1.0025595105
2022-11-03 12:00:00+00:00,0.9870972062,1.0025595105
2022-11-03 12:30:00+00:00,0.9856603541,1.0025595105
2022-11-03 13:00:00+00:00,0.9869454261,1.0025595105
2022-11-03 13:30:00+00:00,0.9860246264,1.0025595105
2022-11-03 14:00:00+00:00,0.9896167569,1.0025595105
2022-11-03 14:30:00+00:00,0.9901631655,1.0025595105
2022-11-03 15:00:00+00:00,0.9885340584,1.0025595105
2022-11-03 15:30:00+00:00,0.9873805292,1.0025595105
2022-11-03 16:00:00+00:00,0.9869251887,1.0025595105
2022-11-03 16:30:00+00:00,0.9863787801,1.0025595105
2022-11-03 17:00:00+00:00,0.9863079494,1.0025595105
2022-11-03 17:30:00+00:00,0.9862877120,1.0025595105
2022-11-04 06:00:00+00:00,0.9867518237,1.0025595105
2022-11-04 06:30:00+00:00,0.9867921812,1.0025595105
2022-11-04 07:00:00+00:00,0.9860758350,1.0025595105
2022-11-04 07:30:00+00:00,0.9851173435,1.0025595105
2022-11-04 08:00:00+00:00,0.9858740473,1.0025595105
2022-11-04 08:30:00+00:00,0.9861363713,1.0025595105
2022-11-04 09:00:00+00:00,0.9871957567,1.0025595105
2022-11-04 09:30:00+00:00,0.9862776227,1.0025595105
2022-11-04 10:00:00+00:00,0.9868426282,1.0025595105
2022-11-04 10:30:00+00:00,0.9879322817,1.0025595105
2022-11-04 11:00:00+00:00,0.9887192536,1.0025595105
2022-11-04 11:30:00+00:00,0.9884771084,1.0025595105
2022-11-04 12:00:00+00:00,0.9877103153,1.0025595105
2022-11-04 12:30:00+00:00,0.9934915323,1.0025595105
2022-11-04 13:00:00+00:00,0.9958625376,1.0025595105
2022-11-04 13:30:00+00:00,0.9954993198,1.0025595105
2022-11-04 14:00:00+00:00,1.0011191067,1.0025595105
2022-11-04 14:30:00+00:00,1.0017950954,1.0025595105
2022-11-04 15:00:00+00:00,0.9986472076,1.0025595105
2022-11-04 15:30:00+00:00,0.9983848836,1.0025595105
2022-11-04 16:00:00+00:00,1.0001000789,1.0025595105
2022-11-04 16:30:00+00:00,1.0003825816,1.0025595105
2022-11-04 17:00:00+00:00,1.0009374977,1.0025595105
2022-11-04 17:30:00+00:00,1.0011695536,1.0024515745
2022-11-07 07:00:00+00:00,1.0002429178,1.0025820077
2022-11-07 07:30:00+00:00,0.9999407539,1.0026750266
2022-11-07 08:00:00+00:00,1.0030933301,1.0006387428
2022-11-07 08:30:00+00:00,1.0058631654,0.9997262039
2022-11-07 09:00:00+00:00,1.0063063390,0.9996959154
2022-11-07 09:30:00+00:00,1.0057725162,0.9996959154
2022-11-07 10:00:00+00:00,1.0064674931,0.9996959154
2022-11-07 10:30:00+00:00,1.0053797033,0.9996959154
2022-11-07 11:00:00+00:00,1.0057020114,0.9996959154
2022-11-07 11:30:00+00:00,1.0053293426,0.9996959154
2022-11-07 12:00:00+00:00,1.0040300381,1.0000622773
2022-11-07 12:30:00+00:00,1.0059437425,0.9988590137
2022-11-07 13:00:00+00:00,1.0055811459,0.9990811665
2022-11-07 13:30:00+00:00,1.0065883587,0.9984643949
2022-11-07 14:00:00+00:00,1.0064674932,0.9985383548
2022-11-07 14:30:00+00:00,1.0060646081,0.9987849915
2022-11-07 15:00:00+00:00,1.0063264834,0.9986246595
2022-11-07 15:30:00+00:00,1.0073336963,0.9980086259
2022-11-07 16:00:00+00:00,1.0070617488,0.9981748568
2022-11-07 16:30:00+00:00,1.0068905226,0.9981933327
2022-11-07 17:00:00+00:00,1.0096301414,0.9968895858
2022-11-07 17:30:00+00:00,1.0094286989,0.9969120171
2022-11-07 18:00:00+00:00,1.0100028102,0.9968883777
2022-11-07 18:30:00+00:00,1.0103251183,0.9967537819
2022-11-08 07:00:00+00:00,1.0100624049,0.9967778868
2022-11-08 07:30:00+00:00,1.0103958489,0.9967610165
2022-11-08 08:00:00+00:00,1.0093449952,0.9970617904
2022-11-08 08:30:00+00:00,1.0086882116,0.9974450632
2022-11-08 09:00:00+00:00,1.0094864562,0.9969362546
2022-11-08 09:30:00+00:00,1.0107899190,0.9961068364
2022-11-08 10:00:00+00:00,1.0099411526,0.9966467227
2022-11-08 10:30:00+00:00,1.0099108395,0.9966660181
2022-11-08 11:00:00+00:00,1.0105171012,0.9962802899
2022-11-08 11:30:00+00:00,1.0102543878,0.9964473921
2022-11-08 12:00:00+00:00,1.0095874999,0.9968718957
2022-11-08 12:30:00+00:00,1.0098097958,0.9967303432
2022-11-08 13:00:00+00:00,1.0100118831,0.9966017037
2022-11-08 13:30:00+00:00,1.0103958489,0.9963574051
2022-11-08 14:00:00+00:00,1.0115174331,0.9956446700
2022-11-08 14:30:00+00:00,1.0115881636,0.9955997663
2022-11-08 15:00:00+00:00,1.0153570909,0.9943712590
2022-11-08 15:30:00+00:00,1.0171253544,0.9935271543
2022-11-08 16:00:00+00:00,1.0181155819,0.9928948703
2022-11-08 16:30:00+00:00,1.0192977923,0.9921616577
2022-11-08 17:00:00+00:00,1.0187420524,0.9925061569
2022-11-08 17:30:00+00:00,1.0193685228,0.9921178344
2022-11-08 18:00:00+00:00,1.0175497376,0.9932463030
2022-11-08 18:30:00+00:00,1.0172567110,0.9934284206
2022-11-09 07:00:00+00:00,1.0179140823,0.9931895697
2022-11-09 07:30:00+00:00,1.0178534019,0.9931549596
2022-11-09 08:00:00+00:00,1.0195524536,0.9931549596
2022-11-09 08:30:00+00:00,1.0183590721,0.9931549596
2022-11-09 09:00:00+00:00,1.0176511338,0.9931549596
2022-11-09 09:30:00+00:00,1.0160936696,0.9931549596
2022-11-09 10:00:00+00:00,1.0152340303,0.9931549596
2022-11-09 10:30:00+00:00,1.0159723087,0.9931549596
2022-11-09 11:00:00+00:00,1.0173072780,0.9931549596
2022-11-09 11:30:00+00:00,1.0168016078,0.9931549596
2022-11-09 12:00:00+00:00,1.0155778859,0.9935070613
2022-11-09 12:30:00+00:00,1.0163768448,0.9933637326
2022-11-09 13:00:00+00:00,1.0139091743,0.9933468743
2022-11-09 13:30:00+00:00,1.0142328033,0.9933468743
2022-11-09 14:00:00+00:00,1.0136361125,0.9933468743
2022-11-09 14:30:00+00:00,1.0132012361,0.9933468743
2022-11-09 15:00:00+00:00,1.0154464117,0.9925860528
2022-11-09 15:30:00+00:00,1.0141721228,0.9933757878
2022-11-09 16:00:00+00:00,1.0160936695,0.9921388646
2022-11-09 16:30:00+00:00,1.0150621023,0.9928024144
2022-11-09 17:00:00+00:00,1.0141013289,0.9930792539
2022-11-09 17:30:00+00:00,1.0140912155,0.9930482629
2022-11-09 18:00:00+00:00,1.0133630504,0.9930482629
2022-11-09 18:30:00+00:00,1.0125944317,0.9930482629
2022-11-10 07:00:00+00:00,1.0100104072,0.9930482629
2022-11-10 07:30:00+00:00,1.0091524303,0.9930482629
2022-11-10 08:00:00+00:00,1.0093240257,0.9930482629
2022-11-10 08:30:00+00:00,1.0084963303,0.9930482629
2022-11-10 09:00:00+00:00,1.0071437549,0.9930482629
2022-11-10 09:30:00+00:00,1.0054984580,0.9930482629
2022-11-10 10:00:00+00:00,1.0035099705,0.9930482629
2022-11-10 10:30:00+00:00,1.0048625458,0.9930482629
2022-11-10 11:00:00+00:00,1.0046001059,0.9930482629
2022-11-10 11:30:00+00:00,1.0038127859,0.9930482629
2022-11-10 12:00:00+00:00,1.0038935366,0.9930482629
2022-11-10 12:30:00+00:00,1.0042569151,0.9930482629
2022-11-10 13:00:00+00:00,1.0052259243,0.9930482629
2022-11-10 13:30:00+00:00,1.0217697374,0.9930482629
2022-11-10 14:00:00+00:00,1.0239500082,0.9930482629
2022-11-10 14:30:00+00:00,1.0259284019,0.9930482629
2022-11-10 15:00:00+00:00,1.0269175988,0.9930482629
2022-11-10 15:30:00+00:00,1.0276645434,0.9930482629
2022-11-10 16:00:00+00:00,1.0255751173,0.9930482629
2022-11-10 16:30:00+00:00,1.0270084434,0.9930482629
2022-11-10 17:00:00+00:00,1.0253732404,0.9930482629
2022-11-10 17:30:00+00:00,1.0237986004,0.9930482629
2022-11-10 18:00:00+00:00,1.0245051697,0.9930482629
2022-11-10 18:30:00+00:00,1.0253631466,0.9930482629
2022-11-11 07:00:00+00:00,1.0268182599,0.9930482629
2022-11-11 07:30:00+00:00,1.0280827031,0.9930482629
2022-11-11 08:00:00+00:00,1.0280927384,0.9930482629
2022-11-11 08:30:00+00:00,1.0306617661,0.9930482629
2022-11-11 09:00:00+00:00,1.0285342902,0.9930482629
2022-11-11 09:30:00+00:00,1.0305413431,0.9930482629
2022-11-11 10:00:00+00:00,1.0292969703,0.9930482629
2022-11-11 10:30:00+00:00,1.0291966177,0.9930482629
2022-11-11 11:00:00+00:00,1.0309427536,0.9930482629
2022-11-11 11:30:00+00:00,1.0327290306,0.9930482629
2022-11-11 12:00:00+00:00,1.0336121339,0.9930482629
2022-11-11 12:30:00+00:00,1.0345353781,0.9930482629
2022-11-11 13:00:00+00:00,1.0349869650,0.9930482629
2022-11-11 13:30:00+00:00,1.0348364360,0.9930482629
2022-11-11 14:00:00+00:00,1.0333311464,0.9930482629
2022-11-11 14:30:00+00:00,1.0324380079,0.9930482629
2022-11-11 15:00:00+00:00,1.0348565066,0.9930482629
2022-11-11 15:30:00+00:00,1.0363015846,0.9930482629
2022-11-11 16:00:00+00:00,1.0357797509,0.9930482629
2022-11-11 16:30:00+00:00,1.0369438415,0.9930482629
2022-11-11 17:00:00+00:00,1.0376162042,0.9930482629
2022-11-11 17:30:00+00:00,1.0378470153,0.9930482629
2022-11-11 18:00:00+00:00,1.0388104007,0.9930482629
2022-11-11 18:30:00+00:00,1.0393723755,0.9930482629
2022-11-14 07:00:00+00:00,1.0388891759,0.9930482629
2022-11-14 07:30:00+00:00,1.0396643085,0.9930482629
2022-11-14 08:00:00+00:00,1.0402481747,0.9929024330
2022-11-14 08:30:00+00:00,1.0413555072,0.9924117016
2022-11-14 09:00:00+00:00,1.0389193759,0.9934404024
2022-11-14 09:30:00+00:00,1.0381543099,0.9937641837
2022-11-14 10:00:00+00:00,1.0373087107,0.9941224478
2022-11-14 10:30:00+00:00,1.0361611117,0.9944757459
2022-11-14 11:00:00+00:00,1.0351947125,0.9946696829
2022-11-14 11:30:00+00:00,1.0352551124,0.9946568474
2022-11-14 12:00:00+00:00,1.0352752458,0.9946525692
2022-11-14 12:30:00+00:00,1.0402985082,0.9941095497
2022-11-14 13:00:00+00:00,1.0386777763,0.9945089062
2022-11-14 13:30:00+00:00,1.0386777763,0.9944943509
2022-11-14 14:00:00+00:00,1.0377113771,0.9948881805
2022-11-14 14:30:00+00:00,1.0382147100,0.9946829957
2022-11-14 15:00:00+00:00,1.0396441755,0.9941010431
2022-11-14 15:30:00+00:00,1.0398857753,0.9940027976
2022-11-14 16:00:00+00:00,1.0409327077,0.9935774427
2022-11-14 16:30:00+00:00,1.0404696415,0.9937655052
2022-11-14 17:00:00+00:00,1.0410132410,0.9935447484
2022-11-14 17:30:00+00:00,1.0404495082,0.9937736846
2022-11-14 18:00:00+00:00,1.0422514400,0.9930425261
2022-11-14 18:30:00+00:00,1.0422212400,0.9930547653
2022-11-15 07:00:00+00:00,1.0460714636,0.9922547177
2022-11-15 07:30:00+00:00,1.0489742499,0.9913681989
2022-11-15 08:00:00+00:00,1.0486114016,0.9915029172
2022-11-15 08:30:00+00:00,1.0489742499,0.9913575086
2022-11-15 09:00:00+00:00,1.0477647556,0.9918424827
2022-11-15 09:30:00+00:00,1.0483291863,0.9916160623
2022-11-15 10:00:00+00:00,1.0496495509,0.9910870776
2022-11-15 10:30:00+00:00,1.0510505485,0.9907875200
2022-11-15 11:00:00+00:00,1.0508691243,0.9907651058
2022-11-15 11:30:00+00:00,1.0493572564,0.9907651058
2022-11-15 12:00:00+00:00,1.0490548829,0.9907651058
2022-11-15 12:30:00+00:00,1.0489742499,0.9907651058
2022-11-15 13:00:00+00:00,1.0478252303,0.9907651058
2022-11-15 13:30:00+00:00,1.0521088561,0.9907651058
2022-11-15 14:00:00+00:00,1.0499216872,0.9907651058
2022-11-15 14:30:00+00:00,1.0482687116,0.9907651058
2022-11-15 15:00:00+00:00,1.0482082369,0.9907651058
2022-11-15 15:30:00+00:00,1.0450232353,0.9907651058
2022-11-15 16:00:00+00:00,1.0461722549,0.9907651058
2022-11-15 16:30:00+00:00,1.0453558463,0.9907651058
2022-11-15 17:00:00+00:00,1.0454868748,0.9907651058
2022-11-15 17:30:00+00:00,1.0467266064,0.9907651058
2022-11-15 18:00:00+00:00,1.0407093722,0.9907651058
2022-11-15 18:30:00+00:00,1.0390967131,0.9907651058
2022-11-16 07:00:00+00:00,1.0395872923,0.9907651058
2022-11-16 07:30:00+00:00,1.0414995498,0.9907651058
2022-11-16 08:00:00+00:00,1.0410590297,0.9907651058
2022-11-16 08:30:00+00:00,1.0418399516,0.9907651058
2022-11-16 09:00:00+00:00,1.0424306490,0.9907651058
2022-11-16 09:30:00+00:00,1.0432315946,0.9907651058
2022-11-16 10:00:00+00:00,1.0438923746,0.9907651058
2022-11-16 10:30:00+00:00,1.0440525637,0.9907651058
2022-11-16 11:00:00+00:00,1.0439924928,0.9907651058
2022-11-16 11:30:00+00:00,1.0428911927,0.9907651058
2022-11-16 12:00:00+00:00,1.0429012045,0.9907651058
2022-11-16 12:30:00+00:00,1.0431915472,0.9907651058
2022-11-16 13:00:00+00:00,1.0426509090,0.9907651058
2022-11-16 13:30:00+00:00,1.0403281669,0.9907651058
2022-11-16 14:00:00+00:00,1.0413493725,0.9907651058
2022-11-16 14:30:00+00:00,1.0400578479,0.9907651058
2022-11-16 15:00:00+00:00,1.0393670323,0.9907651058
2022-11-16 15:30:00+00:00,1.0416096798,0.9907651058
2022-11-16 16:00:00+00:00,1.0418099162,0.9907651058
2022-11-16 16:30:00+00:00,1.0406785805,0.9907651058
2022-11-16 17:00:00+00:00,1.0403882378,0.9907651058
2022-11-16 17:30:00+00:00,1.0396273395,0.9907651058
2022-11-16 18:00:00+00:00,1.0378652593,0.9907651058
2022-11-16 18:30:00+00:00,1.0379053066,0.9907651058
2022-11-17 07:00:00+00:00,1.0366463676,0.9907651058
2022-11-17 07:30:00+00:00,1.0384048856,0.9907651058
2022-11-17 08:00:00+00:00,1.0383449361,0.9907651058
2022-11-17 08:30:00+00:00,1.0377554329,0.9907651058
2022-11-17 09:00:00+00:00,1.0371859129,0.9907651058
2022-11-17 09:30:00+00:00,1.0355173191,0.9907651058
2022-11-17 10:00:00+00:00,1.0360368812,0.9907651058
2022-11-17 10:30:00+00:00,1.0329295000,0.9907651058
2022-11-17 11:00:00+00:00,1.0330993569,0.9907651058
2022-11-17 11:30:00+00:00,1.0337887759,0.9907651058
2022-11-17 12:00:00+00:00,1.0337088432,0.9907651058
2022-11-17 12:30:00+00:00,1.0323899547,0.9907651058
2022-11-17 13:00:00+00:00,1.0324698873,0.9907651058
2022-11-17 13:30:00+00:00,1.0303716556,0.9907651058
2022-11-17 14:00:00+00:00,1.0318504093,0.9907651058
2022-11-17 14:30:00+00:00,1.0326297525,0.9907651058
2022-11-17 15:00:00+00:00,1.0340785316,0.9907651058
2022-11-17 15:30:00+00:00,1.0320102746,0.9907651058
2022-11-17 16:00:00+00:00,1.0317904598,0.9908019181
2022-11-17 16:30:00+00:00,1.0330493989,0.9900230892
2022-11-17 17:00:00+00:00,1.0329594746,0.9900764255
2022-11-17 17:30:00+00:00,1.0341484726,0.9893718081
2022-11-17 18:00:00+00:00,1.0350477148,0.9888397747
2022-11-17 18:30:00+00:00,1.0357071590,0.9884500922
2022-11-18 07:00:00+00:00,1.0356772132,0.9884261774
2022-11-18 07:30:00+00:00,1.0356772132,0.9883934201
2022-11-18 08:00:00+00:00,1.0330519604,0.9883934201
2022-11-18 08:30:00+00:00,1.0338305525,0.9883934201
2022-11-18 09:00:00+00:00,1.0362461843,0.9883934201
2022-11-18 09:30:00+00:00,1.0362861121,0.9883934201
2022-11-18 10:00:00+00:00,1.0343496139,0.9883934201
2022-11-18 10:30:00+00:00,1.0350483504,0.9883934201
2022-11-18 11:00:00+00:00,1.0351481699,0.9883934201
2022-11-18 11:30:00+00:00,1.0347688558,0.9883934201
2022-11-18 12:00:00+00:00,1.0365855707,0.9883934201
2022-11-18 12:30:00+00:00,1.0342697582,0.9883934201
2022-11-18 13:00:00+00:00,1.0360265814,0.9883934201
2022-11-18 13:30:00+00:00,1.0345891805,0.9883934201
2022-11-18 14:00:00+00:00,1.0339802816,0.9883934201
2022-11-18 14:30:00+00:00,1.0316145595,0.9890603469
2022-11-18 15:00:00+00:00,1.0333015090,0.9880255705
2022-11-18 15:30:00+00:00,1.0345692167,0.9872722744
2022-11-18 16:00:00+00:00,1.0339902636,0.9876161135
2022-11-18 16:30:00+00:00,1.0329621228,0.9882274947
2022-11-18 17:00:00+00:00,1.0318641083,0.9885244071
2022-11-18 17:30:00+00:00,1.0314748123,0.9884928679
2022-11-18 18:00:00+00:00,1.0317742708,0.9884928679
2022-11-18 18:30:00+00:00,1.0312552094,0.9884928679
2022-11-21 07:00:00+00:00,1.0317176016,0.9884928679
2022-11-21 07:30:00+00:00,1.0308631813,0.9884928679
2022-11-21 08:00:00+00:00,1.0320191617,0.9884928679
2022-11-21 08:30:00+00:00,1.0308129212,0.9884928679
2022-11-21 09:00:00+00:00,1.0287924684,0.9884928679
2022-11-21 09:30:00+00:00,1.0279983600,0.9884928679
2022-11-21 10:00:00+00:00,1.0289432484,0.9884928679
2022-11-21 10:30:00+00:00,1.0293453286,0.9884928679
2022-11-21 11:00:00+00:00,1.0292850166,0.9884928679
2022-11-21 11:30:00+00:00,1.0287824163,0.9884928679
2022-11-21 12:00:00+00:00,1.0292448085,0.9884928679
2022-11-21 12:30:00+00:00,1.0293051205,0.9884928679
2022-11-21 13:00:00+00:00,1.0305917770,0.9884928679
2022-11-21 13:30:00+00:00,1.0307727131,0.9884928679
2022-11-21 14:00:00+00:00,1.0301394368,0.9884928679
2022-11-21 14:30:00+00:00,1.0309335452,0.9884928679
2022-11-21 15:00:00+00:00,1.0301494889,0.9884928679
2022-11-21 15:30:00+00:00,1.0292950685,0.9884928679
2022-11-21 16:00:00+00:00,1.0295966286,0.9884928679
2022-11-21 16:30:00+00:00,1.0290638724,0.9884928679
2022-11-21 17:00:00+00:00,1.0278777359,0.9884928679
2022-11-21 17:30:00+00:00,1.0285813762,0.9884928679
2022-11-21 18:00:00+00:00,1.0289633523,0.9884928679
2022-11-21 18:30:00+00:00,1.0288226243,0.9884928679
2022-11-22 07:00:00+00:00,1.0290234211,0.9884928679
2022-11-22 07:30:00+00:00,1.0306900346,0.9884928679
2022-11-22 08:00:00+00:00,1.0313827836,0.9884928679
2022-11-22 08:30:00+00:00,1.0312522657,0.9884928679
2022-11-22 09:00:00+00:00,1.0306197557,0.9884928679
2022-11-22 09:30:00+00:00,1.0309711502,0.9884928679
2022-11-22 10:00:00+00:00,1.0321658912,0.9884928679
2022-11-22 10:30:00+00:00,1.0321357716,0.9884928679
2022-11-22 11:00:00+00:00,1.0327783215,0.9884928679
2022-11-22 11:30:00+00:00,1.0311117080,0.9891077712
2022-11-22 12:00:00+00:00,1.0300474848,0.9899051266
2022-11-22 12:30:00+00:00,1.0312422258,0.9889678503
2022-11-22 13:00:00+00:00,1.0313727438,0.9888655784
2022-11-22 13:30:00+00:00,1.0301378433,0.9898341712
2022-11-22 14:00:00+00:00,1.0303386401,0.9896765328
2022-11-22 14:30:00+00:00,1.0306297955,0.9894480563
2022-11-22 15:00:00+00:00,1.0321558512,0.9882524401
2022-11-22 15:30:00+00:00,1.0324269269,0.9880403968
2022-11-22 16:00:00+00:00,1.0315735405,0.9887082828
2022-11-22 16:30:00+00:00,1.0315936202,0.9886925563
2022-11-22 17:00:00+00:00,1.0315534608,0.9887240099
2022-11-22 17:30:00+00:00,1.0336819071,0.9878541951
2022-11-22 18:00:00+00:00,1.0337622258,0.9877888774
2022-11-22 18:30:00+00:00,1.0346256521,0.9870800378
2022-11-23 07:00:00+00:00,1.0350061986,0.9868881172
2022-11-23 07:30:00+00:00,1.0358073490,0.9868499513
2022-11-23 08:00:00+00:00,1.0345855947,0.9868499513
2022-11-23 08:30:00+00:00,1.0328631214,0.9868499513
2022-11-23 09:00:00+00:00,1.0329632652,0.9868499513
2022-11-23 09:30:00+00:00,1.0340147750,0.9868499513
2022-11-23 10:00:00+00:00,1.0312708348,0.9868499513
2022-11-23 10:30:00+00:00,1.0326828624,0.9868499513
2022-11-23 11:00:00+00:00,1.0332436677,0.9868499513
2022-11-23 11:30:00+00:00,1.0334639841,0.9868499513
2022-11-23 12:00:00+00:00,1.0334038978,0.9868499513
2022-11-23 12:30:00+00:00,1.0338245017,0.9868499513
2022-11-23 13:00:00+00:00,1.0338445305,0.9868499513
2022-11-23 13:30:00+00:00,1.0346857384,0.9868499513
2022-11-23 14:00:00+00:00,1.0345255083,0.9868499513
2022-11-23 14:30:00+00:00,1.0383510014,0.9868499513
2022-11-23 15:00:00+00:00,1.0369289594,0.9868499513
2022-11-23 15:30:00+00:00,1.0391321230,0.9868499513
2022-11-23 16:00:00+00:00,1.0376900523,0.9868499513
2022-11-23 16:30:00+00:00,1.0378502824,0.9868499513
2022-11-23 17:00:00+00:00,1.0378903399,0.9868499513
2022-11-23 17:30:00+00:00,1.0378903399,0.9868499513
2022-11-23 18:00:00+00:00,1.0383710301,0.9868499513
2022-11-23 18:30:00+00:00,1.0390319792,0.9868499513
2022-11-24 07:00:00+00:00,1.0393208621,0.9868499513
2022-11-24 07:30:00+00:00,1.0376074879,0.9868499513
2022-11-24 08:00:00+00:00,1.0368504156,0.9868499513
2022-11-24 08:30:00+00:00,1.0366113401,0.9868499513
2022-11-24 09:00:00+00:00,1.0378067175,0.9868499513
2022-11-24 09:30:00+00:00,1.0379362167,0.9868499513
2022-11-24 10:00:00+00:00,1.0364718795,0.9868499513
2022-11-24 10:30:00+00:00,1.0365416098,0.9868499513
2022-11-24 11:00:00+00:00,1.0343600462,0.9868499513
2022-11-24 11:30:00+00:00,1.0364718795,0.9868499513
2022-11-24 12:00:00+00:00,1.0362527270,0.9868499513
2022-11-24 12:30:00+00:00,1.0372090289,0.9868499513
2022-11-24 13:00:00+00:00,1.0371392985,0.9868499513
2022-11-24 13:30:00+00:00,1.0382749070,0.9868499513
2022-11-24 14:00:00+00:00,1.0386634047,0.9868499513
2022-11-24 14:30:00+00:00,1.0382051767,0.9868499513
2022-11-24 15:00:00+00:00,1.0369500304,0.9868499513
2022-11-24 15:30:00+00:00,1.0369500304,0.9868499513
2022-11-24 16:00:00+00:00,1.0365714943,0.9868499513
2022-11-24 16:30:00+00:00,1.0367109550,0.9868499513
2022-11-24 17:00:00+00:00,1.0366711090,0.9868499513
2022-11-24 17:30:00+00:00,1.0369101845,0.9868499513
2022-11-24 18:00:00+00:00,1.0363324188,0.9868499513
2022-11-24 18:30:00+00:00,1.0365515713,0.9868499513
2022-11-25 07:00:00+00:00,1.0364322010,0.9868499513
2022-11-25 07:30:00+00:00,1.0354573440,0.9868499513
2022-11-25 08:00:00+00:00,1.0366311515,0.9868499513
2022-11-25 08:30:00+00:00,1.0367903118,0.9868499513
2022-11-25 09:00:00+00:00,1.0357557696,0.9868499513
2022-11-25 09:30:00+00:00,1.0338955832,0.9868499513
2022-11-25 10:00:00+00:00,1.0365117812,0.9868499513
2022-11-25 10:30:00+00:00,1.0360144052,0.9868499513
2022-11-25 11:00:00+00:00,1.0350494957,0.9868499513
2022-11-25 11:30:00+00:00,1.0335573675,0.9868499513
2022-11-25 12:00:00+00:00,1.0337563179,0.9868499513
2022-11-25 12:30:00+00:00,1.0324332976,0.9868499513
2022-11-25 13:00:00+00:00,1.0310207496,0.9868499513
2022-11-25 13:30:00+00:00,1.0318364463,0.9868499513
2022-11-25 14:00:00+00:00,1.0307621141,0.9868499513
2022-11-25 14:30:00+00:00,1.0327118281,0.9868499513
2022-11-25 15:00:00+00:00,1.0333882596,0.9868499513
2022-11-25 15:30:00+00:00,1.0352186034,0.9868499513
2022-11-25 16:00:00+00:00,1.0340447958,0.9868499513
2022-11-25 16:30:00+00:00,1.0346615421,0.9868499513
2022-11-25 17:00:00+00:00,1.0351987083,0.9868499513
2022-11-25 17:30:00+00:00,1.0351390231,0.9868499513
2022-11-25 18:00:00+00:00,1.0348008074,0.9868499513
2022-11-25 18:30:00+00:00,1.0347013322,0.9868499513
2022-11-28 07:00:00+00:00,1.0351003763,0.9868499513
2022-11-28 07:30:00+00:00,1.0349208065,0.9868499513
2022-11-28 08:00:00+00:00,1.0381730156,0.9868499513
2022-11-28 08:30:00+00:00,1.0414052727,0.9868499513
2022-11-28 09:00:00+00:00,1.0423230741,0.9868499513
2022-11-28 09:30:00+00:00,1.0422831697,0.9868499513
2022-11-28 10:00:00+00:00,1.0448370518,0.9868499513
2022-11-28 10:30:00+00:00,1.0449168606,0.9868499513
2022-11-28 11:00:00+00:00,1.0461938017,0.9868499513
2022-11-28 11:30:00+00:00,1.0449368128,0.9868499513
2022-11-28 12:00:00+00:00,1.0442384856,0.9868499513
2022-11-28 12:30:00+00:00,1.0448170996,0.9868499513
2022-11-28 13:00:00+00:00,1.0423729546,0.9868499513
2022-11-28 13:30:00+00:00,1.0437995371,0.9868499513
2022-11-28 14:00:00+00:00,1.0412057505,0.9868499513
2022-11-28 14:30:00+00:00,1.0405173995,0.9868499513
2022-11-28 15:00:00+00:00,1.0387117250,0.9868499513
2022-11-28 15:30:00+00:00,1.0373549752,0.9868499513
2022-11-28 16:00:00+00:00,1.0358585599,0.9868499513
2022-11-28 16:30:00+00:00,1.0360481059,0.9868499513
2022-11-28 17:00:00+00:00,1.0349706869,0.9868499513
2022-11-28 17:30:00+00:00,1.0345018101,0.9868499513
2022-11-28 18:00:00+00:00,1.0332847256,0.9868499513
2022-11-28 18:30:00+00:00,1.0336638175,0.9868499513
2022-11-29 07:00:00+00:00,1.0347314973,0.9868499513
2022-11-29 07:30:00+00:00,1.0358889820,0.9868499513
2022-11-29 08:00:00+00:00,1.0344521044,0.9868499513
2022-11-29 08:30:00+00:00,1.0360685917,0.9868499513
2022-11-29 09:00:00+00:00,1.0350607818,0.9868499513
2022-11-29 09:30:00+00:00,1.0342325815,0.9868499513
2022-11-29 10:00:00+00:00,1.0354100229,0.9868499513
2022-11-29 10:30:00+00:00,1.0360087219,0.9868499513
2022-11-29 11:00:00+00:00,1.0351705433,0.9868499513
2022-11-29 11:30:00+00:00,1.0360087219,0.9868499513
2022-11-29 12:00:00+00:00,1.0344920177,0.9873558862
2022-11-29 12:30:00+00:00,1.0352902831,0.9867459240
2022-11-29 13:00:00+00:00,1.0338933187,0.9877416356
2022-11-29 13:30:00+00:00,1.0307800838,0.9893928280
2022-11-29 14:00:00+00:00,1.0308000404,0.9893576873
2022-11-29 14:30:00+00:00,1.0317479806,0.9893225725
2022-11-29 15:00:00+00:00,1.0344521044,0.9893225725
2022-11-29 15:30:00+00:00,1.0333744462,0.9893225725
2022-11-29 16:00:00+00:00,1.0317280240,0.9893225725
2022-11-29 16:30:00+00:00,1.0332746631,0.9893225725
2022-11-29 17:00:00+00:00,1.0314785662,0.9893225725
2022-11-29 17:30:00+00:00,1.0317878940,0.9893225725
2022-11-29 18:00:00+00:00,1.0310694552,0.9893225725
2022-11-29 18:30:00+00:00,1.0315484144,0.9893225725
2022-11-30 07:00:00+00:00,1.0324859499,0.9893225725
2022-11-30 07:30:00+00:00,1.0324061596,0.9893225725
2022-11-30 08:00:00+00:00,1.0324261072,0.9893225725
2022-11-30 08:30:00+00:00,1.0341615453,0.9893225725
2022-11-30 09:00:00+00:00,1.0345206015,0.9893225725
2022-11-30 09:30:00+00:00,1.0331442195,0.9893225725
2022-11-30 10:00:00+00:00,1.0339620697,0.9893225725
2022-11-30 10:30:00+00:00,1.0326854256,0.9893225725
2022-11-30 11:00:00+00:00,1.0331442196,0.9893225725
2022-11-30 11:30:00+00:00,1.0332040622,0.9893225725
2022-11-30 12:00:00+00:00,1.0336828038,0.9893225725
2022-11-30 12:30:00+00:00,1.0341415978,0.9893225725
2022-11-30 13:00:00+00:00,1.0357573505,0.9893225725
2022-11-30 13:30:00+00:00,1.0331940883,0.9893225725
2022-11-30 14:00:00+00:00,1.0353783466,0.9893225725
2022-11-30 14:30:00+00:00,1.0358171931,0.9893225725
2022-11-30 15:00:00+00:00,1.0308901447,0.9893225725
2022-11-30 15:30:00+00:00,1.0271699238,0.9893225725
2022-11-30 16:00:00+00:00,1.0287757027,0.9893225725
2022-11-30 16:30:00+00:00,1.0294738675,0.9893225725
2022-11-30 17:00:00+00:00,1.0303415865,0.9893225725
2022-11-30 17:30:00+00:00,1.0287956503,0.9893225725
2022-11-30 18:00:00+00:00,1.0286859387,0.9893225725
2022-11-30 18:30:00+00:00,1.0345006538,0.9893225725
2022-12-01 07:00:00+00:00,1.0337685231,0.9893225725
2022-12-01 07:30:00+00:00,1.0292965899,0.9893225725
2022-12-01 08:00:00+00:00,1.0300287206,0.9893225725
2022-12-01 08:30:00+00:00,1.0333134149,0.9893225725
2022-12-01 09:00:00+00:00,1.0328780939,0.9893225725
2022-12-01 09:30:00+00:00,1.0330561798,0.9893225725
2022-12-01 10:00:00+00:00,1.0331749037,0.9893225725
2022-12-01 10:30:00+00:00,1.0309389370,0.9893225725
2022-12-01 11:00:00+00:00,1.0323240491,0.9893225725
2022-12-01 11:30:00+00:00,1.0326604335,0.9893225725
2022-12-01 12:00:00+00:00,1.0338575661,0.9893225725
2022-12-01 12:30:00+00:00,1.0333727769,0.9893225725
2022-12-01 13:00:00+00:00,1.0359352343,0.9893225725
2022-12-01 13:30:00+00:00,1.0377853484,0.9893225725
2022-12-01 14:00:00+00:00,1.0393386527,0.9893225725
2022-12-01 14:30:00+00:00,1.0411294048,0.9893225725
2022-12-01 15:00:00+00:00,1.0380821582,0.9893225725
2022-12-01 15:30:00+00:00,1.0375874753,0.9893225725
2022-12-01 16:00:00+00:00,1.0379238596,0.9893225725
2022-12-01 16:30:00+00:00,1.0385570537,0.9893225725
2022-12-01 17:00:00+00:00,1.0387450332,0.9893225725
2022-12-01 17:30:00+00:00,1.0395464195,0.9893225725
2022-12-01 18:00:00+00:00,1.0396255688,0.9893225725
2022-12-01 18:30:00+00:00,1.0396057815,0.9893225725
2022-12-02 07:00:00+00:00,1.0396452802,0.9893225725
2022-12-02 07:30:00+00:00,1.0397637763,0.9893225725
2022-12-02 08:00:00+00:00,1.0397045282,0.9893225725
2022-12-02 08:30:00+00:00,1.0403562568,0.9893225725
2022-12-02 09:00:00+00:00,1.0394675360,0.9893225725
2022-12-02 09:30:00+00:00,1.0397934003,0.9893225725
2022-12-02 10:00:00+00:00,1.0395070347,0.9893225725
2022-12-02 10:30:00+00:00,1.0397341522,0.9893225725
2022-12-02 11:00:00+00:00,1.0399810191,0.9893225725
2022-12-02 11:30:00+00:00,1.0405340009,0.9893225725
2022-12-02 12:00:00+00:00,1.0402575100,0.9893225725
2022-12-02 12:30:00+00:00,1.0405734996,0.9893225725
2022-12-02 13:00:00+00:00,1.0405241262,0.9893225725
2022-12-02 13:30:00+00:00,1.0331279949,0.9893225725
2022-12-02 14:00:00+00:00,1.0351325539,0.9893225725
2022-12-02 14:30:00+00:00,1.0339377183,0.9893225725
2022-12-02 15:00:00+00:00,1.0325355145,0.9893225725
2022-12-02 15:30:00+00:00,1.0342142092,0.9893225725
2022-12-02 16:00:00+00:00,1.0359324026,0.9893225725
2022-12-02 16:30:00+00:00,1.0387960585,0.9893225725
2022-12-02 17:00:00+00:00,1.0398230247,0.9893225725
2022-12-02 17:30:00+00:00,1.0393786643,0.9893225725
2022-12-02 18:00:00+00:00,1.0396057818,0.9893225725
2022-12-02 18:30:00+00:00,1.0387466851,0.9893225725
2022-12-05 07:00:00+00:00,1.0376459222,0.9893225725
2022-12-05 07:30:00+00:00,1.0358178696,0.9893225725
2022-12-05 08:00:00+00:00,1.0361323733,0.9893225725
2022-12-05 08:30:00+00:00,1.0373215903,0.9893225725
2022-12-05 09:00:00+00:00,1.0378228306,0.9893225725
2022-12-05 09:30:00+00:00,1.0378031741,0.9893225725
2022-12-05 10:00:00+00:00,1.0346974503,0.9893225725
2022-12-05 10:30:00+00:00,1.0355426789,0.9893225725
2022-12-05 11:00:00+00:00,1.0374493575,0.9893225725
2022-12-05 11:30:00+00:00,1.0383142426,0.9893225725
2022-12-05 12:00:00+00:00,1.0385796050,0.9893225725
2022-12-05 12:30:00+00:00,1.0407909590,0.9893225725
2022-12-05 13:00:00+00:00,1.0406140507,0.9893225725
2022-12-05 13:30:00+00:00,1.0384223531,0.9893225725
2022-12-05 14:00:00+00:00,1.0377245481,0.9893225725
2022-12-05 14:30:00+00:00,1.0368694912,0.9893225725
2022-12-05 15:00:00+00:00,1.0347957325,0.9893225725
2022-12-05 15:30:00+00:00,1.0344419158,0.9893225725
2022-12-05 16:00:00+00:00,1.0333804660,0.9893225725
2022-12-05 16:30:00+00:00,1.0313067075,0.9893225725
2022-12-05 17:00:00+00:00,1.0331642448,0.9893225725
2022-12-05 17:30:00+00:00,1.0315327570,0.9893225725
2022-12-05 18:00:00+00:00,1.0323779857,0.9893225725
2022-12-05 18:30:00+00:00,1.0317096654,0.9893225725
2022-12-06 07:00:00+00:00,1.0312668504,0.9893225725
2022-12-06 07:30:00+00:00,1.0323099257,0.9893225725
2022-12-06 08:00:00+00:00,1.0321524803,0.9893225725
2022-12-06 08:30:00+00:00,1.0323099257,0.9893225725
2022-12-06 09:00:00+00:00,1.0320147157,0.9893225725
2022-12-06 09:30:00+00:00,1.0326740180,0.9893225725
2022-12-06 10:00:00+00:00,1.0338745386,0.9893225725
2022-12-06 10:30:00+00:00,1.0333923623,0.9893225725
2022-12-06 11:00:00+00:00,1.0341795889,0.9893225725
2022-12-06 11:30:00+00:00,1.0348979332,0.9893225725
2022-12-06 12:00:00+00:00,1.0361082941,0.9893225725
2022-12-06 12:30:00+00:00,1.0357540421,0.9893225725
2022-12-06 13:00:00+00:00,1.0351439415,0.9893225725
2022-12-06 13:30:00+00:00,1.0345732022,0.9893225725
2022-12-06 14:00:00+00:00,1.0340024629,0.9893225725
2022-12-06 14:30:00+00:00,1.0333333203,0.9893225725
2022-12-06 15:00:00+00:00,1.0322705643,0.9893225725
2022-12-06 15:30:00+00:00,1.0331365136,0.9893225725
2022-12-06 16:00:00+00:00,1.0349668155,0.9893225725
2022-12-06 16:30:00+00:00,1.0328019424,0.9893225725
2022-12-06 17:00:00+00:00,1.0322804048,0.9893225725
2022-12-06 17:30:00+00:00,1.0314636572,0.9893225725
2022-12-06 18:00:00+00:00,1.0301056913,0.9893225725
2022-12-06 18:30:00+00:00,1.0296727167,0.9893225725
2022-12-07 07:00:00+00:00,1.0305595841,0.9893225725
2022-12-07 07:30:00+00:00,1.0307172494,0.9893225725
2022-12-07 08:00:00+00:00,1.0311705371,0.9893225725
2022-12-07 08:30:00+00:00,1.0325106922,0.9893225725
2022-12-07 09:00:00+00:00,1.0326880657,0.9892304319
2022-12-07 09:30:00+00:00,1.0323333188,0.9894228626
2022-12-07 10:00:00+00:00,1.0333975596,0.9887402512
2022-12-07 10:30:00+00:00,1.0346588821,0.9879327488
2022-12-07 11:00:00+00:00,1.0346884443,0.9879138427
2022-12-07 11:30:00+00:00,1.0336340576,0.9885887192
2022-12-07 12:00:00+00:00,1.0352796893,0.9875359095
2022-12-07 12:30:00+00:00,1.0382851842,0.9865442137
2022-12-07 13:00:00+00:00,1.0370238617,0.9871290069
2022-12-07 13:30:00+00:00,1.0388567209,0.9859499055
2022-12-07 14:00:00+00:00,1.0368267800,0.9872359465
2022-12-07 14:30:00+00:00,1.0363734922,0.9875236940
2022-12-07 15:00:00+00:00,1.0370435697,0.9870984023
2022-12-07 15:30:00+00:00,1.0350924615,0.9883380284
2022-12-07 16:00:00+00:00,1.0338015767,0.9889387516
2022-12-07 16:30:00+00:00,1.0350530451,0.9885242354
2022-12-07 17:00:00+00:00,1.0362256809,0.9883202996
2022-12-07 17:30:00+00:00,1.0364621789,0.9883044010
2022-12-07 18:00:00+00:00,1.0364621789,0.9883044010
2022-12-07 18:30:00+00:00,1.0357231227,0.9883044010
2022-12-08 07:00:00+00:00,1.0363831641,0.9883044010
2022-12-08 07:30:00+00:00,1.0369348405,0.9883044010
2022-12-08 08:00:00+00:00,1.0363634614,0.9883044010
2022-12-08 08:30:00+00:00,1.0370333541,0.9883044010
2022-12-08 09:00:00+00:00,1.0350039732,0.9883044010
2022-12-08 09:30:00+00:00,1.0338612150,0.9883044010
2022-12-08 10:00:00+00:00,1.0339006204,0.9883044010
2022-12-08 10:30:00+00:00,1.0357132714,0.9883044010
2022-12-08 11:00:00+00:00,1.0346197700,0.9883044010
2022-12-08 11:30:00+00:00,1.0352207031,0.9883044010
2022-12-08 12:00:00+00:00,1.0362550963,0.9883044010
2022-12-08 12:30:00+00:00,1.0362452450,0.9883044010
2022-12-08 13:00:00+00:00,1.0363930154,0.9883044010
2022-12-08 13:30:00+00:00,1.0364225695,0.9883044010
2022-12-08 14:00:00+00:00,1.0372303813,0.9883044010
2022-12-08 14:30:00+00:00,1.0382352204,0.9883044010
2022-12-08 15:00:00+00:00,1.0387671941,0.9883044010
2022-12-08 15:30:00+00:00,1.0388460050,0.9883044010
2022-12-08 16:00:00+00:00,1.0389839241,0.9883044010
2022-12-08 16:30:00+00:00,1.0394567895,0.9883044010
2022-12-08 17:00:00+00:00,1.0389051132,0.9883044010
2022-12-08 17:30:00+00:00,1.0387573427,0.9883044010
2022-12-08 18:00:00+00:00,1.0393779786,0.9883044010
2022-12-08 18:30:00+00:00,1.0400971281,0.9883044010
2022-12-09 07:00:00+00:00,1.0397824270,0.9883044010
2022-12-09 07:30:00+00:00,1.0393005408,0.9883044010
2022-12-09 08:00:00+00:00,1.0392218656,0.9883044010
2022-12-09 08:30:00+00:00,1.0386121321,0.9883044010
2022-12-09 09:00:00+00:00,1.0375106781,0.9883044010
2022-12-09 09:30:00+00:00,1.0382384245,0.9879797923
2022-12-09 10:00:00+00:00,1.0381007427,0.9880539828
2022-12-09 10:30:00+00:00,1.0383761062,0.9878340528
2022-12-09 11:00:00+00:00,1.0383957750,0.9878183476
2022-12-09 11:30:00+00:00,1.0378942201,0.9882190008
2022-12-09 12:00:00+00:00,1.0388678268,0.9874415872
2022-12-09 12:30:00+00:00,1.0381400804,0.9880225577
2022-12-09 13:00:00+00:00,1.0385236224,0.9877162772
2022-12-09 13:30:00+00:00,1.0364485617,0.9889407702
2022-12-09 14:00:00+00:00,1.0362715423,0.9889947118
2022-12-09 14:30:00+00:00,1.0359765100,0.9891129045
2022-12-09 15:00:00+00:00,1.0348848903,0.9895506335
2022-12-09 15:30:00+00:00,1.0366157467,0.9888568807
2022-12-09 16:00:00+00:00,1.0368812758,0.9887505982
2022-12-09 16:30:00+00:00,1.0374516716,0.9886195703
2022-12-09 17:00:00+00:00,1.0358486626,0.9894724368
2022-12-09 17:30:00+00:00,1.0370779640,0.9883306417
2022-12-09 18:00:00+00:00,1.0374910092,0.9879581532
2022-12-09 18:30:00+00:00,1.0374811748,0.9879670186
2022-12-12 07:00:00+00:00,1.0382107817,0.9875956820
2022-12-12 07:30:00+00:00,1.0378558378,0.9878172398
2022-12-12 08:00:00+00:00,1.0382896581,0.9873991375
2022-12-12 08:30:00+00:00,1.0397094335,0.9861014381
2022-12-12 09:00:00+00:00,1.0399460627,0.9858854929
2022-12-12 09:30:00+00:00,1.0411094898,0.9853165153
2022-12-12 10:00:00+00:00,1.0408334223,0.9854840117
2022-12-12 10:30:00+00:00,1.0416221865,0.9847524672
2022-12-12 11:00:00+00:00,1.0417405011,0.9846456802
2022-12-12 11:30:00+00:00,1.0417405011,0.9846456802
2022-12-12 12:00:00+00:00,1.0422531978,0.9841832102
2022-12-12 12:30:00+00:00,1.0407348268,0.9855541263
2022-12-12 13:00:00+00:00,1.0421940404,0.9842365495
2022-12-12 13:30:00+00:00,1.0423123550,0.9841298770
2022-12-12 14:00:00+00:00,1.0411292088,0.9851976686
2022-12-12 14:30:00+00:00,1.0407348267,0.9855541264
2022-12-12 15:00:00+00:00,1.0407348267,0.9855157441
2022-12-12 15:30:00+00:00,1.0375994894,0.9854772759
2022-12-12 16:00:00+00:00,1.0381713434,0.9854772759
2022-12-12 16:30:00+00:00,1.0396206975,0.9854772759
2022-12-12 17:00:00+00:00,1.0383290962,0.9854772759
2022-12-12 17:30:00+00:00,1.0386248828,0.9854772759
2022-12-12 18:00:00+00:00,1.0373037029,0.9854772759
2022-12-12 18:30:00+00:00,1.0374713153,0.9854772759
2022-12-13 07:00:00+00:00,1.0381992273,0.9854772759
2022-12-13 07:30:00+00:00,1.0379139645,0.9854772759
2022-12-13 08:00:00+00:00,1.0375303352,0.9854772759
2022-12-13 08:30:00+00:00,1.0375204985,0.9854772759
2022-12-13 09:00:00+00:00,1.0364483039,0.9854772759
2022-12-13 09:30:00+00:00,1.0371368693,0.9854772759
2022-12-13 10:00:00+00:00,1.0362220610,0.9854772759
2022-12-13 10:30:00+00:00,1.0363302641,0.9854772759
2022-12-13 11:00:00+00:00,1.0371762159,0.9854772759
2022-12-13 11:30:00+00:00,1.0363696107,0.9854772759
2022-12-13 12:00:00+00:00,1.0374516421,0.9854772759
2022-12-13 12:30:00+00:00,1.0376287018,0.9854772759
2022-12-13 13:00:00+00:00,1.0385238368,0.9854772759
2022-12-13 13:30:00+00:00,1.0472489444,0.9854772759
2022-12-13 14:00:00+00:00,1.0485473820,0.9854772759
2022-12-13 14:30:00+00:00,1.0471800879,0.9854772759
2022-12-13 15:00:00+00:00,1.0456750806,0.9854772759
2022-12-13 15:30:00+00:00,1.0462652796,0.9854772759
2022-12-13 16:00:00+00:00,1.0483506490,0.9854772759
2022-12-13 16:30:00+00:00,1.0455865508,0.9854772759
2022-12-13 17:00:00+00:00,1.0449471686,0.9854772759
2022-12-13 17:30:00+00:00,1.0441208902,0.9854772759
2022-12-13 18:00:00+00:00,1.0449471686,0.9854772759
2022-12-13 18:30:00+00:00,1.0446914158,0.9854772759
2022-12-14 07:00:00+00:00,1.0431888279,0.9854772759
2022-12-14 07:30:00+00:00,1.0439548531,0.9854772759
2022-12-14 08:00:00+00:00,1.0440432406,0.9854772759
2022-12-14 08:30:00+00:00,1.0451431743,0.9854772759
2022-12-14 09:00:00+00:00,1.0462529288,0.9854772759
2022-12-14 09:30:00+00:00,1.0471171623,0.9854772759
2022-12-14 10:00:00+00:00,1.0473725041,0.9854772759
2022-12-14 10:30:00+00:00,1.0478635458,0.9854772759
2022-12-14 11:00:00+00:00,1.0463805997,0.9854772759
2022-12-14 11:30:00+00:00,1.0460957954,0.9854772759
2022-12-14 12:00:00+00:00,1.0457029620,0.9854772759
2022-12-14 12:30:00+00:00,1.0454869036,0.9854772759
2022-12-14 13:00:00+00:00,1.0453690535,0.9854772759
2022-12-14 13:30:00+00:00,1.0455851119,0.9854772759
2022-12-14 14:00:00+00:00,1.0448190868,0.9854772759
2022-12-14 14:30:00+00:00,1.0452119202,0.9854772759
2022-12-14 15:00:00+00:00,1.0464297039,0.9854772759
2022-12-14 15:30:00+00:00,1.0456243954,0.9854772759
2022-12-14 16:00:00+00:00,1.0468421790,0.9854772759
2022-12-14 16:30:00+00:00,1.0463118539,0.9854772759
2022-12-14 17:00:00+00:00,1.0468814623,0.9854772759
2022-12-14 17:30:00+00:00,1.0460565121,0.9854772759
2022-12-14 18:00:00+00:00,1.0474314291,0.9854772759
2022-12-14 18:30:00+00:00,1.0486295711,0.9854772759
2022-12-15 07:00:00+00:00,1.0486492548,0.9854772759
2022-12-15 07:30:00+00:00,1.0472812375,0.9854772759
2022-12-15 08:00:00+00:00,1.0469662982,0.9855463035
2022-12-15 08:30:00+00:00,1.0454014439,0.9865656143
2022-12-15 09:00:00+00:00,1.0439054825,0.9873070957
2022-12-15 09:30:00+00:00,1.0453817602,0.9867905557
2022-12-15 10:00:00+00:00,1.0455982809,0.9867173639
2022-12-15 10:30:00+00:00,1.0447912491,0.9869902743
2022-12-15 11:00:00+00:00,1.0449487187,0.9869370010
2022-12-15 11:30:00+00:00,1.0456376483,0.9867040585
2022-12-15 12:00:00+00:00,1.0453227091,0.9868105206
2022-12-15 12:30:00+00:00,1.0454998624,0.9867506303
2022-12-15 13:00:00+00:00,1.0471532934,0.9864296086
2022-12-15 13:30:00+00:00,1.0484327341,0.9858682630
2022-12-15 14:00:00+00:00,1.0537276501,0.9847435618
2022-12-15 14:30:00+00:00,1.0529895112,0.9847206391
2022-12-15 15:00:00+00:00,1.0472517118,0.9847206391
2022-12-15 15:30:00+00:00,1.0480095343,0.9847206391
2022-12-15 16:00:00+00:00,1.0479307995,0.9847206391
2022-12-15 16:30:00+00:00,1.0468974052,0.9847206391
2022-12-15 17:00:00+00:00,1.0440727938,0.9847206391
2022-12-15 17:30:00+00:00,1.0431378179,0.9847206391
2022-12-15 18:00:00+00:00,1.0438464312,0.9847206391
2022-12-15 18:30:00+00:00,1.0454506530,0.9847206391
2022-12-16 07:00:00+00:00,1.0454310315,0.9847206391
2022-12-16 07:30:00+00:00,1.0430274036,0.9847206391
2022-12-16 08:00:00+00:00,1.0428115676,0.9847206391
2022-12-16 08:30:00+00:00,1.0453917887,0.9847206391
2022-12-16 09:00:00+00:00,1.0427134603,0.9847206391
2022-12-16 09:30:00+00:00,1.0411241225,0.9847206391
2022-12-16 10:00:00+00:00,1.0422621668,0.9847206391
2022-12-16 10:30:00+00:00,1.0422425453,0.9847206391
2022-12-16 11:00:00+00:00,1.0434885076,0.9847206391
2022-12-16 11:30:00+00:00,1.0434002111,0.9847206391
2022-12-16 12:00:00+00:00,1.0431157000,0.9847206391
2022-12-16 12:30:00+00:00,1.0420757630,0.9847206391
2022-12-16 13:00:00+00:00,1.0423897063,0.9847206391
2022-12-16 13:30:00+00:00,1.0433021038,0.9847206391
2022-12-16 14:00:00+00:00,1.0420757631,0.9847206391
2022-12-16 14:30:00+00:00,1.0442046907,0.9847206391
2022-12-16 15:00:00+00:00,1.0421346275,0.9847206391
2022-12-16 15:30:00+00:00,1.0415852268,0.9847206391
2022-12-16 16:00:00+00:00,1.0398977819,0.9847206391
2022-12-16 16:30:00+00:00,1.0408298010,0.9847206391
2022-12-16 17:00:00+00:00,1.0414773089,0.9847206391
2022-12-16 17:30:00+00:00,1.0404373718,0.9847206391
2022-12-16 18:00:00+00:00,1.0408984760,0.9847206391
2022-12-16 18:30:00+00:00,1.0414086338,0.9847206391
2022-12-19 07:00:00+00:00,1.0418495308,0.9847206391
2022-12-19 07:30:00+00:00,1.0409383436,0.9847206391
2022-12-19 08:00:00+00:00,1.0423296187,0.9847206391
2022-12-19 08:30:00+00:00,1.0426725387,0.9847206391
2022-12-19 09:00:00+00:00,1.0435935237,0.9847206391
2022-12-19 09:30:00+00:00,1.0403406833,0.9847206391
2022-12-19 10:00:00+00:00,1.0411538934,0.9847206391
2022-12-19 10:30:00+00:00,1.0404386604,0.9847206391
2022-12-19 11:00:00+00:00,1.0401349313,0.9847206391
2022-12-19 11:30:00+00:00,1.0391649578,0.9847206391
2022-12-19 12:00:00+00:00,1.0393021257,0.9847206391
2022-12-19 12:30:00+00:00,1.0391845532,0.9847206391
2022-12-19 13:00:00+00:00,1.0386750722,0.9847206391
2022-12-19 13:30:00+00:00,1.0391649578,0.9847206391
2022-12-19 14:00:00+00:00,1.0395274731,0.9847206391
2022-12-19 14:30:00+00:00,1.0388808241,0.9847206391
2022-12-19 15:00:00+00:00,1.0397038320,0.9847206391
2022-12-19 15:30:00+00:00,1.0365587664,0.9847206391
2022-12-19 16:00:00+00:00,1.0396548434,0.9847206391
2022-12-19 16:30:00+00:00,1.0408501643,0.9847206391
2022-12-19 17:00:00+00:00,1.0409089506,0.9847206391
2022-12-19 17:30:00+00:00,1.0410069277,0.9847206391
2022-12-19 18:00:00+00:00,1.0403406833,0.9847206391
2022-12-19 18:30:00+00:00,1.0399291794,0.9847206391
2022-12-20 07:00:00+00:00,1.0418434124,0.9847206391
2022-12-20 07:30:00+00:00,1.0416667140,0.9847206391
2022-12-20 08:00:00+00:00,1.0411955181,0.9847206391
2022-12-20 08:30:00+00:00,1.0438852610,0.9847206391
2022-12-20 09:00:00+00:00,1.0438656278,0.9847206391
2022-12-20 09:30:00+00:00,1.0441993916,0.9847206391
2022-12-20 10:00:00+00:00,1.0437380123,0.9847206391
2022-12-20 10:30:00+00:00,1.0433846154,0.9847206391
2022-12-20 11:00:00+00:00,1.0436791128,0.9845937708
2022-12-20 11:30:00+00:00,1.0447785697,0.9838716748
2022-12-20 12:00:00+00:00,1.0434827812,0.9846840752
2022-12-20 12:30:00+00:00,1.0418924953,0.9856834108
2022-12-20 13:00:00+00:00,1.0404396415,0.9863501081
2022-12-20 13:30:00+00:00,1.0420986434,0.9858119343
2022-12-20 14:00:00+00:00,1.0419906611,0.9858459055
2022-12-20 14:30:00+00:00,1.0440717761,0.9855024338
2022-12-20 15:00:00+00:00,1.0456620619,0.9848757757
2022-12-20 15:30:00+00:00,1.0445037055,0.9855546303
2022-12-20 16:00:00+00:00,1.0427956206,0.9860400736
2022-12-20 16:30:00+00:00,1.0440128764,0.9860068122
2022-12-20 17:00:00+00:00,1.0428152537,0.9860068122
2022-12-20 17:30:00+00:00,1.0420397439,0.9860068122
2022-12-20 18:00:00+00:00,1.0413820330,0.9860068122
2022-12-20 18:30:00+00:00,1.0411857014,0.9860068122
2022-12-21 07:00:00+00:00,1.0424118952,0.9860068122
2022-12-21 07:30:00+00:00,1.0429318013,0.9860068122
2022-12-21 08:00:00+00:00,1.0418429413,0.9860068122
2022-12-21 08:30:00+00:00,1.0431672306,0.9860068122
2022-12-21 09:00:00+00:00,1.0423039901,0.9860068122
2022-12-21 09:30:00+00:00,1.0412445587,0.9860068122
2022-12-21 10:00:00+00:00,1.0425688480,0.9860068122
2022-12-21 10:30:00+00:00,1.0416957980,0.9860068122
2022-12-21 11:00:00+00:00,1.0414603688,0.9860068122
2022-12-21 11:30:00+00:00,1.0403813183,0.9860068122
2022-12-21 12:00:00+00:00,1.0416957981,0.9860068122
2022-12-21 12:30:00+00:00,1.0427944677,0.9860068122
2022-12-21 13:00:00+00:00,1.0435988509,0.9860068122
2022-12-21 13:30:00+00:00,1.0426178958,0.9860068122
2022-12-21 14:00:00+00:00,1.0411758919,0.9860068122
2022-12-21 14:30:00+00:00,1.0402243655,0.9860068122
2022-12-21 15:00:00+00:00,1.0416369407,0.9860068122
2022-12-21 15:30:00+00:00,1.0413230351,0.9860068122
2022-12-21 16:00:00+00:00,1.0407933194,0.9860068122
2022-12-21 16:30:00+00:00,1.0395965543,0.9860068122
2022-12-21 17:00:00+00:00,1.0392630295,0.9860068122
2022-12-21 17:30:00+00:00,1.0398712217,0.9860068122
2022-12-21 18:00:00+00:00,1.0398712217,0.9860068122
2022-12-21 18:30:00+00:00,1.0407442717,0.9860068122
2022-12-22 07:00:00+00:00,1.0401185306,0.9860068122
2022-12-22 07:30:00+00:00,1.0401967482,0.9860068122
2022-12-22 08:00:00+00:00,1.0410571422,0.9860068122
2022-12-22 08:30:00+00:00,1.0399229865,0.9860068122
2022-12-22 09:00:00+00:00,1.0393461315,0.9861966448
2022-12-22 09:30:00+00:00,1.0409202614,0.9849394325
2022-12-22 10:00:00+00:00,1.0405193960,0.9852509170
2022-12-22 10:30:00+00:00,1.0391408102,0.9863237896
2022-12-22 11:00:00+00:00,1.0386910588,0.9866743657
2022-12-22 11:30:00+00:00,1.0379088825,0.9872847221
2022-12-22 12:00:00+00:00,1.0386910588,0.9866743657
2022-12-22 12:30:00+00:00,1.0399816498,0.9856691053
2022-12-22 13:00:00+00:00,1.0394732352,0.9860648457
2022-12-22 13:30:00+00:00,1.0374884628,0.9872084175
2022-12-22 14:00:00+00:00,1.0359729962,0.9877844199
2022-12-22 14:30:00+00:00,1.0371951467,0.9873065158
2022-12-22 15:00:00+00:00,1.0357676749,0.9878647858
2022-12-22 15:30:00+00:00,1.0365596284,0.9875549268
2022-12-22 16:00:00+00:00,1.0358947785,0.9878150329
2022-12-22 16:30:00+00:00,1.0351419338,0.9881098492
2022-12-22 17:00:00+00:00,1.0349561669,0.9881826426
2022-12-22 17:30:00+00:00,1.0348583949,0.9882209623
2022-12-22 18:00:00+00:00,1.0343890891,0.9884049681
2022-12-22 18:30:00+00:00,1.0343695347,0.9884126376
2022-12-23 07:00:00+00:00,1.0352667139,0.9882174456
2022-12-23 07:30:00+00:00,1.0364954592,0.9875827629
2022-12-23 08:00:00+00:00,1.0339892088,0.9886942468
2022-12-23 08:30:00+00:00,1.0341647438,0.9886197346
2022-12-23 09:00:00+00:00,1.0341647438,0.9886197346
2022-12-23 09:30:00+00:00,1.0346620931,0.9884224244
2022-12-23 10:00:00+00:00,1.0356665437,0.9880243441
2022-12-23 10:30:00+00:00,1.0356177840,0.9880436558
2022-12-23 11:00:00+00:00,1.0359883580,0.9878969194
2022-12-23 11:30:00+00:00,1.0350521710,0.9882677652
2022-12-23 12:00:00+00:00,1.0348181243,0.9883605508
2022-12-23 12:30:00+00:00,1.0357738152,0.9879818630
2022-12-23 13:00:00+00:00,1.0350326672,0.9882754962
2022-12-23 13:30:00+00:00,1.0345060620,0.9884843112
2022-12-23 14:00:00+00:00,1.0344280464,0.9884811741
2022-12-23 14:30:00+00:00,1.0347011010,0.9884519316
2022-12-23 15:00:00+00:00,1.0356177840,0.9884519316
2022-12-23 15:30:00+00:00,1.0350521711,0.9884519316
2022-12-23 16:00:00+00:00,1.0357250554,0.9884519316
2022-12-23 16:30:00+00:00,1.0357348074,0.9884519316
2022-12-23 17:00:00+00:00,1.0360468697,0.9884519316
2022-12-23 17:30:00+00:00,1.0356957996,0.9884519316
2022-12-23 18:00:00+00:00,1.0354129931,0.9884519316
2022-12-23 18:30:00+00:00,1.0346425893,0.9887495823
2022-12-27 07:00:00+00:00,1.0345067585,0.9887568774
2022-12-27 07:30:00+00:00,1.0328573845,0.9896528247
2022-12-27 08:00:00+00:00,1.0338664133,0.9887115854
2022-12-27 08:30:00+00:00,1.0334589209,0.9890787058
2022-12-27 09:00:00+00:00,1.0335365385,0.9890087565
2022-12-27 09:30:00+00:00,1.0343127145,0.9883098234
2022-12-27 10:00:00+00:00,1.0348463355,0.9878298974
2022-12-27 10:30:00+00:00,1.0348172289,0.9878560628
2022-12-27 11:00:00+00:00,1.0348560377,0.9878211759
2022-12-27 11:30:00+00:00,1.0337305825,0.9888339276
2022-12-27 12:00:00+00:00,1.0331678549,0.9893411068
2022-12-27 12:30:00+00:00,1.0318580580,0.9905236897
2022-12-27 13:00:00+00:00,1.0312565216,0.9909095044
2022-12-27 13:30:00+00:00,1.0311109886,0.9909542250
2022-12-27 14:00:00+00:00,1.0304706434,0.9912441250
2022-12-27 14:30:00+00:00,1.0309751578,0.9910156968
2022-12-27 15:00:00+00:00,1.0332066638,0.9904880981
2022-12-27 15:30:00+00:00,1.0332745792,0.9904133895
2022-12-27 16:00:00+00:00,1.0333910056,0.9902651773
2022-12-27 16:30:00+00:00,1.0335656452,0.9900933174
2022-12-27 17:00:00+00:00,1.0325857230,0.9910584047
2022-12-27 17:30:00+00:00,1.0320812086,0.9914085418
2022-12-27 18:00:00+00:00,1.0323237636,0.9912646771
2022-12-27 18:30:00+00:00,1.0331678550,0.9908486860
2022-12-28 07:00:00+00:00,1.0337986461,0.9906716027
2022-12-28 07:30:00+00:00,1.0331096282,0.9910696097
2022-12-28 08:00:00+00:00,1.0329640610,0.9911800740
2022-12-28 08:30:00+00:00,1.0321682938,0.9919925948
2022-12-28 09:00:00+00:00,1.0317024789,0.9923258556
2022-12-28 09:30:00+00:00,1.0322847476,0.9920031444
2022-12-28 10:00:00+00:00,1.0325758819,0.9918544417
2022-12-28 10:30:00+00:00,1.0319742042,0.9921618315
2022-12-28 11:00:00+00:00,1.0327311535,0.9917751598
2022-12-28 11:30:00+00:00,1.0331969685,0.9916312062
2022-12-28 12:00:00+00:00,1.0333134222,0.9915154355
2022-12-28 12:30:00+00:00,1.0331581506,0.9916460500
2022-12-28 13:00:00+00:00,1.0326923356,0.9921471935
2022-12-28 13:30:00+00:00,1.0327214491,0.9921158580
2022-12-28 14:00:00+00:00,1.0338762819,0.9908743917
2022-12-28 14:30:00+00:00,1.0342450521,0.9904785762
2022-12-28 15:00:00+00:00,1.0327311535,0.9921054132
2022-12-28 15:30:00+00:00,1.0305379415,0.9938566416
2022-12-28 16:00:00+00:00,1.0303438519,0.9939362771
2022-12-28 16:30:00+00:00,1.0307514400,0.9937160935
2022-12-28 17:00:00+00:00,1.0314986848,0.9933127761
2022-12-28 17:30:00+00:00,1.0315083893,0.9933075412
2022-12-28 18:00:00+00:00,1.0318771595,0.9931086724
2022-12-28 18:30:00+00:00,1.0306155773,0.9937894729
2022-12-29 07:00:00+00:00,1.0307709338,0.9937222881
2022-12-29 07:30:00+00:00,1.0315088772,0.9931891937
2022-12-29 08:00:00+00:00,1.0329944738,0.9915627200
2022-12-29 08:30:00+00:00,1.0321788522,0.9924355811
2022-12-29 09:00:00+00:00,1.0327614390,0.9918119602
2022-12-29 09:30:00+00:00,1.0347033953,0.9907274441
2022-12-29 10:00:00+00:00,1.0332566379,0.9918389358
2022-12-29 10:30:00+00:00,1.0327517292,0.9923401619
2022-12-29 11:00:00+00:00,1.0326740510,0.9924207419
2022-12-29 11:30:00+00:00,1.0329459249,0.9921387670
2022-12-29 12:00:00+00:00,1.0331012814,0.9919777078
2022-12-29 12:30:00+00:00,1.0343344236,0.9907010844
2022-12-29 13:00:00+00:00,1.0337227074,0.9913339741
2022-12-29 13:30:00+00:00,1.0345771681,0.9904501533
2022-12-29 14:00:00+00:00,1.0348490420,0.9902613899
2022-12-29 14:30:00+00:00,1.0335770607,0.9912610408
2022-12-29 15:00:00+00:00,1.0343344236,0.9904058290
2022-12-29 15:30:00+00:00,1.0357423419,0.9895903939
2022-12-29 16:00:00+00:00,1.0353733702,0.9898674785
2022-12-29 16:30:00+00:00,1.0356646637,0.9895242564
2022-12-29 17:00:00+00:00,1.0359559571,0.9892055503
2022-12-29 17:30:00+00:00,1.0371988090,0.9878478953
2022-12-29 18:00:00+00:00,1.0367327395,0.9883566067
2022-12-29 18:30:00+00:00,1.0365094146,0.9886005382
2022-12-30 07:00:00+00:00,1.0362854539,0.9886743290
2022-12-30 07:30:00+00:00,1.0371520843,0.9879361248
2022-12-30 08:00:00+00:00,1.0379408153,0.9870467104
2022-12-30 08:30:00+00:00,1.0390995683,0.9857823269
2022-12-30 09:00:00+00:00,1.0377558043,0.9872488676
2022-12-30 09:30:00+00:00,1.0375026314,0.9875256293
2022-12-30 10:00:00+00:00,1.0388269205,0.9860795562
2022-12-30 10:30:00+00:00,1.0389632444,0.9859309206
2022-12-30 11:00:00+00:00,1.0407744045,0.9848940351
2022-12-30 11:30:00+00:00,1.0395864394,0.9858315382
2022-12-30 12:00:00+00:00,1.0398006626,0.9855732173
2022-12-30 12:30:00+00:00,1.0392066799,0.9862132555
2022-12-30 13:00:00+00:00,1.0369378610,0.9880275840
2022-12-30 13:30:00+00:00,1.0388658702,0.9869575866
2022-12-30 14:00:00+00:00,1.0395864393,0.9867405652
2022-12-30 14:30:00+00:00,1.0407744044,0.9859445576
2022-12-30 15:00:00+00:00,1.0394111656,0.9867180639
2022-12-30 15:30:00+00:00,1.0391969423,0.9868203158
2022-12-30 16:00:00+00:00,1.0404238572,0.9862008077
2022-12-30 16:30:00+00:00,1.0415923477,0.9858850905
2022-12-30 17:00:00+00:00,1.0420694813,0.9855536273
2022-12-30 17:30:00+00:00,1.0430042736,0.9845971929
2022-12-30 18:00:00+00:00,1.0425855645,0.9850091745
2022-12-30 18:30:00+00:00,1.0421376432,0.9854502731
2023-01-02 07:00:00+00:00,1.0410460117,0.9854502731
2023-01-02 07:30:00+00:00,1.0408120907,0.9854502731
2023-01-02 08:00:00+00:00,1.0406366499,0.9854502731
2023-01-02 08:30:00+00:00,1.0409290512,0.9854502731
2023-01-02 09:00:00+00:00,1.0413676532,0.9854502731
2023-01-02 09:30:00+00:00,1.0408608243,0.9854502731
2023-01-02 10:00:00+00:00,1.0411824657,0.9854502731
2023-01-02 10:30:00+00:00,1.0413481598,0.9854502731
2023-01-02 11:00:00+00:00,1.0411532256,0.9854502731
2023-01-02 11:30:00+00:00,1.0414163867,0.9854502731
2023-01-02 12:00:00+00:00,1.0413773999,0.9854502731
2023-01-02 12:30:00+00:00,1.0411824657,0.9854502731
2023-01-02 13:00:00+00:00,1.0413968933,0.9854502731
2023-01-02 13:30:00+00:00,1.0408510776,0.9854502731
2023-01-02 14:00:00+00:00,1.0410460118,0.9854502731
2023-01-02 14:30:00+00:00,1.0402272883,0.9854502731
2023-01-02 15:00:00+00:00,1.0396229923,0.9854502731
2023-01-02 15:30:00+00:00,1.0390576832,0.9854502731
2023-01-02 16:00:00+00:00,1.0384533872,0.9854502731
2023-01-02 16:30:00+00:00,1.0385508543,0.9854502731
2023-01-02 17:00:00+00:00,1.0390089496,0.9854502731
2023-01-02 17:30:00+00:00,1.0390966700,0.9854502731
2023-01-02 18:00:00+00:00,1.0382779464,0.9854502731
2023-01-02 18:30:00+00:00,1.0383266800,0.9854502731
2023-01-03 07:00:00+00:00,1.0387750581,0.9854502731
2023-01-03 07:30:00+00:00,1.0355389379,0.9854502731
2023-01-03 08:00:00+00:00,1.0309089466,0.9854502731
2023-01-03 08:30:00+00:00,1.0285208459,0.9854502731
2023-01-03 09:00:00+00:00,1.0281699413,0.9854502731
2023-01-03 09:30:00+00:00,1.0281114572,0.9854502731
2023-01-03 10:00:00+00:00,1.0271562169,0.9854502731
2023-01-03 10:30:00+00:00,1.0265031444,0.9854502731
2023-01-03 11:00:00+00:00,1.0260645137,0.9854502731
2023-01-03 11:30:00+00:00,1.0262399660,0.9854502731
2023-01-03 12:00:00+00:00,1.0273706586,0.9854502731
2023-01-03 12:30:00+00:00,1.0269612699,0.9854502731
2023-01-03 13:00:00+00:00,1.0288912451,0.9854502731
2023-01-03 13:30:00+00:00,1.0293493705,0.9854502731
2023-01-03 14:00:00+00:00,1.0304508210,0.9854502731
2023-01-03 14:30:00+00:00,1.0307042521,0.9854502731
2023-01-03 15:00:00+00:00,1.0301778952,0.9854502731
2023-01-03 15:30:00+00:00,1.0288717503,0.9854502731
2023-01-03 16:00:00+00:00,1.0288522556,0.9854502731
2023-01-03 16:30:00+00:00,1.0291349287,0.9854502731
2023-01-03 17:00:00+00:00,1.0285598351,0.9854502731
2023-01-03 17:30:00+00:00,1.0279847414,0.9854502731
2023-01-03 18:00:00+00:00,1.0289692237,0.9854502731
2023-01-03 18:30:00+00:00,1.0289984658,0.9854502731
2023-01-04 07:00:00+00:00,1.0304392583,0.9854502731
2023-01-04 07:30:00+00:00,1.0313154159,0.9854502731
2023-01-04 08:00:00+00:00,1.0340412397,0.9854502731
2023-01-04 08:30:00+00:00,1.0334473995,0.9854502731
2023-01-04 09:00:00+00:00,1.0343917027,0.9854502731
2023-01-04 09:30:00+00:00,1.0329703803,0.9854502731
2023-01-04 10:00:00+00:00,1.0333597837,0.9854502731
2023-01-04 10:30:00+00:00,1.0339438888,0.9854502731
2023-01-04 11:00:00+00:00,1.0330190557,0.9854502731
2023-01-04 11:30:00+00:00,1.0323668051,0.9856824138
2023-01-04 12:00:00+00:00,1.0322499841,0.9857396225
2023-01-04 12:30:00+00:00,1.0326199173,0.9854373169
2023-01-04 13:00:00+00:00,1.0332526978,0.9849206811
2023-01-04 13:30:00+00:00,1.0329509101,0.9851670034
2023-01-04 14:00:00+00:00,1.0331066715,0.9850651952
2023-01-04 14:30:00+00:00,1.0343138220,0.9850190642
2023-01-04 15:00:00+00:00,1.0317437597,0.9850190642
2023-01-04 15:30:00+00:00,1.0322305139,0.9850190642
2023-01-04 16:00:00+00:00,1.0326588577,0.9850190642
2023-01-04 16:30:00+00:00,1.0337589222,0.9850190642
2023-01-04 17:00:00+00:00,1.0328535593,0.9850190642
2023-01-04 17:30:00+00:00,1.0326393875,0.9850190642
2023-01-04 18:00:00+00:00,1.0318800509,0.9850190642
2023-01-04 18:30:00+00:00,1.0319092561,0.9850190642
2023-01-05 07:00:00+00:00,1.0323763948,0.9850190642
2023-01-05 07:30:00+00:00,1.0321428254,0.9850190642
2023-01-05 08:00:00+00:00,1.0335150452,0.9850190642
2023-01-05 08:30:00+00:00,1.0335442414,0.9849668729
2023-01-05 09:00:00+00:00,1.0333885285,0.9850593888
2023-01-05 09:30:00+00:00,1.0338751313,0.9846460547
2023-01-05 10:00:00+00:00,1.0333301362,0.9851090136
2023-01-05 10:30:00+00:00,1.0334274568,0.9850263085
2023-01-05 11:00:00+00:00,1.0321233614,0.9858404357
2023-01-05 11:30:00+00:00,1.0326878206,0.9855802867
2023-01-05 12:00:00+00:00,1.0327851411,0.9855388877
2023-01-05 12:30:00+00:00,1.0315589022,0.9860609269
2023-01-05 13:00:00+00:00,1.0296708835,0.9868664580
2023-01-05 13:30:00+00:00,1.0269653722,0.9880245056
2023-01-05 14:00:00+00:00,1.0267707311,0.9881079885
2023-01-05 14:30:00+00:00,1.0257002051,0.9885675534
2023-01-05 15:00:00+00:00,1.0246491431,0.9890194377
2023-01-05 15:30:00+00:00,1.0236564735,0.9894468332
2023-01-05 16:00:00+00:00,1.0249216407,0.9889022182
2023-01-05 16:30:00+00:00,1.0239289711,0.9893294493
2023-01-05 17:00:00+00:00,1.0245128943,0.9890780644
2023-01-05 17:30:00+00:00,1.0247853919,0.9889608223
2023-01-05 18:00:00+00:00,1.0254860999,0.9886595496
2023-01-05 18:30:00+00:00,1.0253693152,0.9887097410
2023-01-06 07:00:00+00:00,1.0255156196,0.9886560813
2023-01-06 07:30:00+00:00,1.0253595616,0.9887101091
2023-01-06 08:00:00+00:00,1.0259642863,0.9881524131
2023-01-06 08:30:00+00:00,1.0259447790,0.9881694021
2023-01-06 09:00:00+00:00,1.0248718803,0.9891047437
2023-01-06 09:30:00+00:00,1.0248426194,0.9891302791
2023-01-06 10:00:00+00:00,1.0245695179,0.9893686768
2023-01-06 10:30:00+00:00,1.0248718803,0.9891047437
2023-01-06 11:00:00+00:00,1.0249011411,0.9890792096
2023-01-06 11:30:00+00:00,1.0235648946,0.9899363483
2023-01-06 12:00:00+00:00,1.0232527786,0.9900523763
2023-01-06 12:30:00+00:00,1.0236234163,0.9898902878
2023-01-06 13:00:00+00:00,1.0238184888,0.9897898836
2023-01-06 13:30:00+00:00,1.0282856488,0.9897705527
2023-01-06 14:00:00+00:00,1.0261691121,0.9897705527
2023-01-06 14:30:00+00:00,1.0250474453,0.9897705527
2023-01-06 15:00:00+00:00,1.0320895624,0.9897705527
2023-01-06 15:30:00+00:00,1.0340597947,0.9897705527
2023-01-06 16:00:00+00:00,1.0343133889,0.9897705527
2023-01-06 16:30:00+00:00,1.0357179109,0.9897705527
2023-01-06 17:00:00+00:00,1.0360690414,0.9897705527
2023-01-06 17:30:00+00:00,1.0375515923,0.9897705527
2023-01-06 18:00:00+00:00,1.0372784908,0.9897705527
2023-01-06 18:30:00+00:00,1.0375710996,0.9897705527
2023-01-09 07:00:00+00:00,1.0371825689,0.9897705527
2023-01-09 07:30:00+00:00,1.0367260454,0.9897705527
2023-01-09 08:00:00+00:00,1.0384161537,0.9897705527
2023-01-09 08:30:00+00:00,1.0383773007,0.9897705527
2023-01-09 09:00:00+00:00,1.0371825689,0.9897705527
2023-01-09 09:30:00+00:00,1.0366191994,0.9897705527
2023-01-09 10:00:00+00:00,1.0359004177,0.9897705527
2023-01-09 10:30:00+00:00,1.0363180882,0.9897705527
2023-01-09 11:00:00+00:00,1.0377265117,0.9897705527
2023-01-09 11:30:00+00:00,1.0377847913,0.9897705527
2023-01-09 12:00:00+00:00,1.0381441822,0.9897705527
2023-01-09 12:30:00+00:00,1.0382413148,0.9897705527
2023-01-09 13:00:00+00:00,1.0411261550,0.9897705527
2023-01-09 13:30:00+00:00,1.0417672305,0.9897705527
2023-01-09 14:00:00+00:00,1.0409610294,0.9897705527
2023-01-09 14:30:00+00:00,1.0420586285,0.9897705527
2023-01-09 15:00:00+00:00,1.0436904572,0.9897705527
2023-01-09 15:30:00+00:00,1.0432242205,0.9897705527
2023-01-09 16:00:00+00:00,1.0439235757,0.9897705527
2023-01-09 16:30:00+00:00,1.0449726084,0.9897705527
2023-01-09 17:00:00+00:00,1.0435933246,0.9897705527
2023-01-09 17:30:00+00:00,1.0441955471,0.9897705527
2023-01-09 18:00:00+00:00,1.0440984144,0.9897705527
2023-01-09 18:30:00+00:00,1.0435156185,0.9899368664
2023-01-10 07:00:00+00:00,1.0425920759,0.9900773367
2023-01-10 07:30:00+00:00,1.0432920239,0.9897517401
2023-01-10 08:00:00+00:00,1.0440114150,0.9892350954
2023-01-10 08:30:00+00:00,1.0439530860,0.9892748993
2023-01-10 09:00:00+00:00,1.0448280211,0.9886782427
2023-01-10 09:30:00+00:00,1.0446821986,0.9887776257
2023-01-10 10:00:00+00:00,1.0438364280,0.9893545185
2023-01-10 10:30:00+00:00,1.0437392130,0.9894208795
2023-01-10 11:00:00+00:00,1.0441572375,0.9891356025
2023-01-10 11:30:00+00:00,1.0436225550,0.9895005267
2023-01-10 12:00:00+00:00,1.0431170370,0.9898458420
2023-01-10 12:30:00+00:00,1.0420865579,0.9905506461
2023-01-10 13:00:00+00:00,1.0419407353,0.9906504793
2023-01-10 13:30:00+00:00,1.0423004309,0.9904042674
2023-01-10 14:00:00+00:00,1.0445558191,0.9888637770
2023-01-10 14:30:00+00:00,1.0441280731,0.9891554991
2023-01-10 15:00:00+00:00,1.0434184036,0.9896399463
2023-01-10 15:30:00+00:00,1.0429031640,0.9899920235
2023-01-10 16:00:00+00:00,1.0435447831,0.9895536334
2023-01-10 16:30:00+00:00,1.0437392131,0.9894208794
2023-01-10 17:00:00+00:00,1.0441086301,0.9891687640
2023-01-10 17:30:00+00:00,1.0434572896,0.9896133866
2023-01-10 18:00:00+00:00,1.0430198220,0.9899122817
2023-01-10 18:30:00+00:00,1.0439044786,0.9893080720
2023-01-11 07:00:00+00:00,1.0450119356,0.9888949212
2023-01-11 07:30:00+00:00,1.0440016240,0.9894045419
2023-01-11 08:00:00+00:00,1.0431273158,0.9900032048
2023-01-11 08:30:00+00:00,1.0423501531,0.9905530055
2023-01-11 09:00:00+00:00,1.0439627658,0.9894129658
2023-01-11 09:30:00+00:00,1.0434964681,0.9897422999
2023-01-11 10:00:00+00:00,1.0436907588,0.9896050461
2023-01-11 10:30:00+00:00,1.0442347728,0.9892209727
2023-01-11 11:00:00+00:00,1.0438073332,0.9895227153
2023-01-11 11:30:00+00:00,1.0441570565,0.9892758190
2023-01-11 12:00:00+00:00,1.0425833019,0.9903879902
2023-01-11 12:30:00+00:00,1.0433993228,0.9898109435
2023-01-11 13:00:00+00:00,1.0441959146,0.9892483950
2023-01-11 13:30:00+00:00,1.0442930600,0.9891798427
2023-01-11 14:00:00+00:00,1.0460416762,0.9879478022
2023-01-11 14:30:00+00:00,1.0462359669,0.9878111306
2023-01-11 15:00:00+00:00,1.0464496867,0.9876608430
2023-01-11 15:30:00+00:00,1.0447982157,0.9888235504
2023-01-11 16:00:00+00:00,1.0443707762,0.9891250090
2023-01-11 16:30:00+00:00,1.0432633192,0.9899070633
2023-01-11 17:00:00+00:00,1.0433993227,0.9898109435
2023-01-11 17:30:00+00:00,1.0440016238,0.9893855329
2023-01-11 18:00:00+00:00,1.0436033279,0.9896668049
2023-01-11 18:30:00+00:00,1.0446233541,0.9889468483
2023-01-12 07:00:00+00:00,1.0447787260,0.9888570553
2023-01-12 07:30:00+00:00,1.0451283127,0.9886487579
2023-01-12 08:00:00+00:00,1.0437493873,0.9896332410
2023-01-12 08:30:00+00:00,1.0437105443,0.9896615577
2023-01-12 09:00:00+00:00,1.0455167423,0.9883468043
2023-01-12 09:30:00+00:00,1.0454002134,0.9884315059
2023-01-12 10:00:00+00:00,1.0445845110,0.9890248846
2023-01-12 10:30:00+00:00,1.0451283126,0.9886292078
2023-01-12 11:00:00+00:00,1.0451962878,0.9885797738
2023-01-12 11:30:00+00:00,1.0450506266,0.9886857107
2023-01-12 12:00:00+00:00,1.0454002133,0.9884315059
2023-01-12 12:30:00+00:00,1.0451283126,0.9886292078
2023-01-12 13:00:00+00:00,1.0464295520,0.9876838862
2023-01-12 13:30:00+00:00,1.0515956669,0.9857746830
2023-01-12 14:00:00+00:00,1.0501973200,0.9857335312
2023-01-12 14:30:00+00:00,1.0456235603,0.9857335312
2023-01-12 15:00:00+00:00,1.0484105433,0.9857335312
2023-01-12 15:30:00+00:00,1.0494301712,0.9857335312
2023-01-12 16:00:00+00:00,1.0501390554,0.9857335312
2023-01-12 16:30:00+00:00,1.0509353362,0.9857335312
2023-01-12 17:00:00+00:00,1.0518287245,0.9857335312
2023-01-12 17:30:00+00:00,1.0534989721,0.9857335312
2023-01-12 18:00:00+00:00,1.0535863688,0.9857335312
2023-01-12 18:30:00+00:00,1.0541787240,0.9857335312
2023-01-13 07:00:00+00:00,1.0532747340,0.9857335312
2023-01-13 07:30:00+00:00,1.0545383759,0.9857335312
2023-01-13 08:00:00+00:00,1.0546355792,0.9857335312
2023-01-13 08:30:00+00:00,1.0551604766,0.9857335312
2023-01-13 09:00:00+00:00,1.0535177421,0.9857335312
2023-01-13 09:30:00+00:00,1.0539259957,0.9857335312
2023-01-13 10:00:00+00:00,1.0540718005,0.9857335312
2023-01-13 10:30:00+00:00,1.0541787241,0.9857335312
2023-01-13 11:00:00+00:00,1.0512431866,0.9857335312
2023-01-13 11:30:00+00:00,1.0509807379,0.9857335312
2023-01-13 12:00:00+00:00,1.0508252128,0.9857335312
2023-01-13 12:30:00+00:00,1.0509612973,0.9857335312
2023-01-13 13:00:00+00:00,1.0517680841,0.9857335312
2023-01-13 13:30:00+00:00,1.0491921984,0.9857335312
2023-01-13 14:00:00+00:00,1.0499503836,0.9857335312
2023-01-13 14:30:00+00:00,1.0516125587,0.9857335312
2023-01-13 15:00:00+00:00,1.0523221423,0.9857335312
2023-01-13 15:30:00+00:00,1.0526720739,0.9857335312
2023-01-13 16:00:00+00:00,1.0516125587,0.9857335312
2023-01-13 16:30:00+00:00,1.0507863313,0.9857335312
2023-01-13 17:00:00+00:00,1.0521277359,0.9857335312
2023-01-13 17:30:00+00:00,1.0525165488,0.9857335312
2023-01-13 18:00:00+00:00,1.0516611604,0.9857335312
2023-01-13 18:30:00+00:00,1.0528275991,0.9857335312
2023-01-16 07:00:00+00:00,1.0522545445,0.9857335312
2023-01-16 07:30:00+00:00,1.0520020119,0.9857949014
2023-01-16 08:00:00+00:00,1.0499720388,0.9872827549
2023-01-16 08:30:00+00:00,1.0493309946,0.9876256510
2023-01-16 09:00:00+00:00,1.0505936574,0.9871331731
2023-01-16 09:30:00+00:00,1.0510404457,0.9869650339
2023-01-16 10:00:00+00:00,1.0519922992,0.9866071580
2023-01-16 10:30:00+00:00,1.0519145968,0.9866363553
2023-01-16 11:00:00+00:00,1.0520894271,0.9865849608
2023-01-16 11:30:00+00:00,1.0516135003,0.9867781018
2023-01-16 12:00:00+00:00,1.0516912027,0.9866962715
2023-01-16 12:30:00+00:00,1.0504576783,0.9876075312
2023-01-16 13:00:00+00:00,1.0495738144,0.9882616576
2023-01-16 13:30:00+00:00,1.0505159550,0.9875644366
2023-01-16 14:00:00+00:00,1.0511569992,0.9870906770
2023-01-16 14:30:00+00:00,1.0511181480,0.9871193750
2023-01-16 15:00:00+00:00,1.0506519341,0.9874638989
2023-01-16 15:30:00+00:00,1.0514483828,0.9868755024
2023-01-16 16:00:00+00:00,1.0510987224,0.9871337247
2023-01-16 16:30:00+00:00,1.0513706805,0.9869328718
2023-01-16 17:00:00+00:00,1.0507684876,0.9873777423
2023-01-16 17:30:00+00:00,1.0503216992,0.9877081020
2023-01-16 18:00:00+00:00,1.0502245713,0.9877799526
2023-01-16 18:30:00+00:00,1.0502439969,0.9877655815
2023-01-17 07:00:00+00:00,1.0504479259,0.9876554584
2023-01-17 07:30:00+00:00,1.0515064144,0.9870439269
2023-01-17 08:00:00+00:00,1.0517491870,0.9868431235
2023-01-17 08:30:00+00:00,1.0514481490,0.9870697936
2023-01-17 09:00:00+00:00,1.0505353240,0.9877578315
2023-01-17 09:30:00+00:00,1.0504770586,0.9878017854
2023-01-17 10:00:00+00:00,1.0497972953,0.9883149058
2023-01-17 10:30:00+00:00,1.0508752057,0.9875015213
2023-01-17 11:00:00+00:00,1.0505061913,0.9877798079
2023-01-17 11:30:00+00:00,1.0519142725,0.9867188701
2023-01-17 12:00:00+00:00,1.0530698701,0.9858500798
2023-01-17 12:30:00+00:00,1.0539050078,0.9855014052
2023-01-17 13:00:00+00:00,1.0528173865,0.9860957594
2023-01-17 13:30:00+00:00,1.0529144956,0.9860056812
2023-01-17 14:00:00+00:00,1.0548566764,0.9845436122
2023-01-17 14:30:00+00:00,1.0549149418,0.9844998252
2023-01-17 15:00:00+00:00,1.0513704619,0.9871715044
2023-01-17 15:30:00+00:00,1.0489621577,0.9880456568
2023-01-17 16:00:00+00:00,1.0492826175,0.9880097936
2023-01-17 16:30:00+00:00,1.0480784654,0.9880097936
2023-01-17 17:00:00+00:00,1.0470685314,0.9880097936
2023-01-17 17:30:00+00:00,1.0470491096,0.9880097936
2023-01-17 18:00:00+00:00,1.0476220530,0.9880097936
2023-01-17 18:30:00+00:00,1.0483115271,0.9880097936
2023-01-18 07:00:00+00:00,1.0504101321,0.9880097936
2023-01-18 07:30:00+00:00,1.0517800549,0.9880097936
2023-01-18 08:00:00+00:00,1.0534900294,0.9880097936
2023-01-18 08:30:00+00:00,1.0534997452,0.9880097936
2023-01-18 09:00:00+00:00,1.0544421743,0.9880097936
2023-01-18 09:30:00+00:00,1.0561035700,0.9880097936
2023-01-18 10:00:00+00:00,1.0547142157,0.9880097936
2023-01-18 10:30:00+00:00,1.0544130270,0.9880097936
2023-01-18 11:00:00+00:00,1.0522561274,0.9880097936
2023-01-18 11:30:00+00:00,1.0507793312,0.9880097936
2023-01-18 12:00:00+00:00,1.0524893057,0.9880097936
2023-01-18 12:30:00+00:00,1.0516343184,0.9880097936
2023-01-18 13:00:00+00:00,1.0532957141,0.9880097936
2023-01-18 13:30:00+00:00,1.0549765414,0.9880097936
2023-01-18 14:00:00+00:00,1.0569585573,0.9880097936
2023-01-18 14:30:00+00:00,1.0555206242,0.9880097936
2023-01-18 15:00:00+00:00,1.0541992803,0.9884919313
2023-01-18 15:30:00+00:00,1.0525476003,0.9897594040
2023-01-18 16:00:00+00:00,1.0515954554,0.9903063408
2023-01-18 16:30:00+00:00,1.0519063599,0.9901669836
2023-01-18 17:00:00+00:00,1.0485447055,0.9914968471
2023-01-18 17:30:00+00:00,1.0489139046,0.9914060352
2023-01-18 18:00:00+00:00,1.0485835686,0.9913874341
2023-01-18 18:30:00+00:00,1.0489819149,0.9911975425
2023-01-19 07:00:00+00:00,1.0492054935,0.9911369256
2023-01-19 07:30:00+00:00,1.0506247312,0.9904315298
2023-01-19 08:00:00+00:00,1.0518106696,0.9895025010
2023-01-19 08:30:00+00:00,1.0514801622,0.9897541310
2023-01-19 09:00:00+00:00,1.0516551367,0.9896208973
2023-01-19 09:30:00+00:00,1.0522578266,0.9891622880
2023-01-19 10:00:00+00:00,1.0522967099,0.9891327166
2023-01-19 10:30:00+00:00,1.0526855421,0.9888371116
2023-01-19 11:00:00+00:00,1.0522578266,0.9891622880
2023-01-19 11:30:00+00:00,1.0519759232,0.9893767396
2023-01-19 12:00:00+00:00,1.0516551366,0.9896208973
2023-01-19 12:30:00+00:00,1.0507413808,0.9903171157
2023-01-19 13:00:00+00:00,1.0517134615,0.9895764950
2023-01-19 13:30:00+00:00,1.0507997057,0.9902726435
2023-01-19 14:00:00+00:00,1.0519078777,0.9898184313
2023-01-19 14:30:00+00:00,1.0508580306,0.9897844962
2023-01-19 15:00:00+00:00,1.0501970157,0.9897844962
2023-01-19 15:30:00+00:00,1.0487972196,0.9897844962
2023-01-19 16:00:00+00:00,1.0493221432,0.9897844962
2023-01-19 16:30:00+00:00,1.0507413808,0.9897844962
2023-01-19 17:00:00+00:00,1.0515384870,0.9897844962
2023-01-19 17:30:00+00:00,1.0514412789,0.9897844962
2023-01-19 18:00:00+00:00,1.0520050857,0.9897844962
2023-01-19 18:30:00+00:00,1.0526272172,0.9897844962
2023-01-20 07:00:00+00:00,1.0540664149,0.9897844962
2023-01-20 07:30:00+00:00,1.0541344850,0.9897214144
2023-01-20 08:00:00+00:00,1.0545429060,0.9893561149
2023-01-20 08:30:00+00:00,1.0541928309,0.9896368937
2023-01-20 09:00:00+00:00,1.0543873170,0.9894808842
2023-01-20 09:30:00+00:00,1.0532398486,0.9904021129
2023-01-20 10:00:00+00:00,1.0536871668,0.9900427686
2023-01-20 10:30:00+00:00,1.0539983447,0.9897929567
2023-01-20 11:00:00+00:00,1.0537455126,0.9899959184
2023-01-20 11:30:00+00:00,1.0526563901,0.9908712486
2023-01-20 12:00:00+00:00,1.0521701747,0.9911458058
2023-01-20 12:30:00+00:00,1.0520243100,0.9911865887
2023-01-20 13:00:00+00:00,1.0526369415,0.9909400418
2023-01-20 13:30:00+00:00,1.0508671173,0.9916528479
2023-01-20 14:00:00+00:00,1.0516353377,0.9913432328
2023-01-20 14:30:00+00:00,1.0523646609,0.9910495929
2023-01-20 15:00:00+00:00,1.0544942845,0.9906037204
2023-01-20 15:30:00+00:00,1.0532495730,0.9911978079
2023-01-20 16:00:00+00:00,1.0540177934,0.9905579232
2023-01-20 16:30:00+00:00,1.0532009515,0.9912085683
2023-01-20 17:00:00+00:00,1.0544359386,0.9902252151
2023-01-20 17:30:00+00:00,1.0544942845,0.9901788101
2023-01-20 18:00:00+00:00,1.0542706254,0.9903567217
2023-01-20 18:30:00+00:00,1.0548638082,0.9898850218
2023-01-23 07:00:00+00:00,1.0542348072,0.9900959135
2023-01-23 07:30:00+00:00,1.0561605181,0.9889466691
2023-01-23 08:00:00+00:00,1.0548638082,0.9899353701
2023-01-23 08:30:00+00:00,1.0547767158,0.9900031780
2023-01-23 09:00:00+00:00,1.0547863927,0.9899956433
2023-01-23 09:30:00+00:00,1.0559282715,0.9891074332
2023-01-23 10:00:00+00:00,1.0552895935,0.9896040120
2023-01-23 10:30:00+00:00,1.0547283311,0.9900408536
2023-01-23 11:00:00+00:00,1.0538670835,0.9905268631
2023-01-23 11:30:00+00:00,1.0529768051,0.9908549349
2023-01-23 12:00:00+00:00,1.0519413726,0.9912593638
2023-01-23 12:30:00+00:00,1.0519800803,0.9912442348
2023-01-23 13:00:00+00:00,1.0523187732,0.9911118899
2023-01-23 13:30:00+00:00,1.0508188476,0.9916984467
2023-01-23 14:00:00+00:00,1.0501414619,0.9919637317
2023-01-23 14:30:00+00:00,1.0510801250,0.9915961871
2023-01-23 15:00:00+00:00,1.0507414321,0.9917287527
2023-01-23 15:30:00+00:00,1.0513801101,0.9914788223
2023-01-23 16:00:00+00:00,1.0515349412,0.9914182655
2023-01-23 16:30:00+00:00,1.0513220485,0.9915015344
2023-01-23 17:00:00+00:00,1.0508575554,0.9916832949
2023-01-23 17:30:00+00:00,1.0511672175,0.9915621086
2023-01-23 18:00:00+00:00,1.0517575108,0.9913312371
2023-01-23 18:30:00+00:00,1.0515349412,0.9914182655
2023-01-24 07:00:00+00:00,1.0518633044,0.9913339127
2023-01-24 07:30:00+00:00,1.0516218608,0.9914339247
2023-01-24 08:00:00+00:00,1.0515928876,0.9914122869
2023-01-24 08:30:00+00:00,1.0503084079,0.9922436135
2023-01-24 09:00:00+00:00,1.0497192857,0.9924825875
2023-01-24 09:30:00+00:00,1.0489273509,0.9928349779
2023-01-24 10:00:00+00:00,1.0488114580,0.9928865801
2023-01-24 10:30:00+00:00,1.0492170831,0.9927060092
2023-01-24 11:00:00+00:00,1.0495454464,0.9925599080
2023-01-24 11:30:00+00:00,1.0494874999,0.9925856857
2023-01-24 12:00:00+00:00,1.0502021728,0.9922679071
2023-01-24 12:30:00+00:00,1.0488114580,0.9928865800
2023-01-24 13:00:00+00:00,1.0505691670,0.9921048470
2023-01-24 13:30:00+00:00,1.0494102380,0.9926200592
2023-01-24 14:00:00+00:00,1.0491591367,0.9927317988
2023-01-24 14:30:00+00:00,1.0471116955,0.9936443760
2023-01-24 15:00:00+00:00,1.0490142707,0.9927962818
2023-01-24 15:30:00+00:00,1.0503084081,0.9924887546
2023-01-24 16:00:00+00:00,1.0509941077,0.9924679994
2023-01-24 16:30:00+00:00,1.0499703871,0.9924679994
2023-01-24 17:00:00+00:00,1.0508009529,0.9924679994
2023-01-24 17:30:00+00:00,1.0511003429,0.9924679994
2023-01-24 18:00:00+00:00,1.0514190484,0.9924679994
2023-01-24 18:30:00+00:00,1.0506850600,0.9924679994
2023-01-25 07:00:00+00:00,1.0504923869,0.9924679994
2023-01-25 07:30:00+00:00,1.0482477451,0.9924679994
2023-01-25 08:00:00+00:00,1.0487583289,0.9924679994
2023-01-25 08:30:00+00:00,1.0478912998,0.9924679994
2023-01-25 09:00:00+00:00,1.0483151807,0.9924679994
2023-01-25 09:30:00+00:00,1.0482766461,0.9924679994
2023-01-25 10:00:00+00:00,1.0472747458,0.9924679994
2023-01-25 10:30:00+00:00,1.0467834294,0.9924679994
2023-01-25 11:00:00+00:00,1.0466003899,0.9924679994
2023-01-25 11:30:00+00:00,1.0466678255,0.9924679994
2023-01-25 12:00:00+00:00,1.0465425880,0.9924679994
2023-01-25 12:30:00+00:00,1.0475444882,0.9924679994
2023-01-25 13:00:00+00:00,1.0475059536,0.9924679994
2023-01-25 13:30:00+00:00,1.0473903497,0.9924679994
2023-01-25 14:00:00+00:00,1.0485174875,0.9924679994
2023-01-25 14:30:00+00:00,1.0494808531,0.9919248044
2023-01-25 15:00:00+00:00,1.0509933371,0.9903276641
2023-01-25 15:30:00+00:00,1.0502997138,0.9910354365
2023-01-25 16:00:00+00:00,1.0489510020,0.9924144502
2023-01-25 16:30:00+00:00,1.0500877735,0.9912518944
2023-01-25 17:00:00+00:00,1.0496060907,0.9917441827
2023-01-25 17:30:00+00:00,1.0499914369,0.9913503144
2023-01-25 18:00:00+00:00,1.0512823467,0.9906439003
2023-01-25 18:30:00+00:00,1.0509548024,0.9906012434
2023-01-26 07:00:00+00:00,1.0504543661,0.9906012434
2023-01-26 07:30:00+00:00,1.0508585647,0.9903479799
2023-01-26 08:00:00+00:00,1.0507334556,0.9904303665
2023-01-26 08:30:00+00:00,1.0498673158,0.9913130943
2023-01-26 09:00:00+00:00,1.0487413340,0.9921502995
2023-01-26 09:30:00+00:00,1.0485873536,0.9922051866
2023-01-26 10:00:00+00:00,1.0488760669,0.9920576579
2023-01-26 10:30:00+00:00,1.0496652165,0.9916547317
2023-01-26 11:00:00+00:00,1.0490300473,0.9919790015
2023-01-26 11:30:00+00:00,1.0492898892,0.9918463091
2023-01-26 12:00:00+00:00,1.0483756306,0.9923134140
2023-01-26 12:30:00+00:00,1.0483178879,0.9923429364
2023-01-26 13:00:00+00:00,1.0487220865,0.9921363320
2023-01-26 13:30:00+00:00,1.0492417704,0.9919822657
2023-01-26 14:00:00+00:00,1.0488568194,0.9921971718
2023-01-26 14:30:00+00:00,1.0477597089,0.9925183245
2023-01-26 15:00:00+00:00,1.0478078278,0.9924896401
2023-01-26 15:30:00+00:00,1.0446801008,0.9924896401
2023-01-26 16:00:00+00:00,1.0454596266,0.9924896401
2023-01-26 16:30:00+00:00,1.0455943595,0.9924896401
2023-01-26 17:00:00+00:00,1.0452190322,0.9924896401
2023-01-26 17:30:00+00:00,1.0456039833,0.9924896401
2023-01-26 18:00:00+00:00,1.0466722224,0.9924896401
2023-01-26 18:30:00+00:00,1.0476538475,0.9924896401
2023-01-27 07:00:00+00:00,1.0481453870,0.9924896401
2023-01-27 07:30:00+00:00,1.0480297307,0.9924896401
2023-01-27 08:00:00+00:00,1.0480297307,0.9924896401
2023-01-27 08:30:00+00:00,1.0496200057,0.9924896401
2023-01-27 09:00:00+00:00,1.0494850732,0.9924896401
2023-01-27 09:30:00+00:00,1.0489838957,0.9924896401
2023-01-27 10:00:00+00:00,1.0493308647,0.9924896401
2023-01-27 10:30:00+00:00,1.0495332634,0.9924896401
2023-01-27 11:00:00+00:00,1.0492152084,0.9924896401
2023-01-27 11:30:00+00:00,1.0485212703,0.9924896401
2023-01-27 12:00:00+00:00,1.0482706815,0.9924896401
2023-01-27 12:30:00+00:00,1.0473647067,0.9924896401
2023-01-27 13:00:00+00:00,1.0475478293,0.9924896401
2023-01-27 13:30:00+00:00,1.0469020813,0.9924896401
2023-01-27 14:00:00+00:00,1.0458322600,0.9924896401
2023-01-27 14:30:00+00:00,1.0471815842,0.9924896401
2023-01-27 15:00:00+00:00,1.0474032589,0.9924896401
2023-01-27 15:30:00+00:00,1.0446082303,0.9924896401
2023-01-27 16:00:00+00:00,1.0464009039,0.9924896401
2023-01-27 16:30:00+00:00,1.0463623518,0.9924896401
2023-01-27 17:00:00+00:00,1.0468828054,0.9924896401
2023-01-27 17:30:00+00:00,1.0473261548,0.9924896401
2023-01-27 18:00:00+00:00,1.0464780081,0.9924896401
2023-01-27 18:30:00+00:00,1.0472490505,0.9924896401
2023-01-30 07:00:00+00:00,1.0467380562,0.9924896401
2023-01-30 07:30:00+00:00,1.0470176569,0.9924896401
2023-01-30 08:00:00+00:00,1.0488880888,0.9924896401
2023-01-30 08:30:00+00:00,1.0491098410,0.9924896401
2023-01-30 09:00:00+00:00,1.0501800366,0.9924896401
2023-01-30 09:30:00+00:00,1.0511056112,0.9924896401
2023-01-30 10:00:00+00:00,1.0520986755,0.9924896401
2023-01-30 10:30:00+00:00,1.0519540545,0.9924896401
2023-01-30 11:00:00+00:00,1.0509513487,0.9924896401
2023-01-30 11:30:00+00:00,1.0505464098,0.9924896401
2023-01-30 12:00:00+00:00,1.0506621066,0.9924896401
2023-01-30 12:30:00+00:00,1.0512984392,0.9924896401
2023-01-30 13:00:00+00:00,1.0505656926,0.9924896401
2023-01-30 13:30:00+00:00,1.0495822697,0.9924896401
2023-01-30 14:00:00+00:00,1.0494472900,0.9924896401
2023-01-30 14:30:00+00:00,1.0500739812,0.9924896401
2023-01-30 15:00:00+00:00,1.0496401181,0.9924896401
2023-01-30 15:30:00+00:00,1.0480974939,0.9924896401
2023-01-30 16:00:00+00:00,1.0476154238,0.9924896401
2023-01-30 16:30:00+00:00,1.0476154238,0.9924896401
2023-01-30 17:00:00+00:00,1.0472297677,0.9924896401
2023-01-30 17:30:00+00:00,1.0468441117,0.9924896401
2023-01-30 18:00:00+00:00,1.0466512836,0.9924896401
2023-01-30 18:30:00+00:00,1.0465355868,0.9924896401
2023-01-31 07:00:00+00:00,1.0469410823,0.9924896401
2023-01-31 07:30:00+00:00,1.0469507370,0.9924896401
2023-01-31 08:00:00+00:00,1.0448846409,0.9924896401
2023-01-31 08:30:00+00:00,1.0430309473,0.9924896401
2023-01-31 09:00:00+00:00,1.0447301665,0.9924896401
2023-01-31 09:30:00+00:00,1.0455894307,0.9924896401
2023-01-31 10:00:00+00:00,1.0451163527,0.9924896401
2023-01-31 10:30:00+00:00,1.0449039503,0.9925520446
2023-01-31 11:00:00+00:00,1.0449232596,0.9924880297
2023-01-31 11:30:00+00:00,1.0461687100,0.9912350476
2023-01-31 12:00:00+00:00,1.0463328392,0.9910701551
2023-01-31 12:30:00+00:00,1.0452322086,0.9921769254
2023-01-31 13:00:00+00:00,1.0460335449,0.9913708814
2023-01-31 13:30:00+00:00,1.0476265628,0.9905244488
2023-01-31 14:00:00+00:00,1.0483796259,0.9899463957
2023-01-31 14:30:00+00:00,1.0473369232,0.9909393329
2023-01-31 15:00:00+00:00,1.0465259322,0.9912946976
2023-01-31 15:30:00+00:00,1.0485147910,0.9912538424
2023-01-31 16:00:00+00:00,1.0488816678,0.9912538424
2023-01-31 16:30:00+00:00,1.0482058420,0.9912538424
2023-01-31 17:00:00+00:00,1.0482444606,0.9912538424
2023-01-31 17:30:00+00:00,1.0490168330,0.9912538424
2023-01-31 18:00:00+00:00,1.0493837099,0.9912538424
2023-01-31 18:30:00+00:00,1.0496926588,0.9912538424
2023-02-01 07:00:00+00:00,1.0504748801,0.9912538424
2023-02-01 07:30:00+00:00,1.0506969923,0.9912538424
2023-02-01 08:00:00+00:00,1.0505907647,0.9912538424
2023-02-01 08:30:00+00:00,1.0514116142,0.9912538424
2023-02-01 09:00:00+00:00,1.0509577327,0.9912538424
2023-02-01 09:30:00+00:00,1.0510349891,0.9912538424
2023-02-01 10:00:00+00:00,1.0512184731,0.9912538424
2023-02-01 10:30:00+00:00,1.0518751527,0.9912538424
2023-02-01 11:00:00+00:00,1.0520006944,0.9912538424
2023-02-01 11:30:00+00:00,1.0519041239,0.9912538424
2023-02-01 12:00:00+00:00,1.0522324636,0.9909626463
2023-02-01 12:30:00+00:00,1.0518268674,0.9914698129
2023-02-01 13:00:00+00:00,1.0526960022,0.9902421893
2023-02-01 13:30:00+00:00,1.0530050279,0.9898063113
2023-02-01 14:00:00+00:00,1.0529277714,0.9899152508
2023-02-01 14:30:00+00:00,1.0530243420,0.9897608322
2023-02-01 15:00:00+00:00,1.0530533131,0.9896983355
2023-02-01 15:30:00+00:00,1.0545115281,0.9896983355
2023-02-01 16:00:00+00:00,1.0544342717,0.9896983355
2023-02-01 16:30:00+00:00,1.0542218165,0.9896983355
2023-02-01 17:00:00+00:00,1.0538645056,0.9896983355
2023-02-01 17:30:00+00:00,1.0533816530,0.9896983355
2023-02-01 18:00:00+00:00,1.0542797589,0.9896983355
2023-02-01 18:30:00+00:00,1.0542990730,0.9896983355
2023-02-02 07:00:00+00:00,1.0541553729,0.9896983355
2023-02-02 07:30:00+00:00,1.0531877920,0.9896983355
2023-02-02 08:00:00+00:00,1.0542990729,0.9896983355
2023-02-02 08:30:00+00:00,1.0542799129,0.9896463944
2023-02-02 09:00:00+00:00,1.0531782120,0.9911374622
2023-02-02 09:30:00+00:00,1.0536667924,0.9904481634
2023-02-02 10:00:00+00:00,1.0523064313,0.9923693754
2023-02-02 10:30:00+00:00,1.0521723112,0.9924805208
2023-02-02 11:00:00+00:00,1.0534081323,0.9915760267
2023-02-02 11:30:00+00:00,1.0537338526,0.9913461378
2023-02-02 12:00:00+00:00,1.0536955326,0.9913731771
2023-02-02 12:30:00+00:00,1.0522776913,0.9923748422
2023-02-02 13:00:00+00:00,1.0511951503,0.9931412186
2023-02-02 13:30:00+00:00,1.0485702280,0.9950052595
2023-02-02 14:00:00+00:00,1.0489917483,0.9947053743
2023-02-02 14:30:00+00:00,1.0447573846,0.9977274737
2023-02-02 15:00:00+00:00,1.0446615845,0.9977285669
2023-02-02 15:30:00+00:00,1.0477463473,0.9976988479
2023-02-02 16:00:00+00:00,1.0468841465,0.9976988479
2023-02-02 16:30:00+00:00,1.0458590856,0.9976988479
2023-02-02 17:00:00+00:00,1.0464051461,0.9976988479
2023-02-02 17:30:00+00:00,1.0450447849,0.9976988479
2023-02-02 18:00:00+00:00,1.0462327059,0.9976988479
2023-02-02 18:30:00+00:00,1.0460794258,0.9976988479
2023-02-03 07:00:00+00:00,1.0455419116,0.9976988479
2023-02-03 07:30:00+00:00,1.0461946075,0.9976988479
2023-02-03 08:00:00+00:00,1.0458010703,0.9976988479
2023-02-03 08:30:00+00:00,1.0465593493,0.9976988479
2023-02-03 09:00:00+00:00,1.0474808022,0.9972661756
2023-02-03 09:30:00+00:00,1.0491221402,0.9958314677
2023-02-03 10:00:00+00:00,1.0490549509,0.9958885809
2023-02-03 10:30:00+00:00,1.0496116621,0.9954155659
2023-02-03 11:00:00+00:00,1.0491509356,0.9958069927
2023-02-03 11:30:00+00:00,1.0490165571,0.9959212202
2023-02-03 12:00:00+00:00,1.0494772836,0.9955296984
2023-02-03 12:30:00+00:00,1.0493812989,0.9956112386
2023-02-03 13:00:00+00:00,1.0487190046,0.9961742512
2023-02-03 13:30:00+00:00,1.0404547233,1.0014592020
2023-02-03 14:00:00+00:00,1.0413185854,1.0011468157
2023-02-03 14:30:00+00:00,1.0427967495,1.0010794852
2023-02-03 15:00:00+00:00,1.0416257364,1.0010794852
2023-02-03 15:30:00+00:00,1.0422400384,1.0010794852
2023-02-03 16:00:00+00:00,1.0407042835,1.0010794852
2023-02-03 16:30:00+00:00,1.0390533471,1.0010794852
2023-02-03 17:00:00+00:00,1.0393317027,1.0010794852
2023-02-03 17:30:00+00:00,1.0389957563,1.0010794852
2023-02-03 18:00:00+00:00,1.0379591218,1.0010794852
2023-02-03 18:30:00+00:00,1.0377671525,1.0010794852
2023-02-06 07:00:00+00:00,1.0380653808,1.0010794852
2023-02-06 07:30:00+00:00,1.0370648729,1.0010794852
2023-02-06 08:00:00+00:00,1.0366415811,1.0010794852
2023-02-06 08:30:00+00:00,1.0375651268,1.0010794852
2023-02-06 09:00:00+00:00,1.0363241122,1.0010794852
2023-02-06 09:30:00+00:00,1.0357661367,1.0010794852
2023-02-06 10:00:00+00:00,1.0360932258,1.0010794852
2023-02-06 10:30:00+00:00,1.0356987948,1.0010794852
2023-02-06 11:00:00+00:00,1.0352562625,1.0010794852
2023-02-06 11:30:00+00:00,1.0357372759,1.0010794852
2023-02-06 12:00:00+00:00,1.0363144919,1.0010794852
2023-02-06 12:30:00+00:00,1.0364106946,1.0010794852
2023-02-06 13:00:00+00:00,1.0361990487,1.0010794852
2023-02-06 13:30:00+00:00,1.0349580342,1.0010794852
2023-02-06 14:00:00+00:00,1.0345058816,1.0010794852
2023-02-06 14:30:00+00:00,1.0336689183,1.0010794852
2023-02-06 15:00:00+00:00,1.0323894227,1.0010794852
2023-02-06 15:30:00+00:00,1.0322739795,1.0010794852
2023-02-06 16:00:00+00:00,1.0326972713,1.0010794852
2023-02-06 16:30:00+00:00,1.0314081553,1.0010794852
2023-02-06 17:00:00+00:00,1.0311003068,1.0011535460
2023-02-06 17:30:00+00:00,1.0306385339,1.0014522242
2023-02-06 18:00:00+00:00,1.0310041041,1.0011875938
2023-02-06 18:30:00+00:00,1.0319084093,1.0005336847
2023-02-07 07:00:00+00:00,1.0315817131,1.0006127701
2023-02-07 07:30:00+00:00,1.0304671025,1.0012022316
2023-02-07 08:00:00+00:00,1.0291891438,1.0021192231
2023-02-07 08:30:00+00:00,1.0299578408,1.0015553884
2023-02-07 09:00:00+00:00,1.0304190590,1.0012174417
2023-02-07 09:30:00+00:00,1.0291891438,1.0021192231
2023-02-07 10:00:00+00:00,1.0298713623,1.0016187830
2023-02-07 10:30:00+00:00,1.0294389703,1.0019358958
2023-02-07 11:00:00+00:00,1.0288624475,1.0023590766
2023-02-07 11:30:00+00:00,1.0286222297,1.0025355246
2023-02-07 12:00:00+00:00,1.0292275786,1.0020910139
2023-02-07 12:30:00+00:00,1.0286510558,1.0025143470
2023-02-07 13:00:00+00:00,1.0270560097,1.0033753228
2023-02-07 13:30:00+00:00,1.0276901847,1.0031229847
2023-02-07 14:00:00+00:00,1.0273538797,1.0032467360
2023-02-07 14:30:00+00:00,1.0264314434,1.0035864547
2023-02-07 15:00:00+00:00,1.0253072240,1.0040010557
2023-02-07 15:30:00+00:00,1.0274211407,1.0032219813
2023-02-07 16:00:00+00:00,1.0276709672,1.0031300547
2023-02-07 16:30:00+00:00,1.0286030123,1.0027873692
2023-02-07 17:00:00+00:00,1.0278631415,1.0030593629
2023-02-07 17:30:00+00:00,1.0338974124,1.0019337960
2023-02-07 18:00:00+00:00,1.0292275785,1.0019149112
2023-02-07 18:30:00+00:00,1.0283435770,1.0019149112
2023-02-08 07:00:00+00:00,1.0292542687,1.0019149112
2023-02-08 07:30:00+00:00,1.0313632392,1.0019149112
2023-02-08 08:00:00+00:00,1.0303279265,1.0019149112
2023-02-08 08:30:00+00:00,1.0307305481,1.0019149112
2023-02-08 09:00:00+00:00,1.0308743415,1.0019149112
2023-02-08 09:30:00+00:00,1.0310181350,1.0019149112
2023-02-08 10:00:00+00:00,1.0302895816,1.0019149112
2023-02-08 10:30:00+00:00,1.0301937193,1.0019149112
2023-02-08 11:00:00+00:00,1.0296281317,1.0019149112
2023-02-08 11:30:00+00:00,1.0290721304,1.0019149112
2023-02-08 12:00:00+00:00,1.0301553743,1.0019149112
2023-02-08 12:30:00+00:00,1.0289666820,1.0019149112
2023-02-08 13:00:00+00:00,1.0286790951,1.0019149112
2023-02-08 13:30:00+00:00,1.0287557849,1.0019149112
2023-02-08 14:00:00+00:00,1.0286790951,1.0019149112
2023-02-08 14:30:00+00:00,1.0281230938,1.0019149112
2023-02-08 15:00:00+00:00,1.0275479200,1.0019149112
2023-02-08 15:30:00+00:00,1.0281518525,1.0019149112
2023-02-08 16:00:00+00:00,1.0278546794,1.0019149112
2023-02-08 16:30:00+00:00,1.0289570958,1.0019149112
2023-02-08 17:00:00+00:00,1.0291967515,1.0019149112
2023-02-08 17:30:00+00:00,1.0284490256,1.0019149112
2023-02-08 18:00:00+00:00,1.0285257155,1.0019149112
2023-02-08 18:30:00+00:00,1.0289858545,1.0019149112
2023-02-09 07:00:00+00:00,1.0287175850,1.0019149112
2023-02-09 07:30:00+00:00,1.0283439240,1.0019149112
2023-02-09 08:00:00+00:00,1.0303272019,1.0019149112
2023-02-09 08:30:00+00:00,1.0302505534,1.0019149112
2023-02-09 09:00:00+00:00,1.0304038503,1.0019149112
2023-02-09 09:30:00+00:00,1.0312757260,1.0019149112
2023-02-09 10:00:00+00:00,1.0317068734,1.0017432033
2023-02-09 10:30:00+00:00,1.0326074923,1.0011203509
2023-02-09 11:00:00+00:00,1.0312757260,1.0019919449
2023-02-09 11:30:00+00:00,1.0312278208,1.0020233323
2023-02-09 12:00:00+00:00,1.0318697513,1.0016029437
2023-02-09 12:30:00+00:00,1.0318218460,1.0016343008
2023-02-09 13:00:00+00:00,1.0317451976,1.0016844774
2023-02-09 13:30:00+00:00,1.0337763807,1.0003569042
2023-02-09 14:00:00+00:00,1.0334506249,1.0005695228
2023-02-09 14:30:00+00:00,1.0328470186,1.0009637891
2023-02-09 15:00:00+00:00,1.0319368186,1.0015590477
2023-02-09 15:30:00+00:00,1.0311894966,1.0020484440
2023-02-09 16:00:00+00:00,1.0300972567,1.0027647846
2023-02-09 16:30:00+00:00,1.0309978756,1.0024406155
2023-02-09 17:00:00+00:00,1.0308924840,1.0024118679
2023-02-09 17:30:00+00:00,1.0298481493,1.0024118679
2023-02-09 18:00:00+00:00,1.0291391514,1.0024118679
2023-02-09 18:30:00+00:00,1.0291391514,1.0024118679
2023-02-10 07:00:00+00:00,1.0301372721,1.0024118679
2023-02-10 07:30:00+00:00,1.0308666679,1.0024118679
2023-02-10 08:00:00+00:00,1.0305883458,1.0024118679
2023-02-10 08:30:00+00:00,1.0309434464,1.0024118679
2023-02-10 09:00:00+00:00,1.0288128428,1.0024118679
2023-02-10 09:30:00+00:00,1.0275459974,1.0024118679
2023-02-10 10:00:00+00:00,1.0276131786,1.0024118679
2023-02-10 10:30:00+00:00,1.0277571383,1.0024118679
2023-02-10 11:00:00+00:00,1.0264135144,1.0024118679
2023-02-10 11:30:00+00:00,1.0267782123,1.0024118679
2023-02-10 12:00:00+00:00,1.0266246553,1.0024381665
2023-02-10 12:30:00+00:00,1.0253002260,1.0034605567
2023-02-10 13:00:00+00:00,1.0264039171,1.0025775641
2023-02-10 13:30:00+00:00,1.0265094875,1.0024931944
2023-02-10 14:00:00+00:00,1.0267974069,1.0022631753
2023-02-10 14:30:00+00:00,1.0267014338,1.0022415572
2023-02-10 15:00:00+00:00,1.0267014338,1.0022084427
2023-02-10 15:30:00+00:00,1.0247051926,1.0022084427
2023-02-10 16:00:00+00:00,1.0245708302,1.0022084427
2023-02-10 16:30:00+00:00,1.0239182129,1.0022084427
2023-02-10 17:00:00+00:00,1.0241965350,1.0022084427
2023-02-10 17:30:00+00:00,1.0238798237,1.0023013376
2023-02-10 18:00:00+00:00,1.0244172732,1.0018396381
2023-02-10 18:30:00+00:00,1.0241677431,1.0020377836
2023-02-13 07:00:00+00:00,1.0256069895,1.0014301362
2023-02-13 07:30:00+00:00,1.0250408859,1.0013953734
2023-02-13 08:00:00+00:00,1.0243692376,1.0013953734
2023-02-13 08:30:00+00:00,1.0242061230,1.0013953734
2023-02-13 09:00:00+00:00,1.0240717933,1.0013953734
2023-02-13 09:30:00+00:00,1.0244555924,1.0013953734
2023-02-13 10:00:00+00:00,1.0246091120,1.0013953734
2023-02-13 10:30:00+00:00,1.0247818216,1.0013953734
2023-02-13 11:00:00+00:00,1.0243596426,1.0013953734
2023-02-13 11:30:00+00:00,1.0243500477,1.0013953734
2023-02-13 12:00:00+00:00,1.0260675484,1.0006762082
2023-02-13 12:30:00+00:00,1.0257796991,1.0008718359
2023-02-13 13:00:00+00:00,1.0249353412,1.0015428634
2023-02-13 13:30:00+00:00,1.0248202014,1.0015556971
2023-02-13 14:00:00+00:00,1.0255302297,1.0015189462
2023-02-13 14:30:00+00:00,1.0271421857,1.0015189462
2023-02-13 15:00:00+00:00,1.0279481636,1.0015189462
2023-02-13 15:30:00+00:00,1.0285430522,1.0015189462
2023-02-13 16:00:00+00:00,1.0281208732,1.0015189462
2023-02-13 16:30:00+00:00,1.0282839878,1.0015189462
2023-02-13 17:00:00+00:00,1.0286581919,1.0015189462
2023-02-13 17:30:00+00:00,1.0284183175,1.0015189462
2023-02-13 18:00:00+00:00,1.0286869768,1.0015189462
2023-02-13 18:30:00+00:00,1.0293490302,1.0015189462
2023-02-14 07:00:00+00:00,1.0290518934,1.0015189462
2023-02-14 07:30:00+00:00,1.0286780761,1.0015189462
2023-02-14 08:00:00+00:00,1.0289943830,1.0012776746
2023-02-14 08:30:00+00:00,1.0302596107,0.9997080513
2023-02-14 09:00:00+00:00,1.0312085315,0.9990856136
2023-02-14 09:30:00+00:00,1.0314864982,0.9988162867
2023-02-14 10:00:00+00:00,1.0307963740,0.9995934585
2023-02-14 10:30:00+00:00,1.0309401499,0.9994259607
2023-02-14 11:00:00+00:00,1.0314673281,0.9988122420
2023-02-14 11:30:00+00:00,1.0308922246,0.9994817876
2023-02-14 12:00:00+00:00,1.0313139671,0.9989907072
2023-02-14 12:30:00+00:00,1.0311606062,0.9991692307
2023-02-14 13:00:00+00:00,1.0310839257,0.9992585144
2023-02-14 13:30:00+00:00,1.0314577430,0.9988233944
2023-02-14 14:00:00+00:00,1.0280358770,1.0017946599
2023-02-14 14:30:00+00:00,1.0306238427,1.0006241408
2023-02-14 15:00:00+00:00,1.0307963738,1.0005836814
2023-02-14 15:30:00+00:00,1.0271157114,1.0005836814
2023-02-14 16:00:00+00:00,1.0271732217,1.0005836814
2023-02-14 16:30:00+00:00,1.0276524746,1.0005836814
2023-02-14 17:00:00+00:00,1.0277866655,1.0005836814
2023-02-14 17:30:00+00:00,1.0282659184,1.0005836814
2023-02-14 18:00:00+00:00,1.0289943828,1.0005836814
2023-02-14 18:30:00+00:00,1.0286301506,1.0005836814
2023-02-15 07:00:00+00:00,1.0289375657,1.0005836814
2023-02-15 07:30:00+00:00,1.0287070044,1.0005836814
2023-02-15 08:00:00+00:00,1.0297637438,1.0005836814
2023-02-15 08:30:00+00:00,1.0302536866,1.0005836814
2023-02-15 09:00:00+00:00,1.0301672261,1.0005836814
2023-02-15 09:30:00+00:00,1.0303977874,1.0005836814
2023-02-15 10:00:00+00:00,1.0300519455,1.0005836814
2023-02-15 10:30:00+00:00,1.0294179018,1.0005836814
2023-02-15 11:00:00+00:00,1.0298598110,1.0005836814
2023-02-15 11:30:00+00:00,1.0289759926,1.0005836814
2023-02-15 12:00:00+00:00,1.0291489136,1.0005836814
2023-02-15 12:30:00+00:00,1.0276886918,1.0005836814
2023-02-15 13:00:00+00:00,1.0277271187,1.0005836814
2023-02-15 13:30:00+00:00,1.0262861104,1.0005836814
2023-02-15 14:00:00+00:00,1.0256712802,1.0005836814
2023-02-15 14:30:00+00:00,1.0249892029,1.0005836814
2023-02-15 15:00:00+00:00,1.0253254382,1.0005836814
2023-02-15 15:30:00+00:00,1.0256136398,1.0005836814
2023-02-15 16:00:00+00:00,1.0251717306,1.0005836814
2023-02-15 16:30:00+00:00,1.0262284700,1.0005836814
2023-02-15 17:00:00+00:00,1.0246721811,1.0005836814
2023-02-15 17:30:00+00:00,1.0247490349,1.0005836814
2023-02-15 18:00:00+00:00,1.0253446516,1.0005836814
2023-02-15 18:30:00+00:00,1.0255848197,1.0005836814
2023-02-16 07:00:00+00:00,1.0263708113,1.0005836814
2023-02-16 07:30:00+00:00,1.0264762492,1.0005836814
2023-02-16 08:00:00+00:00,1.0274539460,1.0005836814
2023-02-16 08:30:00+00:00,1.0262941292,1.0005836814
2023-02-16 09:00:00+00:00,1.0257573545,1.0005836814
2023-02-16 09:30:00+00:00,1.0256615018,1.0005854464
2023-02-16 10:00:00+00:00,1.0263324703,0.9998536614
2023-02-16 10:30:00+00:00,1.0262366176,0.9999517378
2023-02-16 11:00:00+00:00,1.0251151419,1.0011006283
2023-02-16 11:30:00+00:00,1.0261120093,1.0000792651
2023-02-16 12:00:00+00:00,1.0253547735,1.0008549224
2023-02-16 12:30:00+00:00,1.0250288745,1.0011891112
2023-02-16 13:00:00+00:00,1.0259298892,1.0002657084
2023-02-16 13:30:00+00:00,1.0236485965,1.0019973651
2023-02-16 14:00:00+00:00,1.0222683186,1.0026862369
2023-02-16 14:30:00+00:00,1.0220382723,1.0028047402
2023-02-16 15:00:00+00:00,1.0229967986,1.0023112447
2023-02-16 15:30:00+00:00,1.0230543102,1.0022816574
2023-02-16 16:00:00+00:00,1.0235431586,1.0020302676
2023-02-16 16:30:00+00:00,1.0240320070,1.0017790609
2023-02-16 17:00:00+00:00,1.0240703481,1.0017593662
2023-02-16 17:30:00+00:00,1.0249330217,1.0015166809
2023-02-16 18:00:00+00:00,1.0240991038,1.0020075579
2023-02-16 18:30:00+00:00,1.0248563396,1.0012208500
2023-02-17 07:00:00+00:00,1.0252707228,1.0009655607
2023-02-17 07:30:00+00:00,1.0257429269,1.0005868289
2023-02-17 08:00:00+00:00,1.0252996333,1.0010092529
2023-02-17 08:30:00+00:00,1.0257236533,1.0005826542
2023-02-17 09:00:00+00:00,1.0258778423,1.0004276162
2023-02-17 09:30:00+00:00,1.0250683496,1.0012420942
2023-02-17 10:00:00+00:00,1.0251839914,1.0011371716
2023-02-17 10:30:00+00:00,1.0255116432,1.0010856323
2023-02-17 11:00:00+00:00,1.0245961455,1.0010856323
2023-02-17 11:30:00+00:00,1.0239697524,1.0010856323
2023-02-17 12:00:00+00:00,1.0233144487,1.0010856323
2023-02-17 12:30:00+00:00,1.0234300905,1.0009846988
2023-02-17 13:00:00+00:00,1.0244708669,0.9998744484
2023-02-17 13:30:00+00:00,1.0254730960,0.9988597583
2023-02-17 14:00:00+00:00,1.0261476733,0.9984694708
2023-02-17 14:30:00+00:00,1.0253960014,0.9990199373
2023-02-17 15:00:00+00:00,1.0276799274,0.9966818431
2023-02-17 15:30:00+00:00,1.0274968279,0.9968671009
2023-02-17 16:00:00+00:00,1.0274004597,0.9968664537
2023-02-17 16:30:00+00:00,1.0289230770,0.9968195369
2023-02-17 17:00:00+00:00,1.0302818684,0.9968195369
2023-02-17 17:30:00+00:00,1.0290579924,0.9968195369
2023-02-17 18:00:00+00:00,1.0299638533,0.9968195369
2023-02-17 18:30:00+00:00,1.0297518433,0.9968195369
2023-02-20 07:00:00+00:00,1.0303972021,0.9968195369
2023-02-20 07:30:00+00:00,1.0308210199,0.9968195369
2023-02-20 08:00:00+00:00,1.0301467644,0.9970943906
2023-02-20 08:30:00+00:00,1.0299733844,0.9972145028
2023-02-20 09:00:00+00:00,1.0294532445,0.9977069227
2023-02-20 09:30:00+00:00,1.0286634024,0.9982452387
2023-02-20 10:00:00+00:00,1.0291931745,0.9979709789
2023-02-20 10:30:00+00:00,1.0295110378,0.9978203989
2023-02-20 11:00:00+00:00,1.0293761867,0.9978842729
2023-02-20 11:30:00+00:00,1.0292413356,0.9979481593
2023-02-20 12:00:00+00:00,1.0290197945,0.9980531427
2023-02-20 12:30:00+00:00,1.0278831924,0.9985922827
2023-02-20 13:00:00+00:00,1.0285670801,0.9982677786
2023-02-20 13:30:00+00:00,1.0287789889,0.9981672932
2023-02-20 14:00:00+00:00,1.0295880955,0.9977839050
2023-02-20 14:30:00+00:00,1.0295688311,0.9977930281
2023-02-20 15:00:00+00:00,1.0292991289,0.9979207779
2023-02-20 15:30:00+00:00,1.0293183933,0.9979116513
2023-02-20 16:00:00+00:00,1.0291835422,0.9979755431
2023-02-20 16:30:00+00:00,1.0295303022,0.9978112750
2023-02-20 17:00:00+00:00,1.0293761866,0.9978842729
2023-02-20 17:30:00+00:00,1.0292509677,0.9979435956
2023-02-20 18:00:00+00:00,1.0292894966,0.9979253413
2023-02-20 18:30:00+00:00,1.0290679556,0.9980303174
2023-02-21 07:00:00+00:00,1.0281518312,0.9982243439
2023-02-21 07:30:00+00:00,1.0289329478,0.9976233340
2023-02-21 08:00:00+00:00,1.0296947774,0.9966635922
2023-02-21 08:30:00+00:00,1.0280457536,0.9986225352
2023-02-21 09:00:00+00:00,1.0275153659,0.9990670701
2023-02-21 09:30:00+00:00,1.0282964824,0.9985730569
2023-02-21 10:00:00+00:00,1.0279686064,0.9987681461
2023-02-21 10:30:00+00:00,1.0269078309,0.9994000051
2023-02-21 11:00:00+00:00,1.0275925132,0.9989920485
2023-02-21 11:30:00+00:00,1.0277371644,0.9989059165
2023-02-21 12:00:00+00:00,1.0272260635,0.9992103369
2023-02-21 12:30:00+00:00,1.0279878932,0.9987566675
2023-02-21 13:00:00+00:00,1.0282868390,0.9985787934
2023-02-21 13:30:00+00:00,1.0273128542,0.9991586257
2023-02-21 14:00:00+00:00,1.0280650405,0.9987107565
2023-02-21 14:30:00+00:00,1.0269078309,0.9994000051
2023-02-21 15:00:00+00:00,1.0293572579,0.9986477125
2023-02-21 15:30:00+00:00,1.0304373203,0.9978543593
2023-02-21 16:00:00+00:00,1.0292415370,0.9982462192
2023-02-21 16:30:00+00:00,1.0276407303,0.9982169590
2023-02-21 17:00:00+00:00,1.0277564512,0.9982169590
2023-02-21 17:30:00+00:00,1.0280650405,0.9982169590
2023-02-21 18:00:00+00:00,1.0266571020,0.9982169590
2023-02-21 18:30:00+00:00,1.0263292260,0.9982169590
2023-02-22 07:00:00+00:00,1.0264833208,0.9982169590
2023-02-22 07:30:00+00:00,1.0260595601,0.9982169590
2023-02-22 08:00:00+00:00,1.0259825127,0.9982169590
2023-02-22 08:30:00+00:00,1.0252601932,0.9982169590
2023-02-22 09:00:00+00:00,1.0251542530,0.9982169590
2023-02-22 09:30:00+00:00,1.0244800882,0.9982169590
2023-02-22 10:00:00+00:00,1.0244415645,0.9982169590
2023-02-22 10:30:00+00:00,1.0233051154,0.9982169590
2023-02-22 11:00:00+00:00,1.0241911605,0.9982169590
2023-02-22 11:30:00+00:00,1.0237866616,0.9982169590
2023-02-22 12:00:00+00:00,1.0246534449,0.9982169590
2023-02-22 12:30:00+00:00,1.0254817045,0.9982169590
2023-02-22 13:00:00+00:00,1.0249905273,0.9982169590
2023-02-22 13:30:00+00:00,1.0253372407,0.9982169590
2023-02-22 14:00:00+00:00,1.0254142881,0.9982169590
2023-02-22 14:30:00+00:00,1.0256743231,0.9982169590
2023-02-22 15:00:00+00:00,1.0253853953,0.9982169590
2023-02-22 15:30:00+00:00,1.0234784720,0.9982169590
2023-02-22 16:00:00+00:00,1.0234688411,0.9982169590
2023-02-22 16:30:00+00:00,1.0230836041,0.9982169590
2023-02-22 17:00:00+00:00,1.0235940431,0.9982169590
2023-02-22 17:30:00+00:00,1.0235940431,0.9982169590
2023-02-22 18:00:00+00:00,1.0234206865,0.9982169590
2023-02-22 18:30:00+00:00,1.0232665917,0.9982169590
2023-02-23 07:00:00+00:00,1.0222840246,0.9982169590
2023-02-23 07:30:00+00:00,1.0226982441,0.9982169590
2023-02-23 08:00:00+00:00,1.0222165935,0.9982169590
2023-02-23 08:30:00+00:00,1.0216771449,0.9984804663
2023-02-23 09:00:00+00:00,1.0205597157,0.9991333682
2023-02-23 09:30:00+00:00,1.0202418263,0.9993193162
2023-02-23 10:00:00+00:00,1.0205982477,0.9991108353
2023-02-23 10:30:00+00:00,1.0209065040,0.9989306213
2023-02-23 11:00:00+00:00,1.0204055875,0.9992235132
2023-02-23 11:30:00+00:00,1.0215037508,0.9985817039
2023-02-23 12:00:00+00:00,1.0223707218,0.9983044905
2023-02-23 12:30:00+00:00,1.0224285198,0.9982270640
2023-02-23 13:00:00+00:00,1.0224670519,0.9981283438
2023-02-23 13:30:00+00:00,1.0218216401,0.9988719923
2023-02-23 14:00:00+00:00,1.0217734750,0.9989275295
2023-02-23 14:30:00+00:00,1.0217734750,0.9989275295
2023-02-23 15:00:00+00:00,1.0213110905,0.9993036294
2023-02-23 15:30:00+00:00,1.0207909079,0.9995771595
2023-02-23 16:00:00+00:00,1.0204248535,0.9997886126
2023-02-23 16:30:00+00:00,1.0194037544,1.0003790931
2023-02-23 17:00:00+00:00,1.0193844884,1.0003902433
2023-02-23 17:30:00+00:00,1.0196927447,1.0002118806
2023-02-23 18:00:00+00:00,1.0196445797,1.0002397441
2023-02-23 18:30:00+00:00,1.0199624690,1.0000558835
2023-02-24 07:00:00+00:00,1.0191637288,1.0002615362
2023-02-24 07:30:00+00:00,1.0190578716,1.0003040182
2023-02-24 08:00:00+00:00,1.0192118457,1.0000525185
2023-02-24 08:30:00+00:00,1.0190097547,1.0003198532
2023-02-24 09:00:00+00:00,1.0190290015,1.0002943874
2023-02-24 09:30:00+00:00,1.0187114300,1.0007147177
2023-02-24 10:00:00+00:00,1.0195294171,0.9996326724
2023-02-24 10:30:00+00:00,1.0187787937,1.0006255310
2023-02-24 11:00:00+00:00,1.0185382093,1.0009441185
2023-02-24 11:30:00+00:00,1.0181340274,1.0013135480
2023-02-24 12:00:00+00:00,1.0172967937,1.0018397443
2023-02-24 12:30:00+00:00,1.0168444950,1.0021400452
2023-02-24 13:00:00+00:00,1.0172775469,1.0018525185
2023-02-24 13:30:00+00:00,1.0156511963,1.0029334028
2023-02-24 14:00:00+00:00,1.0142269364,1.0038823584
2023-02-24 14:30:00+00:00,1.0150737936,1.0033178459
2023-02-24 15:00:00+00:00,1.0152951312,1.0031704328
2023-02-24 15:30:00+00:00,1.0145156377,1.0036898224
2023-02-24 16:00:00+00:00,1.0156704429,1.0029205944
2023-02-24 16:30:00+00:00,1.0146696118,1.0035871739
2023-02-24 17:00:00+00:00,1.0155742092,1.0029846407
2023-02-24 17:30:00+00:00,1.0149968066,1.0033691326
2023-02-24 18:00:00+00:00,1.0156704429,1.0029205944
2023-02-24 18:30:00+00:00,1.0148139624,1.0034909648
2023-02-27 07:00:00+00:00,1.0161236731,1.0030241495
2023-02-27 07:30:00+00:00,1.0157962454,1.0032408415
2023-02-27 08:00:00+00:00,1.0163162776,1.0025689005
2023-02-27 08:30:00+00:00,1.0162296056,1.0026740444
2023-02-27 09:00:00+00:00,1.0165088821,1.0023353190
2023-02-27 09:30:00+00:00,1.0161044126,1.0028259543
2023-02-27 10:00:00+00:00,1.0163933194,1.0024754561
2023-02-27 10:30:00+00:00,1.0176837697,1.0016377017
2023-02-27 11:00:00+00:00,1.0173563420,1.0019106661
2023-02-27 11:30:00+00:00,1.0171637375,1.0021235938
2023-02-27 12:00:00+00:00,1.0167785285,1.0026025962
2023-02-27 12:30:00+00:00,1.0167785285,1.0026025962
2023-02-27 13:00:00+00:00,1.0163451683,1.0029707937
2023-02-27 13:30:00+00:00,1.0191571944,1.0016242465
2023-02-27 14:00:00+00:00,1.0192823873,1.0015834298
2023-02-27 14:30:00+00:00,1.0198216800,1.0015834298
2023-02-27 15:00:00+00:00,1.0224411014,1.0015834298
2023-02-27 15:30:00+00:00,1.0209002652,1.0015834298
2023-02-27 16:00:00+00:00,1.0198216798,1.0015834298
2023-02-27 16:30:00+00:00,1.0203513423,1.0015834298
2023-02-27 17:00:00+00:00,1.0200528053,1.0015834298
2023-02-27 17:30:00+00:00,1.0209387861,1.0015834298
2023-02-27 18:00:00+00:00,1.0211313906,1.0015834298
2023-02-27 18:30:00+00:00,1.0214588183,1.0015834298
2023-02-28 07:00:00+00:00,1.0215552989,1.0015834298
2023-02-28 07:30:00+00:00,1.0220666457,1.0015834298
2023-02-28 08:00:00+00:00,1.0233691332,1.0015834298
2023-02-28 08:30:00+00:00,1.0242278100,1.0015834298
2023-02-28 09:00:00+00:00,1.0245365478,1.0015834298
2023-02-28 09:30:00+00:00,1.0232726526,1.0015834298
2023-02-28 10:00:00+00:00,1.0238322398,1.0015834298
2023-02-28 10:30:00+00:00,1.0242664023,1.0015834298
2023-02-28 11:00:00+00:00,1.0240541451,1.0015834298
2023-02-28 11:30:00+00:00,1.0235620943,1.0015834298
2023-02-28 12:00:00+00:00,1.0238708320,1.0015834298
2023-02-28 12:30:00+00:00,1.0244014750,1.0015834298
2023-02-28 13:00:00+00:00,1.0242856984,1.0015834298
2023-02-28 13:30:00+00:00,1.0257136104,1.0015834298
2023-02-28 14:00:00+00:00,1.0249224699,1.0015834298
2023-02-28 14:30:00+00:00,1.0260127001,1.0015834298
2023-02-28 15:00:00+00:00,1.0258004429,1.0015834298
2023-02-28 15:30:00+00:00,1.0231954682,1.0015834298
2023-02-28 16:00:00+00:00,1.0237164632,1.0015834298
2023-02-28 16:30:00+00:00,1.0227709538,1.0015834298
2023-02-28 17:00:00+00:00,1.0228191941,1.0015834298
2023-02-28 17:30:00+00:00,1.0232340604,1.0015834298
2023-02-28 18:00:00+00:00,1.0218061483,1.0015834298
2023-02-28 18:30:00+00:00,1.0218640367,1.0015834298
2023-03-01 07:00:00+00:00,1.0227310682,1.0015834298
2023-03-01 07:30:00+00:00,1.0251587564,1.0015834298
2023-03-01 08:00:00+00:00,1.0250046175,1.0015834298
2023-03-01 08:30:00+00:00,1.0258234805,1.0015834298
2023-03-01 09:00:00+00:00,1.0253995985,1.0015834298
2023-03-01 09:30:00+00:00,1.0252550932,1.0015834298
2023-03-01 10:00:00+00:00,1.0270662256,1.0015834298
2023-03-01 10:30:00+00:00,1.0277405835,1.0015834298
2023-03-01 11:00:00+00:00,1.0274515730,1.0015834298
2023-03-01 11:30:00+00:00,1.0278947224,1.0015834298
2023-03-01 12:00:00+00:00,1.0287810212,1.0015834298
2023-03-01 12:30:00+00:00,1.0295228148,1.0015834298
2023-03-01 13:00:00+00:00,1.0284823771,1.0022718877
2023-03-01 13:30:00+00:00,1.0280488613,1.0028380179
2023-03-01 14:00:00+00:00,1.0280873961,1.0027816359
2023-03-01 14:30:00+00:00,1.0276057119,1.0034867906
2023-03-01 15:00:00+00:00,1.0257175101,1.0062589827
2023-03-01 15:30:00+00:00,1.0281451982,1.0026970728
2023-03-01 16:00:00+00:00,1.0281837329,1.0026080511
2023-03-01 16:30:00+00:00,1.0282415350,1.0025472204
2023-03-01 17:00:00+00:00,1.0276924151,1.0025472204
2023-03-01 17:30:00+00:00,1.0274708404,1.0025472204
2023-03-01 18:00:00+00:00,1.0267001457,1.0025472204
2023-03-01 18:30:00+00:00,1.0261799268,1.0025472204
2023-03-02 07:00:00+00:00,1.0259387972,1.0025472204
2023-03-02 07:30:00+00:00,1.0259002165,1.0025472204
2023-03-02 08:00:00+00:00,1.0252057634,1.0025472204
2023-03-02 08:30:00+00:00,1.0261124105,1.0025472204
2023-03-02 09:00:00+00:00,1.0253311507,1.0025472204
2023-03-02 09:30:00+00:00,1.0247427945,1.0025472204
2023-03-02 10:00:00+00:00,1.0249549885,1.0025472204
2023-03-02 10:30:00+00:00,1.0237396955,1.0025472204
2023-03-02 11:00:00+00:00,1.0244245035,1.0025472204
2023-03-02 11:30:00+00:00,1.0248006656,1.0025472204
2023-03-02 12:00:00+00:00,1.0247235042,1.0025472204
2023-03-02 12:30:00+00:00,1.0229680809,1.0025472204
2023-03-02 13:00:00+00:00,1.0230838231,1.0025472204
2023-03-02 13:30:00+00:00,1.0210583348,1.0025472204
2023-03-02 14:00:00+00:00,1.0221675307,1.0025472204
2023-03-02 14:30:00+00:00,1.0223314989,1.0025472204
2023-03-02 15:00:00+00:00,1.0226112091,1.0025472204
2023-03-02 15:30:00+00:00,1.0232188557,1.0025472204
2023-03-02 16:00:00+00:00,1.0221000145,1.0025472204
2023-03-02 16:30:00+00:00,1.0218106590,1.0025472204
2023-03-02 17:00:00+00:00,1.0213476902,1.0025472204
2023-03-02 17:30:00+00:00,1.0204506882,1.0025472204
2023-03-02 18:00:00+00:00,1.0202674297,1.0025472204
2023-03-02 18:30:00+00:00,1.0217142072,1.0025472204
2023-03-03 07:00:00+00:00,1.0212139988,1.0025472204
2023-03-03 07:30:00+00:00,1.0205983576,1.0025472204
2023-03-03 08:00:00+00:00,1.0214544836,1.0025472204
2023-03-03 08:30:00+00:00,1.0216949684,1.0025472204
2023-03-03 09:00:00+00:00,1.0212909539,1.0025472204
2023-03-03 09:30:00+00:00,1.0206175964,1.0025472204
2023-03-03 10:00:00+00:00,1.0209061782,1.0025472204
2023-03-03 10:30:00+00:00,1.0212717152,1.0025472204
2023-03-03 11:00:00+00:00,1.0206849322,1.0027956072
2023-03-03 11:30:00+00:00,1.0210697079,1.0023556078
2023-03-03 12:00:00+00:00,1.0203386340,1.0030979577
2023-03-03 12:30:00+00:00,1.0208677007,1.0025606227
2023-03-03 13:00:00+00:00,1.0212524764,1.0021701891
2023-03-03 13:30:00+00:00,1.0218104012,1.0016045916
2023-03-03 14:00:00+00:00,1.0211370437,1.0022872877
2023-03-03 14:30:00+00:00,1.0209831334,1.0024434612
2023-03-03 15:00:00+00:00,1.0210216110,1.0024044133
2023-03-03 15:30:00+00:00,1.0194632694,1.0035685159
2023-03-03 16:00:00+00:00,1.0199442390,1.0033016053
2023-03-03 16:30:00+00:00,1.0212043795,1.0029592652
2023-03-03 17:00:00+00:00,1.0215602970,1.0026909423
2023-03-03 17:30:00+00:00,1.0220412667,1.0021545845
2023-03-03 18:00:00+00:00,1.0218969758,1.0023055683
2023-03-03 18:30:00+00:00,1.0219835503,1.0022149727
2023-03-06 07:00:00+00:00,1.0224828564,1.0019004875
2023-03-06 07:30:00+00:00,1.0224732544,1.0018496419
2023-03-06 08:00:00+00:00,1.0225980809,1.0018496419
2023-03-06 08:30:00+00:00,1.0218203157,1.0022245660
2023-03-06 09:00:00+00:00,1.0215610606,1.0024562294
2023-03-06 09:30:00+00:00,1.0206200606,1.0031980744
2023-03-06 10:00:00+00:00,1.0213306116,1.0027834239
2023-03-06 10:30:00+00:00,1.0205336422,1.0032173792
2023-03-06 11:00:00+00:00,1.0201591627,1.0034214679
2023-03-06 11:30:00+00:00,1.0216090708,1.0026319251
2023-03-06 12:00:00+00:00,1.0216186728,1.0026267021
2023-03-06 12:30:00+00:00,1.0218299177,1.0025467312
2023-03-06 13:00:00+00:00,1.0226364891,1.0019577355
2023-03-06 13:30:00+00:00,1.0230589788,1.0014577726
2023-03-06 14:00:00+00:00,1.0235198768,1.0009523370
2023-03-06 14:30:00+00:00,1.0244608767,0.9999219032
2023-03-06 15:00:00+00:00,1.0249793869,0.9995930812
2023-03-06 15:30:00+00:00,1.0253634685,0.9992516670
2023-03-06 16:00:00+00:00,1.0251906318,0.9994200934
2023-03-06 16:30:00+00:00,1.0268133766,0.9976221707
2023-03-06 17:00:00+00:00,1.0260836215,0.9984299516
2023-03-06 17:30:00+00:00,1.0260164072,0.9985044143
2023-03-06 18:00:00+00:00,1.0257283460,0.9988236582
2023-03-06 18:30:00+00:00,1.0249025706,0.9997398876
2023-03-07 07:00:00+00:00,1.0263041533,0.9989085748
2023-03-07 07:30:00+00:00,1.0258049594,0.9993047173
2023-03-07 08:00:00+00:00,1.0248833708,1.0003373660
2023-03-07 08:30:00+00:00,1.0246721734,1.0004945443
2023-03-07 09:00:00+00:00,1.0235777869,1.0010959638
2023-03-07 09:30:00+00:00,1.0230497934,1.0014007024
2023-03-07 10:00:00+00:00,1.0234049891,1.0011956689
2023-03-07 10:30:00+00:00,1.0234337887,1.0011790495
2023-03-07 11:00:00+00:00,1.0241537798,1.0009447474
2023-03-07 11:30:00+00:00,1.0230401935,1.0009180665
2023-03-07 12:00:00+00:00,1.0226465983,1.0009180665
2023-03-07 12:30:00+00:00,1.0242881781,1.0009180665
2023-03-07 13:00:00+00:00,1.0239617821,1.0009180665
2023-03-07 13:30:00+00:00,1.0230017939,1.0009180665
2023-03-07 14:00:00+00:00,1.0223106024,1.0009180665
2023-03-07 14:30:00+00:00,1.0221954039,1.0009180665
2023-03-07 15:00:00+00:00,1.0178754573,1.0009180665
2023-03-07 15:30:00+00:00,1.0162050779,1.0009180665
2023-03-07 16:00:00+00:00,1.0152162901,1.0009180665
2023-03-07 16:30:00+00:00,1.0149666932,1.0009180665
2023-03-07 17:00:00+00:00,1.0158210827,1.0009180665
2023-03-07 17:30:00+00:00,1.0144386997,1.0009180665
2023-03-07 18:00:00+00:00,1.0139779054,1.0009180665
2023-03-07 18:30:00+00:00,1.0133635130,1.0009180665
2023-03-08 07:00:00+00:00,1.0132769821,1.0009180665
2023-03-08 07:30:00+00:00,1.0137288657,1.0009180665
2023-03-08 08:00:00+00:00,1.0138538548,1.0009180665
2023-03-08 08:30:00+00:00,1.0130654621,1.0009180665
2023-03-08 09:00:00+00:00,1.0133538984,1.0009180665
2023-03-08 09:30:00+00:00,1.0129500875,1.0009180665
2023-03-08 10:00:00+00:00,1.0137961675,1.0009180665
2023-03-08 10:30:00+00:00,1.0133154402,1.0009180665
2023-03-08 11:00:00+00:00,1.0129885457,1.0009180665
2023-03-08 11:30:00+00:00,1.0131712221,1.0009180665
2023-03-08 12:00:00+00:00,1.0133538984,1.0009180665
2023-03-08 12:30:00+00:00,1.0140269167,1.0009180665
2023-03-08 13:00:00+00:00,1.0132577530,1.0009180665
2023-03-08 13:30:00+00:00,1.0134885021,1.0009180665
2023-03-08 14:00:00+00:00,1.0140269167,1.0009180665
2023-03-08 14:30:00+00:00,1.0149499131,1.0009180665
2023-03-08 15:00:00+00:00,1.0151037458,1.0009180665
2023-03-08 15:30:00+00:00,1.0146037894,1.0009180665
2023-03-08 16:00:00+00:00,1.0150460585,1.0009180665
2023-03-08 16:30:00+00:00,1.0141038330,1.0009180665
2023-03-08 17:00:00+00:00,1.0139307712,1.0009180665
2023-03-08 17:30:00+00:00,1.0138730839,1.0009180665
2023-03-08 18:00:00+00:00,1.0136807930,1.0009180665
2023-03-08 18:30:00+00:00,1.0136327203,1.0009180665
2023-03-09 07:00:00+00:00,1.0141418759,1.0009180665
2023-03-09 07:30:00+00:00,1.0141226624,1.0009180665
2023-03-09 08:00:00+00:00,1.0136039001,1.0009180665
2023-03-09 08:30:00+00:00,1.0142187295,1.0009180665
2023-03-09 09:00:00+00:00,1.0151217602,1.0003584749
2023-03-09 09:30:00+00:00,1.0143340101,1.0011923711
2023-03-09 10:00:00+00:00,1.0143532235,1.0011707484
2023-03-09 10:30:00+00:00,1.0150833334,1.0003497369
2023-03-09 11:00:00+00:00,1.0164090593,0.9995565819
2023-03-09 11:30:00+00:00,1.0155348487,1.0002588208
2023-03-09 12:00:00+00:00,1.0149680529,1.0008592173
2023-03-09 12:30:00+00:00,1.0143916504,1.0013102189
2023-03-09 13:00:00+00:00,1.0143244034,1.0013178673
2023-03-09 13:30:00+00:00,1.0158230500,1.0008809976
2023-03-09 14:00:00+00:00,1.0155540621,1.0010250493
2023-03-09 14:30:00+00:00,1.0159287238,1.0005790043
2023-03-09 15:00:00+00:00,1.0159671506,1.0005371343
2023-03-09 15:30:00+00:00,1.0153331079,1.0012284161
2023-03-09 16:00:00+00:00,1.0159287238,1.0005790043
2023-03-09 16:30:00+00:00,1.0159767574,1.0005266674
2023-03-09 17:00:00+00:00,1.0160247909,1.0004743356
2023-03-09 17:30:00+00:00,1.0161208580,1.0003696877
2023-03-09 18:00:00+00:00,1.0162937788,1.0001813740
2023-03-09 18:30:00+00:00,1.0173313034,0.9990529076
2023-03-10 07:00:00+00:00,1.0183982728,0.9984262175
2023-03-10 07:30:00+00:00,1.0184078852,0.9983939971
2023-03-10 08:00:00+00:00,1.0170429333,0.9993166619
2023-03-10 08:30:00+00:00,1.0181002903,0.9987242867
2023-03-10 09:00:00+00:00,1.0178119202,0.9988826833
2023-03-10 09:30:00+00:00,1.0171198319,0.9992631209
2023-03-10 10:00:00+00:00,1.0188308280,0.9987703782
2023-03-10 10:30:00+00:00,1.0177350215,0.9994624431
2023-03-10 11:00:00+00:00,1.0186001319,0.9985146954
2023-03-10 11:30:00+00:00,1.0179080436,0.9992468011
2023-03-10 12:00:00+00:00,1.0177446339,0.9992818158
2023-03-10 12:30:00+00:00,1.0183694358,0.9992354425
2023-03-10 13:00:00+00:00,1.0180618410,0.9992354425
2023-03-10 13:30:00+00:00,1.0209936039,0.9992354425
2023-03-10 14:00:00+00:00,1.0235985472,0.9992354425
2023-03-10 14:30:00+00:00,1.0252903185,0.9992354425
2023-03-10 15:00:00+00:00,1.0272896846,0.9992354425
2023-03-10 15:30:00+00:00,1.0273089093,0.9992354425
2023-03-10 16:00:00+00:00,1.0252134198,0.9992354425
2023-03-10 16:30:00+00:00,1.0245597809,0.9992354425
2023-03-10 17:00:00+00:00,1.0249442744,0.9992354425
2023-03-10 17:30:00+00:00,1.0255017899,0.9992354425
2023-03-10 18:00:00+00:00,1.0240599394,0.9992354425
2023-03-10 18:30:00+00:00,1.0230410316,0.9992354425
2023-03-13 06:00:00+00:00,1.0229837729,0.9992354425
2023-03-13 06:30:00+00:00,1.0231555490,0.9992354425
2023-03-13 07:00:00+00:00,1.0234036700,0.9992354425
2023-03-13 07:30:00+00:00,1.0235372736,0.9992354425
2023-03-13 08:00:00+00:00,1.0225066172,0.9992354425
2023-03-13 08:30:00+00:00,1.0218385992,0.9992354425
2023-03-13 09:00:00+00:00,1.0183076465,0.9992354425
2023-03-13 09:30:00+00:00,1.0183076465,0.9992354425
2023-03-13 10:00:00+00:00,1.0177732320,0.9992354425
2023-03-13 10:30:00+00:00,1.0186321124,0.9992354425
2023-03-13 11:00:00+00:00,1.0173151625,0.9992354425
2023-03-13 11:30:00+00:00,1.0176968871,0.9992354425
2023-03-13 12:00:00+00:00,1.0181263273,0.9992354425
2023-03-13 12:30:00+00:00,1.0207888564,0.9992354425
2023-03-13 13:00:00+00:00,1.0214664176,0.9992354425
2023-03-13 13:30:00+00:00,1.0210560637,0.9992354425
2023-03-13 14:00:00+00:00,1.0209033738,0.9992354425
2023-03-13 14:30:00+00:00,1.0232891526,0.9992354425
2023-03-13 15:00:00+00:00,1.0241957485,0.9987725017
2023-03-13 15:30:00+00:00,1.0243007227,0.9986376731
2023-03-13 16:00:00+00:00,1.0247206198,0.9982507160
2023-03-13 16:30:00+00:00,1.0248923959,0.9980925042
2023-03-13 17:00:00+00:00,1.0254840690,0.9975479474
2023-03-13 17:30:00+00:00,1.0247778785,0.9981979730
2023-03-14 06:00:00+00:00,1.0241557918,0.9984354535
2023-03-14 06:30:00+00:00,1.0238016808,0.9986605608
2023-03-14 07:00:00+00:00,1.0225000839,0.9990792833
2023-03-14 07:30:00+00:00,1.0230743179,0.9990437403
2023-03-14 08:00:00+00:00,1.0239452394,0.9990437403
2023-03-14 08:30:00+00:00,1.0246630318,0.9990437403
2023-03-14 09:00:00+00:00,1.0240505155,0.9990437403
2023-03-14 09:30:00+00:00,1.0251224189,0.9990437403
2023-03-14 10:00:00+00:00,1.0253521125,0.9990437403
2023-03-14 10:30:00+00:00,1.0260029109,0.9990437403
2023-03-14 11:00:00+00:00,1.0259933404,0.9990437403
2023-03-14 11:30:00+00:00,1.0261560400,0.9990437403
2023-03-14 12:00:00+00:00,1.0266154271,0.9990437403
2023-03-14 12:30:00+00:00,1.0274576369,0.9990437403
2023-03-14 13:00:00+00:00,1.0268834030,0.9990437403
2023-03-14 13:30:00+00:00,1.0248353020,0.9990437403
2023-03-14 14:00:00+00:00,1.0260411933,0.9990437403
2023-03-14 14:30:00+00:00,1.0257540763,0.9990437403
2023-03-14 15:00:00+00:00,1.0266537095,0.9990437403
2023-03-14 15:30:00+00:00,1.0260794755,0.9990437403
2023-03-14 16:00:00+00:00,1.0257157940,0.9990437403
2023-03-14 16:30:00+00:00,1.0257157940,0.9990437403
2023-03-14 17:00:00+00:00,1.0267302740,0.9990437403
2023-03-14 17:30:00+00:00,1.0272088023,0.9990437403
2023-03-15 06:00:00+00:00,1.0267305058,0.9990437403
2023-03-15 06:30:00+00:00,1.0268261651,0.9990437403
2023-03-15 07:00:00+00:00,1.0271705386,0.9990437403
2023-03-15 07:30:00+00:00,1.0271514067,0.9990110677
2023-03-15 08:00:00+00:00,1.0267687695,0.9993095898
2023-03-15 08:30:00+00:00,1.0265774509,0.9994806247
2023-03-15 09:00:00+00:00,1.0244920780,1.0008608000
2023-03-15 09:30:00+00:00,1.0214501119,1.0022065428
2023-03-15 10:00:00+00:00,1.0201969749,1.0027716361
2023-03-15 10:30:00+00:00,1.0165906189,1.0044035643
2023-03-15 11:00:00+00:00,1.0140747790,1.0049509303
2023-03-15 11:30:00+00:00,1.0128025101,1.0049299714
2023-03-15 12:00:00+00:00,1.0115398072,1.0049299714
2023-03-15 12:30:00+00:00,1.0098179397,1.0049299714
2023-03-15 13:00:00+00:00,1.0066420507,1.0049299714
2023-03-15 13:30:00+00:00,1.0087561213,1.0049299714
2023-03-15 14:00:00+00:00,1.0097414122,1.0049299714
2023-03-15 14:30:00+00:00,1.0089378740,1.0049299714
2023-03-15 15:00:00+00:00,1.0076751711,1.0049299714
2023-03-15 15:30:00+00:00,1.0076560392,1.0049299714
2023-03-15 16:00:00+00:00,1.0084021819,1.0049299714
2023-03-15 16:30:00+00:00,1.0084595774,1.0049299714
2023-03-15 17:00:00+00:00,1.0100379561,1.0049299714
2023-03-15 17:30:00+00:00,1.0098562034,1.0049299714
2023-03-16 06:00:00+00:00,1.0093801885,1.0049299714
2023-03-16 06:30:00+00:00,1.0096657975,1.0049299714
2023-03-16 07:00:00+00:00,1.0096181960,1.0049299714
2023-03-16 07:30:00+00:00,1.0115317760,1.0049299714
2023-03-16 08:00:00+00:00,1.0113604107,1.0049299714
2023-03-16 08:30:00+00:00,1.0103512590,1.0049299714
2023-03-16 09:00:00+00:00,1.0099894876,1.0049299714
2023-03-16 09:30:00+00:00,1.0108177536,1.0049299714
2023-03-16 10:00:00+00:00,1.0097990816,1.0049299714
2023-03-16 10:30:00+00:00,1.0106844694,1.0049299714
2023-03-16 11:00:00+00:00,1.0099133252,1.0049299714
2023-03-16 11:30:00+00:00,1.0104083808,1.0049299714
2023-03-16 12:00:00+00:00,1.0106844694,1.0049299714
2023-03-16 12:30:00+00:00,1.0079902248,1.0049299714
2023-03-16 13:00:00+00:00,1.0068573092,1.0049299714
2023-03-16 13:30:00+00:00,1.0097800410,1.0049299714
2023-03-16 14:00:00+00:00,1.0070381947,1.0059054306
2023-03-16 14:30:00+00:00,1.0091897823,1.0042733227
2023-03-16 15:00:00+00:00,1.0097895612,1.0038303879
2023-03-16 15:30:00+00:00,1.0111890452,1.0027986539
2023-03-16 16:00:00+00:00,1.0111128828,1.0028547386
2023-03-16 16:30:00+00:00,1.0109224768,1.0029949827
2023-03-16 17:00:00+00:00,1.0099894875,1.0036828448
2023-03-16 17:30:00+00:00,1.0083995975,1.0048575725
2023-03-17 06:00:00+00:00,1.0082859622,1.0048621449
2023-03-17 06:30:00+00:00,1.0097064035,1.0040666962
2023-03-17 07:00:00+00:00,1.0099715525,1.0038574071
2023-03-17 07:30:00+00:00,1.0097064035,1.0040488221
2023-03-17 08:00:00+00:00,1.0087026250,1.0047742513
2023-03-17 08:30:00+00:00,1.0087310338,1.0047537031
2023-03-17 09:00:00+00:00,1.0079545260,1.0053157122
2023-03-17 09:30:00+00:00,1.0082102054,1.0051305779
2023-03-17 10:00:00+00:00,1.0073768799,1.0055649718
2023-03-17 10:30:00+00:00,1.0069128691,1.0057139779
2023-03-17 11:00:00+00:00,1.0053977318,1.0062639934
2023-03-17 11:30:00+00:00,1.0065909024,1.0058307618
2023-03-17 12:00:00+00:00,1.0052556877,1.0063156152
2023-03-17 12:30:00+00:00,1.0062594661,1.0059510337
2023-03-17 13:00:00+00:00,1.0065056759,1.0058616837
2023-03-17 13:30:00+00:00,1.0062499965,1.0059544708
2023-03-17 14:00:00+00:00,1.0069602171,1.0056968082
2023-03-17 14:30:00+00:00,1.0069507475,1.0057002420
2023-03-17 15:00:00+00:00,1.0074526367,1.0055183074
2023-03-17 15:30:00+00:00,1.0081533877,1.0052644921
2023-03-17 16:00:00+00:00,1.0105207896,1.0048199631
2023-03-17 16:30:00+00:00,1.0101704141,1.0049540696
2023-03-17 17:00:00+00:00,1.0103882151,1.0047590326
2023-03-17 17:30:00+00:00,1.0106817729,1.0045358641
2023-03-20 06:00:00+00:00,1.0095461117,1.0049256221
2023-03-20 06:30:00+00:00,1.0089214979,1.0052645697
2023-03-20 07:00:00+00:00,1.0095650393,1.0047561057
2023-03-20 07:30:00+00:00,1.0084199141,1.0056270635
2023-03-20 08:00:00+00:00,1.0061769830,1.0068898065
2023-03-20 08:30:00+00:00,1.0089593532,1.0060678746
2023-03-20 09:00:00+00:00,1.0082211734,1.0064188643
2023-03-20 09:30:00+00:00,1.0102085806,1.0049425496
2023-03-20 10:00:00+00:00,1.0114767357,1.0040175238
2023-03-20 10:30:00+00:00,1.0122527709,1.0034524545
2023-03-20 11:00:00+00:00,1.0123663371,1.0033698244
2023-03-20 11:30:00+00:00,1.0133032577,1.0029941129
2023-03-20 12:00:00+00:00,1.0138237691,1.0029607335
2023-03-20 12:30:00+00:00,1.0131234446,1.0029607335
2023-03-20 13:00:00+00:00,1.0147890812,1.0029607335
2023-03-20 13:30:00+00:00,1.0148837196,1.0029607335
2023-03-20 14:00:00+00:00,1.0142212505,1.0029607335
2023-03-20 14:30:00+00:00,1.0151676349,1.0029607335
2023-03-20 15:00:00+00:00,1.0143726721,1.0029607335
2023-03-20 15:30:00+00:00,1.0146376597,1.0029607335
2023-03-20 16:00:00+00:00,1.0142401782,1.0029607335
2023-03-20 16:30:00+00:00,1.0150351412,1.0029607335
2023-03-20 17:00:00+00:00,1.0149405027,1.0029607335
2023-03-20 17:30:00+00:00,1.0141455398,1.0029607335
2023-03-21 06:00:00+00:00,1.0133884182,1.0029607335
2023-03-21 06:30:00+00:00,1.0133505621,1.0029607335
2023-03-21 07:00:00+00:00,1.0141076837,1.0029607335
2023-03-21 07:30:00+00:00,1.0144483885,1.0029607335
2023-03-21 08:00:00+00:00,1.0157544234,1.0029607335
2023-03-21 08:30:00+00:00,1.0154705027,1.0029607335
2023-03-21 09:00:00+00:00,1.0159247758,1.0029607335
2023-03-21 09:30:00+00:00,1.0170415302,1.0029607335
2023-03-21 10:00:00+00:00,1.0169752820,1.0029607335
2023-03-21 10:30:00+00:00,1.0186314856,1.0029607335
2023-03-21 11:00:00+00:00,1.0201173369,1.0029607335
2023-03-21 11:30:00+00:00,1.0201078729,1.0029607335
2023-03-21 12:00:00+00:00,1.0201457290,1.0029607335
2023-03-21 12:30:00+00:00,1.0203350094,1.0029607335
2023-03-21 13:00:00+00:00,1.0205432179,1.0029607335
2023-03-21 13:30:00+00:00,1.0199375206,1.0029607335
2023-03-21 14:00:00+00:00,1.0192371830,1.0029607335
2023-03-21 14:30:00+00:00,1.0196725280,1.0029607335
2023-03-21 15:00:00+00:00,1.0196157438,1.0029607335
2023-03-21 15:30:00+00:00,1.0191425428,1.0029607335
2023-03-21 16:00:00+00:00,1.0199943047,1.0029607335
2023-03-21 16:30:00+00:00,1.0190384385,1.0029607335
2023-03-21 17:00:00+00:00,1.0186882698,1.0029607335
2023-03-21 17:30:00+00:00,1.0187450539,1.0029607335
2023-03-22 06:00:00+00:00,1.0186693994,1.0029607335
2023-03-22 06:30:00+00:00,1.0181965585,1.0029607335
2023-03-22 07:00:00+00:00,1.0179506813,1.0029607335
2023-03-22 07:30:00+00:00,1.0181114472,1.0029607335
2023-03-22 08:00:00+00:00,1.0193124629,1.0029607335
2023-03-22 08:30:00+00:00,1.0194637720,1.0028587271
2023-03-22 09:00:00+00:00,1.0203716264,1.0020273154
2023-03-22 09:30:00+00:00,1.0200690082,1.0022916877
2023-03-22 10:00:00+00:00,1.0198420446,1.0024900642
2023-03-22 10:30:00+00:00,1.0206080468,1.0018208776
2023-03-22 11:00:00+00:00,1.0208444672,1.0016145301
2023-03-22 11:30:00+00:00,1.0210714308,1.0014165214
2023-03-22 12:00:00+00:00,1.0206931581,1.0017465821
2023-03-22 12:30:00+00:00,1.0196339946,1.0026719827
2023-03-22 13:00:00+00:00,1.0200028105,1.0023495390
2023-03-22 13:30:00+00:00,1.0195772537,1.0027216090
2023-03-22 14:00:00+00:00,1.0198420446,1.0024900643
2023-03-22 14:30:00+00:00,1.0208822944,1.0015815229
2023-03-22 15:00:00+00:00,1.0203527127,1.0020438344
2023-03-22 15:30:00+00:00,1.0205229354,1.0018951849
2023-03-22 16:00:00+00:00,1.0206364172,1.0017961112
2023-03-22 16:30:00+00:00,1.0212416534,1.0012680696
2023-03-22 17:00:00+00:00,1.0204283672,1.0019777622
2023-03-22 17:30:00+00:00,1.0209106648,1.0015567691
2023-03-23 06:00:00+00:00,1.0227175532,1.0007300661
2023-03-23 06:30:00+00:00,1.0219124112,1.0012974201
2023-03-23 07:00:00+00:00,1.0227362775,1.0004015031
2023-03-23 07:30:00+00:00,1.0210510965,1.0021727075
2023-03-23 08:00:00+00:00,1.0198901941,1.0030689064
2023-03-23 08:30:00+00:00,1.0204519211,1.0027488432
2023-03-23 09:00:00+00:00,1.0191318627,1.0034452514
2023-03-23 09:30:00+00:00,1.0191412248,1.0034403074
2023-03-23 10:00:00+00:00,1.0175871135,1.0042619589
2023-03-23 10:30:00+00:00,1.0183360828,1.0038657418
2023-03-23 11:00:00+00:00,1.0181394783,1.0039697054
2023-03-23 11:30:00+00:00,1.0182237374,1.0039251458
2023-03-23 12:00:00+00:00,1.0194033640,1.0033019053
2023-03-23 12:30:00+00:00,1.0179803224,1.0036538788
2023-03-23 13:00:00+00:00,1.0194595367,1.0036324299
2023-03-23 13:30:00+00:00,1.0192442080,1.0036324299
2023-03-23 14:00:00+00:00,1.0198340213,1.0036324299
2023-03-23 14:30:00+00:00,1.0196655032,1.0036324299
2023-03-23 15:00:00+00:00,1.0207702329,1.0036324299
2023-03-23 15:30:00+00:00,1.0195157094,1.0036324299
2023-03-23 16:00:00+00:00,1.0197216759,1.0036324299
2023-03-23 16:30:00+00:00,1.0200587121,1.0034133928
2023-03-23 17:00:00+00:00,1.0175871134,1.0046953786
2023-03-23 17:30:00+00:00,1.0175496649,1.0047148392
2023-03-24 06:00:00+00:00,1.0171551784,1.0047949867
2023-03-24 06:30:00+00:00,1.0167231218,1.0050364779
2023-03-24 07:00:00+00:00,1.0170142904,1.0049140301
2023-03-24 07:30:00+00:00,1.0170424680,1.0048852855
2023-03-24 08:00:00+00:00,1.0131727436,1.0048852855
2023-03-24 08:30:00+00:00,1.0125340512,1.0048852855
2023-03-24 09:00:00+00:00,1.0130976033,1.0048852855
2023-03-24 09:30:00+00:00,1.0074245121,1.0048852855
2023-03-24 10:00:00+00:00,1.0084576909,1.0048852855
2023-03-24 10:30:00+00:00,1.0076123628,1.0048852855
2023-03-24 11:00:00+00:00,1.0092654489,1.0048852855
2023-03-24 11:30:00+00:00,1.0085985789,1.0048852855
2023-03-24 12:00:00+00:00,1.0085422237,1.0048852855
2023-03-24 12:30:00+00:00,1.0096317578,1.0048852855
2023-03-24 13:00:00+00:00,1.0109373201,1.0048852855
2023-03-24 13:30:00+00:00,1.0103549830,1.0048852855
2023-03-24 14:00:00+00:00,1.0102704502,1.0048852855
2023-03-24 14:30:00+00:00,1.0096975056,1.0048852855
2023-03-24 15:00:00+00:00,1.0094908698,1.0048852855
2023-03-24 15:30:00+00:00,1.0107494694,1.0048852855
2023-03-24 16:00:00+00:00,1.0104864785,1.0048852855
2023-03-24 16:30:00+00:00,1.0103925531,1.0048852855
2023-03-24 17:00:00+00:00,1.0109561052,1.0048852855
2023-03-24 17:30:00+00:00,1.0107870396,1.0048852855
2023-03-27 06:00:00+00:00,1.0100265128,1.0048852855
2023-03-27 06:30:00+00:00,1.0105992552,1.0048852855
2023-03-27 07:00:00+00:00,1.0104771953,1.0048852855
2023-03-27 07:30:00+00:00,1.0095101057,1.0048852855
2023-03-27 08:00:00+00:00,1.0111156623,1.0048852855
2023-03-27 08:30:00+00:00,1.0108997102,1.0048852855
2023-03-27 09:00:00+00:00,1.0105616983,1.0048852855
2023-03-27 09:30:00+00:00,1.0108621534,1.0048852855
2023-03-27 10:00:00+00:00,1.0107682612,1.0048852855
2023-03-27 10:30:00+00:00,1.0110123809,1.0048852855
2023-03-27 11:00:00+00:00,1.0112940575,1.0048852855
2023-03-27 11:30:00+00:00,1.0113879497,1.0048852855
2023-03-27 12:00:00+00:00,1.0119794705,1.0048852855
2023-03-27 12:30:00+00:00,1.0115193987,1.0048852855
2023-03-27 13:00:00+00:00,1.0134911349,1.0048852855
2023-03-27 13:30:00+00:00,1.0125709913,1.0048852855
2023-03-27 14:00:00+00:00,1.0127212189,1.0048852855
2023-03-27 14:30:00+00:00,1.0122987040,1.0048852855
2023-03-27 15:00:00+00:00,1.0123456501,1.0048852855
2023-03-27 15:30:00+00:00,1.0128996140,1.0048852855
2023-03-27 16:00:00+00:00,1.0134535780,1.0048852855
2023-03-27 16:30:00+00:00,1.0132094583,1.0048852855
2023-03-27 17:00:00+00:00,1.0133033505,1.0048852855
2023-03-27 17:30:00+00:00,1.0134723564,1.0048852855
2023-03-28 06:00:00+00:00,1.0139973550,1.0048852855
2023-03-28 06:30:00+00:00,1.0132661070,1.0048852855
2023-03-28 07:00:00+00:00,1.0148036030,1.0048852855
2023-03-28 07:30:00+00:00,1.0144286040,1.0048852855
2023-03-28 08:00:00+00:00,1.0142973543,1.0048852855
2023-03-28 08:30:00+00:00,1.0136504809,1.0051254179
2023-03-28 09:00:00+00:00,1.0139411052,1.0048377766
2023-03-28 09:30:00+00:00,1.0140348549,1.0047575289
2023-03-28 10:00:00+00:00,1.0151223521,1.0038276655
2023-03-28 10:30:00+00:00,1.0146254784,1.0042522864
2023-03-28 11:00:00+00:00,1.0152161019,1.0037475917
2023-03-28 11:30:00+00:00,1.0154411013,1.0035554710
2023-03-28 12:00:00+00:00,1.0163973488,1.0027398424
2023-03-28 12:30:00+00:00,1.0162098493,1.0028996568
2023-03-28 13:00:00+00:00,1.0151129772,1.0038356735
2023-03-28 13:30:00+00:00,1.0147567281,1.0041400846
2023-03-28 14:00:00+00:00,1.0149911025,1.0039397918
2023-03-28 14:30:00+00:00,1.0155161012,1.0034914483
2023-03-28 15:00:00+00:00,1.0164348488,1.0027078860
2023-03-28 15:30:00+00:00,1.0165004736,1.0026519678
2023-03-28 16:00:00+00:00,1.0161348496,1.0029635979
2023-03-28 16:30:00+00:00,1.0164442238,1.0026998973
2023-03-28 17:00:00+00:00,1.0164910986,1.0026599557
2023-03-28 17:30:00+00:00,1.0160410998,1.0030435367
2023-03-29 06:00:00+00:00,1.0155439601,1.0032188994
2023-03-29 06:30:00+00:00,1.0151875203,1.0034307617
2023-03-29 07:00:00+00:00,1.0161348998,1.0025863393
2023-03-29 07:30:00+00:00,1.0165100996,1.0022610594
2023-03-29 08:00:00+00:00,1.0163787796,1.0023748817
2023-03-29 08:30:00+00:00,1.0161255197,1.0025944742
2023-03-29 09:00:00+00:00,1.0171104193,1.0017410805
2023-03-29 09:30:00+00:00,1.0186487385,1.0010408191
2023-03-29 10:00:00+00:00,1.0182360187,1.0012904818
2023-03-29 10:30:00+00:00,1.0184423786,1.0010880889
2023-03-29 11:00:00+00:00,1.0187612984,1.0008069705
2023-03-29 11:30:00+00:00,1.0182172587,1.0012866260
2023-03-29 12:00:00+00:00,1.0175794190,1.0015280341
2023-03-29 12:30:00+00:00,1.0180859388,1.0014880116
2023-03-29 13:00:00+00:00,1.0164725796,1.0014880116
2023-03-29 13:30:00+00:00,1.0174293391,1.0014880116
2023-03-29 14:00:00+00:00,1.0164538196,1.0014880116
2023-03-29 14:30:00+00:00,1.0159660599,1.0014880116
2023-03-29 15:00:00+00:00,1.0162380797,1.0014880116
2023-03-29 15:30:00+00:00,1.0154032602,1.0014880116
2023-03-29 16:00:00+00:00,1.0155345801,1.0014880116
2023-03-29 16:30:00+00:00,1.0156283801,1.0014880116
2023-03-29 17:00:00+00:00,1.0163506397,1.0014880116
2023-03-29 17:30:00+00:00,1.0174011992,1.0014880116
2023-03-30 06:00:00+00:00,1.0171009037,1.0014880116
2023-03-30 06:30:00+00:00,1.0178704109,1.0014880116
2023-03-30 07:00:00+00:00,1.0175138100,1.0014880116
2023-03-30 07:30:00+00:00,1.0186399181,1.0014880116
2023-03-30 08:00:00+00:00,1.0193906569,1.0014880116
2023-03-30 08:30:00+00:00,1.0203760016,1.0014880116
2023-03-30 09:00:00+00:00,1.0196158786,1.0014880116
2023-03-30 09:30:00+00:00,1.0191842038,1.0014880116
2023-03-30 10:00:00+00:00,1.0194469623,1.0014880116
2023-03-30 10:30:00+00:00,1.0208733660,1.0014880116
2023-03-30 11:00:00+00:00,1.0205449178,1.0014880116
2023-03-30 11:30:00+00:00,1.0208921345,1.0014880116
2023-03-30 12:00:00+00:00,1.0222997697,1.0014880116
2023-03-30 12:30:00+00:00,1.0238387842,1.0014880116
2023-03-30 13:00:00+00:00,1.0245519861,1.0014880116
2023-03-30 13:30:00+00:00,1.0244956806,1.0014880116
2023-03-30 14:00:00+00:00,1.0245895230,1.0014880116
2023-03-30 14:30:00+00:00,1.0240640059,1.0014880116
2023-03-30 15:00:00+00:00,1.0231068139,1.0014880116
2023-03-30 15:30:00+00:00,1.0227314445,1.0014880116
2023-03-30 16:00:00+00:00,1.0233132670,1.0014880116
2023-03-30 16:30:00+00:00,1.0233414197,1.0014880116
2023-03-30 17:00:00+00:00,1.0224499175,1.0014880116
2023-03-30 17:30:00+00:00,1.0228815923,1.0014880116
2023-03-31 06:00:00+00:00,1.0225717875,1.0014880116
2023-03-31 06:30:00+00:00,1.0236701864,1.0014880116
2023-03-31 07:00:00+00:00,1.0226562797,1.0020761264
2023-03-31 07:30:00+00:00,1.0218582976,1.0030397225
2023-03-31 08:00:00+00:00,1.0209945993,1.0038404440
2023-03-31 08:30:00+00:00,1.0223276988,1.0029548870
2023-03-31 09:00:00+00:00,1.0226656677,1.0028165328
2023-03-31 09:30:00+00:00,1.0217644173,1.0034918162
2023-03-31 10:00:00+00:00,1.0215109407,1.0035602334
2023-03-31 10:30:00+00:00,1.0204125418,1.0035259364
2023-03-31 11:00:00+00:00,1.0213137922,1.0035259364
2023-03-31 11:30:00+00:00,1.0202153933,1.0035259364
2023-03-31 12:00:00+00:00,1.0211354197,1.0028790321
2023-03-31 12:30:00+00:00,1.0220929982,1.0016544686
2023-03-31 13:00:00+00:00,1.0213795084,1.0025253258
2023-03-31 13:30:00+00:00,1.0225060714,1.0017681819
2023-03-31 14:00:00+00:00,1.0216705372,1.0017213489
2023-03-31 14:30:00+00:00,1.0201966174,1.0017213489
2023-03-31 15:00:00+00:00,1.0199149766,1.0017213489
2023-03-31 15:30:00+00:00,1.0206660186,1.0017213489
2023-03-31 16:00:00+00:00,1.0199619167,1.0017213489
2023-03-31 16:30:00+00:00,1.0204219299,1.0017213489
2023-03-31 17:00:00+00:00,1.0193141431,1.0017213489
2023-03-31 17:30:00+00:00,1.0189198461,1.0017213489
2023-04-03 06:00:00+00:00,1.0200430336,1.0017213489
2023-04-03 06:30:00+00:00,1.0207698020,1.0017213489
2023-04-03 07:00:00+00:00,1.0220817606,1.0017213489
2023-04-03 07:30:00+00:00,1.0230633698,1.0017213489
2023-04-03 08:00:00+00:00,1.0225914423,1.0017213489
2023-04-03 08:30:00+00:00,1.0234031577,1.0017213489
2023-04-03 09:00:00+00:00,1.0238184539,1.0017213489
2023-04-03 09:30:00+00:00,1.0241582417,1.0017213489
2023-04-03 10:00:00+00:00,1.0254324460,1.0017213489
2023-04-03 10:30:00+00:00,1.0260176361,1.0017213489
2023-04-03 11:00:00+00:00,1.0252719906,1.0017213489
2023-04-03 11:30:00+00:00,1.0265933877,1.0017213489
2023-04-03 12:00:00+00:00,1.0255929014,1.0017213489
2023-04-03 12:30:00+00:00,1.0255173930,1.0017213489
2023-04-03 13:00:00+00:00,1.0265745106,1.0017213489
2023-04-03 13:30:00+00:00,1.0274239802,1.0017213489
2023-04-03 14:00:00+00:00,1.0296703551,1.0017213489
2023-04-03 14:30:00+00:00,1.0275938740,1.0017213489
2023-04-03 15:00:00+00:00,1.0272540862,1.0017213489
2023-04-03 15:30:00+00:00,1.0278959077,1.0017213489
2023-04-03 16:00:00+00:00,1.0277260138,1.0017213489
2023-04-03 16:30:00+00:00,1.0277260138,1.0017213489
2023-04-03 17:00:00+00:00,1.0271597007,1.0017213489
2023-04-03 17:30:00+00:00,1.0275749969,1.0017213489
2023-04-04 06:00:00+00:00,1.0288682328,1.0017213489
2023-04-04 06:30:00+00:00,1.0296045276,1.0017213489
2023-04-04 07:00:00+00:00,1.0295667689,1.0017213489
2023-04-04 07:30:00+00:00,1.0313036697,1.0017213489
2023-04-04 08:00:00+00:00,1.0308128064,1.0017213489
2023-04-04 08:30:00+00:00,1.0305484955,1.0017213489
2023-04-04 09:00:00+00:00,1.0316623774,1.0017213489
2023-04-04 09:30:00+00:00,1.0318889296,1.0017213489
2023-04-04 10:00:00+00:00,1.0316057393,1.0017213489
2023-04-04 10:30:00+00:00,1.0308883238,1.0017213489
2023-04-04 11:00:00+00:00,1.0295101309,1.0017213489
2023-04-04 11:30:00+00:00,1.0286888789,1.0017213489
2023-04-04 12:00:00+00:00,1.0291514232,1.0017213489
2023-04-04 12:30:00+00:00,1.0280941792,1.0017213489
2023-04-04 13:00:00+00:00,1.0289059915,1.0017213489
2023-04-04 13:30:00+00:00,1.0293024579,1.0017213489
2023-04-04 14:00:00+00:00,1.0341733319,1.0017213489
2023-04-04 14:30:00+00:00,1.0354854470,1.0017213489
2023-04-04 15:00:00+00:00,1.0341827715,1.0017213489
2023-04-04 15:30:00+00:00,1.0337013479,1.0017213489
2023-04-04 16:00:00+00:00,1.0336069511,1.0017213489
2023-04-04 16:30:00+00:00,1.0332954418,1.0017213489
2023-04-04 17:00:00+00:00,1.0333992782,1.0017213489
2023-04-04 17:30:00+00:00,1.0334936750,1.0017213489
2023-04-05 06:00:00+00:00,1.0329277802,1.0017213489
2023-04-05 06:30:00+00:00,1.0326071065,1.0017213489
2023-04-05 07:00:00+00:00,1.0338332120,1.0017213489
2023-04-05 07:30:00+00:00,1.0327768750,1.0017213489
2023-04-05 08:00:00+00:00,1.0327768750,1.0017213489
2023-04-05 08:30:00+00:00,1.0328711908,1.0017213489
2023-04-05 09:00:00+00:00,1.0322298434,1.0017213489
2023-04-05 09:30:00+00:00,1.0329466435,1.0017213489
2023-04-05 10:00:00+00:00,1.0327202856,1.0017213489
2023-04-05 10:30:00+00:00,1.0323618855,1.0017213489
2023-04-05 11:00:00+00:00,1.0317771275,1.0017213489
2023-04-05 11:30:00+00:00,1.0319280328,1.0017213489
2023-04-05 12:00:00+00:00,1.0329277803,1.0017213489
2023-04-05 12:30:00+00:00,1.0334936751,1.0017213489
2023-04-05 13:00:00+00:00,1.0320034855,1.0017213489
2023-04-05 13:30:00+00:00,1.0318337170,1.0017213489
2023-04-05 14:00:00+00:00,1.0310603275,1.0017213489
2023-04-05 14:30:00+00:00,1.0290042431,1.0017213489
2023-04-05 15:00:00+00:00,1.0299191064,1.0017213489
2023-04-05 15:30:00+00:00,1.0296833169,1.0017213489
2023-04-05 16:00:00+00:00,1.0289665168,1.0017213489
2023-04-05 16:30:00+00:00,1.0277404113,1.0017213489
2023-04-05 17:00:00+00:00,1.0278347271,1.0017213489
2023-04-05 17:30:00+00:00,1.0281176745,1.0017213489
2023-04-06 06:00:00+00:00,1.0287216502,1.0017213489
2023-04-06 06:30:00+00:00,1.0288726441,1.0017213489
2023-04-06 07:00:00+00:00,1.0299296016,1.0017213489
2023-04-06 07:30:00+00:00,1.0292878774,1.0017213489
2023-04-06 08:00:00+00:00,1.0283536024,1.0017213489
2023-04-06 08:30:00+00:00,1.0285895304,1.0017213489
2023-04-06 09:00:00+00:00,1.0282497941,1.0017213489
2023-04-06 09:30:00+00:00,1.0294766198,1.0017213489
2023-04-06 10:00:00+00:00,1.0292501289,1.0017213489
2023-04-06 10:30:00+00:00,1.0286272789,1.0017213489
2023-04-06 11:00:00+00:00,1.0296464879,1.0017213489
2023-04-06 11:30:00+00:00,1.0300994697,1.0017213489
2023-04-06 12:00:00+00:00,1.0295332425,1.0017213489
2023-04-06 12:30:00+00:00,1.0279289320,1.0017213489
2023-04-06 13:00:00+00:00,1.0278156866,1.0017213489
2023-04-06 13:30:00+00:00,1.0283441653,1.0017213489
2023-04-06 14:00:00+00:00,1.0299296016,1.0017213489
2023-04-06 14:30:00+00:00,1.0308355652,1.0017213489
2023-04-06 15:00:00+00:00,1.0307034455,1.0017213489
2023-04-06 15:30:00+00:00,1.0311092417,1.0017213489
2023-04-06 16:00:00+00:00,1.0318642113,1.0017213489
2023-04-06 16:30:00+00:00,1.0318736485,1.0017213489
2023-04-06 17:00:00+00:00,1.0314489780,1.0017213489
2023-04-06 17:30:00+00:00,1.0318359000,1.0017213489
2023-04-07 06:00:00+00:00,1.0320249328,1.0017213489
2023-04-07 06:30:00+00:00,1.0319493197,1.0017213489
2023-04-07 07:00:00+00:00,1.0319871263,1.0017213489
2023-04-07 07:30:00+00:00,1.0317035770,1.0017213489
2023-04-07 08:00:00+00:00,1.0317791901,1.0017213489
2023-04-07 08:30:00+00:00,1.0317035770,1.0017092650
2023-04-07 09:00:00+00:00,1.0315428990,1.0018120244
2023-04-07 09:30:00+00:00,1.0315145441,1.0018390512
2023-04-07 10:00:00+00:00,1.0317224803,1.0016408888
2023-04-07 10:30:00+00:00,1.0322895788,1.0011008480
2023-04-07 11:00:00+00:00,1.0320060295,1.0011877395
2023-04-07 11:30:00+00:00,1.0318737065,1.0011396640
2023-04-07 12:00:00+00:00,1.0317602868,1.0011396640
2023-04-07 12:30:00+00:00,1.0305788314,1.0011396640
2023-04-07 13:00:00+00:00,1.0304654117,1.0011396640
2023-04-07 13:30:00+00:00,1.0300967976,1.0011396640
2023-04-07 14:00:00+00:00,1.0314672859,1.0011396640
2023-04-07 14:30:00+00:00,1.0316468671,1.0011396640
2023-04-07 15:00:00+00:00,1.0310230586,1.0011396640
2023-04-07 15:30:00+00:00,1.0313444145,1.0011396640
2023-04-07 16:00:00+00:00,1.0313160596,1.0011396640
2023-04-07 16:30:00+00:00,1.0311648333,1.0011396640
2023-04-07 17:00:00+00:00,1.0311742849,1.0011396640
2023-04-07 17:30:00+00:00,1.0309852521,1.0011396640
2023-04-10 06:00:00+00:00,1.0307014842,1.0011396640
2023-04-10 06:30:00+00:00,1.0314960341,1.0011396640
2023-04-10 07:00:00+00:00,1.0317230484,1.0011396640
2023-04-10 07:30:00+00:00,1.0326121875,1.0011396640
2023-04-10 08:00:00+00:00,1.0324040911,1.0011396640
2023-04-10 08:30:00+00:00,1.0321676179,1.0011396640
2023-04-10 09:00:00+00:00,1.0325365161,1.0008914860
2023-04-10 09:30:00+00:00,1.0316095412,1.0018246603
2023-04-10 10:00:00+00:00,1.0319311448,1.0014811081
2023-04-10 10:30:00+00:00,1.0316284591,1.0018044451
2023-04-10 11:00:00+00:00,1.0304177163,1.0027512866
2023-04-10 11:30:00+00:00,1.0299826057,1.0029610710
2023-04-10 12:00:00+00:00,1.0274286954,1.0043319626
2023-04-10 12:30:00+00:00,1.0261990348,1.0049939071
2023-04-10 13:00:00+00:00,1.0265773919,1.0047901010
2023-04-10 13:30:00+00:00,1.0251680117,1.0055498706
2023-04-10 14:00:00+00:00,1.0247707367,1.0057643264
2023-04-10 14:30:00+00:00,1.0251963885,1.0055345573
2023-04-10 15:00:00+00:00,1.0255747456,1.0054091062
2023-04-10 15:30:00+00:00,1.0252815188,1.0053857134
2023-04-10 16:00:00+00:00,1.0259247259,1.0053857134
2023-04-10 16:30:00+00:00,1.0260760687,1.0053857134
2023-04-10 17:00:00+00:00,1.0268517007,1.0053857134
2023-04-10 17:30:00+00:00,1.0268422418,1.0053857134
2023-04-11 06:00:00+00:00,1.0264180982,1.0053857134
2023-04-11 06:30:00+00:00,1.0258808496,1.0053857134
2023-04-11 07:00:00+00:00,1.0272004076,1.0053857134
2023-04-11 07:30:00+00:00,1.0269553468,1.0053857134
2023-04-11 08:00:00+00:00,1.0275491478,1.0053857134
2023-04-11 08:30:00+00:00,1.0280109931,1.0053857134
2023-04-11 09:00:00+00:00,1.0288027278,1.0053857134
2023-04-11 09:30:00+00:00,1.0285953687,1.0053857134
2023-04-11 10:00:00+00:00,1.0283503080,1.0053857134
2023-04-11 10:30:00+00:00,1.0295096339,1.0053857134
2023-04-11 11:00:00+00:00,1.0285388163,1.0053857134
2023-04-11 11:30:00+00:00,1.0278413357,1.0053857134
2023-04-11 12:00:00+00:00,1.0280109931,1.0053857134
2023-04-11 12:30:00+00:00,1.0285011146,1.0053857134
2023-04-11 13:00:00+00:00,1.0293022747,1.0053857134
2023-04-11 13:30:00+00:00,1.0294059543,1.0053857134
2023-04-11 14:00:00+00:00,1.0292834239,1.0053857134
2023-04-11 14:30:00+00:00,1.0284257113,1.0053857134
2023-04-11 15:00:00+00:00,1.0285765179,1.0053857134
2023-04-11 15:30:00+00:00,1.0278319102,1.0053857134
2023-04-11 16:00:00+00:00,1.0274454683,1.0053857134
2023-04-11 16:30:00+00:00,1.0272758108,1.0053857134
2023-04-11 17:00:00+00:00,1.0273512141,1.0053857134
2023-04-11 17:30:00+00:00,1.0283503080,1.0053857134
2023-04-12 06:00:00+00:00,1.0266670314,1.0053857134
2023-04-12 06:30:00+00:00,1.0275227753,1.0053857134
2023-04-12 07:00:00+00:00,1.0270996053,1.0053857134
2023-04-12 07:30:00+00:00,1.0275321791,1.0053857134
2023-04-12 08:00:00+00:00,1.0270149712,1.0053857134
2023-04-12 08:30:00+00:00,1.0272500657,1.0053857134
2023-04-12 09:00:00+00:00,1.0272876808,1.0053857134
2023-04-12 09:30:00+00:00,1.0276450245,1.0053857134
2023-04-12 10:00:00+00:00,1.0273441035,1.0053857134
2023-04-12 10:30:00+00:00,1.0273252960,1.0053857134
2023-04-12 11:00:00+00:00,1.0275227753,1.0053857134
2023-04-12 11:30:00+00:00,1.0271372204,1.0053857134
2023-04-12 12:00:00+00:00,1.0273441035,1.0053857134
2023-04-12 12:30:00+00:00,1.0310397890,1.0030831920
2023-04-12 13:00:00+00:00,1.0323657219,1.0026545310
2023-04-12 13:30:00+00:00,1.0320459934,1.0026283891
2023-04-12 14:00:00+00:00,1.0337574813,1.0026283891
2023-04-12 14:30:00+00:00,1.0321776463,1.0026283891
2023-04-12 15:00:00+00:00,1.0325349900,1.0026283891
2023-04-12 15:30:00+00:00,1.0331744469,1.0026283891
2023-04-12 16:00:00+00:00,1.0337762889,1.0026283891
2023-04-12 16:30:00+00:00,1.0340584022,1.0026283891
2023-04-12 17:00:00+00:00,1.0341148249,1.0026283891
2023-04-12 17:30:00+00:00,1.0338891342,1.0026283891
2023-04-13 06:00:00+00:00,1.0341809300,1.0026283891
2023-04-13 06:30:00+00:00,1.0336349895,1.0026283891
2023-04-13 07:00:00+00:00,1.0353481134,1.0026283891
2023-04-13 07:30:00+00:00,1.0353292878,1.0026283891
2023-04-13 08:00:00+00:00,1.0370612373,1.0026283891
2023-04-13 08:30:00+00:00,1.0367788542,1.0026283891
2023-04-13 09:00:00+00:00,1.0376260035,1.0026283891
2023-04-13 09:30:00+00:00,1.0375883524,1.0026283891
2023-04-13 10:00:00+00:00,1.0370329990,1.0026283891
2023-04-13 10:30:00+00:00,1.0367412032,1.0026283891
2023-04-13 11:00:00+00:00,1.0369106330,1.0026283891
2023-04-13 11:30:00+00:00,1.0363458669,1.0026283891
2023-04-13 12:00:00+00:00,1.0373059694,1.0026283891
2023-04-13 12:30:00+00:00,1.0400074341,1.0026283891
2023-04-13 13:00:00+00:00,1.0405157237,1.0026283891
2023-04-13 13:30:00+00:00,1.0414852389,1.0026283891
2023-04-13 14:00:00+00:00,1.0404498342,1.0026283891
2023-04-13 14:30:00+00:00,1.0398380042,1.0026283891
2023-04-13 15:00:00+00:00,1.0405251364,1.0026283891
2023-04-13 15:30:00+00:00,1.0403839449,1.0026283891
2023-04-13 16:00:00+00:00,1.0406663279,1.0026283891
2023-04-13 16:30:00+00:00,1.0406569152,1.0026283891
2023-04-13 17:00:00+00:00,1.0401674512,1.0026283891
2023-04-13 17:30:00+00:00,1.0403651193,1.0026283891
2023-04-14 06:00:00+00:00,1.0396699393,1.0026283891
2023-04-14 06:30:00+00:00,1.0396699393,1.0026283891
2023-04-14 07:00:00+00:00,1.0396511506,1.0026283891
2023-04-14 07:30:00+00:00,1.0395290244,1.0026283891
2023-04-14 08:00:00+00:00,1.0385426203,1.0026283891
2023-04-14 08:30:00+00:00,1.0389277876,1.0026283891
2023-04-14 09:00:00+00:00,1.0390311252,1.0026283891
2023-04-14 09:30:00+00:00,1.0392753776,1.0026283891
2023-04-14 10:00:00+00:00,1.0394632641,1.0026283891
2023-04-14 10:30:00+00:00,1.0388996046,1.0026283891
2023-04-14 11:00:00+00:00,1.0382983678,1.0026283891
2023-04-14 11:30:00+00:00,1.0384486770,1.0026283891
2023-04-14 12:00:00+00:00,1.0387399011,1.0026283891
2023-04-14 12:30:00+00:00,1.0366355722,1.0026283891
2023-04-14 13:00:00+00:00,1.0357055340,1.0026283891
2023-04-14 13:30:00+00:00,1.0362316163,1.0026283891
2023-04-14 14:00:00+00:00,1.0337515144,1.0026283891
2023-04-14 14:30:00+00:00,1.0339675839,1.0026283891
2023-04-14 15:00:00+00:00,1.0323423657,1.0026283891
2023-04-14 15:30:00+00:00,1.0313935389,1.0026283891
2023-04-14 16:00:00+00:00,1.0315156651,1.0026283891
2023-04-14 16:30:00+00:00,1.0312902013,1.0026283891
2023-04-14 17:00:00+00:00,1.0321732678,1.0026283891
2023-04-14 17:30:00+00:00,1.0321732678,1.0026283891
2023-04-17 06:00:00+00:00,1.0322014472,1.0026283891
2023-04-17 06:30:00+00:00,1.0320041915,1.0026283891
2023-04-17 07:00:00+00:00,1.0326804967,1.0026283891
2023-04-17 07:30:00+00:00,1.0324926342,1.0026283891
2023-04-17 08:00:00+00:00,1.0310836649,1.0033081620
2023-04-17 08:30:00+00:00,1.0299470964,1.0044385480
2023-04-17 09:00:00+00:00,1.0309333749,1.0034187479
2023-04-17 09:30:00+00:00,1.0314218175,1.0029144483
2023-04-17 10:00:00+00:00,1.0313091000,1.0030307814
2023-04-17 10:30:00+00:00,1.0315157488,1.0028175240
2023-04-17 11:00:00+00:00,1.0308770161,1.0034769680
2023-04-17 11:30:00+00:00,1.0310648787,1.0032829265
2023-04-17 12:00:00+00:00,1.0314969625,1.0028369074
2023-04-17 12:30:00+00:00,1.0289044593,1.0041346885
2023-04-17 13:00:00+00:00,1.0280966503,1.0040972569
2023-04-17 13:30:00+00:00,1.0268755437,1.0040972569
2023-04-17 14:00:00+00:00,1.0261053072,1.0040972569
2023-04-17 14:30:00+00:00,1.0252035669,1.0040972569
2023-04-17 15:00:00+00:00,1.0253914294,1.0040972569
2023-04-17 15:30:00+00:00,1.0251659944,1.0040972569
2023-04-17 16:00:00+00:00,1.0251566013,1.0040972569
2023-04-17 16:30:00+00:00,1.0249593456,1.0040972569
2023-04-17 17:00:00+00:00,1.0258892652,1.0040972569
2023-04-17 17:30:00+00:00,1.0260865209,1.0040972569
2023-04-18 06:00:00+00:00,1.0259271048,1.0040972569
2023-04-18 06:30:00+00:00,1.0267523176,1.0040972569
2023-04-18 07:00:00+00:00,1.0277463240,1.0040972569
2023-04-18 07:30:00+00:00,1.0287403303,1.0040972569
2023-04-18 08:00:00+00:00,1.0286278013,1.0040972569
2023-04-18 08:30:00+00:00,1.0297530915,1.0040972569
2023-04-18 09:00:00+00:00,1.0291248045,1.0040972569
2023-04-18 09:30:00+00:00,1.0291716915,1.0040972569
2023-04-18 10:00:00+00:00,1.0291529367,1.0040972569
2023-04-18 10:30:00+00:00,1.0294905238,1.0040972569
2023-04-18 11:00:00+00:00,1.0286371787,1.0040972569
2023-04-18 11:30:00+00:00,1.0283652336,1.0040972569
2023-04-18 12:00:00+00:00,1.0288997464,1.0040972569
2023-04-18 12:30:00+00:00,1.0273712272,1.0040972569
2023-04-18 13:00:00+00:00,1.0268273370,1.0040972569
2023-04-18 13:30:00+00:00,1.0275681531,1.0040972569
2023-04-18 14:00:00+00:00,1.0283183466,1.0040972569
2023-04-18 14:30:00+00:00,1.0279713821,1.0040972569
2023-04-18 15:00:00+00:00,1.0281589305,1.0040972569
2023-04-18 15:30:00+00:00,1.0275025111,1.0044104096
2023-04-18 16:00:00+00:00,1.0279338724,1.0038823534
2023-04-18 16:30:00+00:00,1.0287403304,1.0029903629
2023-04-18 17:00:00+00:00,1.0286090465,1.0031354690
2023-04-18 17:30:00+00:00,1.0285527820,1.0031976694
2023-04-19 06:00:00+00:00,1.0277270120,1.0036040997
2023-04-19 06:30:00+00:00,1.0281023620,1.0032716462
2023-04-19 07:00:00+00:00,1.0295286919,1.0016814789
2023-04-19 07:30:00+00:00,1.0287216895,1.0025665790
2023-04-19 08:00:00+00:00,1.0283838745,1.0029375246
2023-04-19 08:30:00+00:00,1.0280460595,1.0033087293
2023-04-19 09:00:00+00:00,1.0269856958,1.0041600047
2023-04-19 09:30:00+00:00,1.0256438196,1.0048745841
2023-04-19 10:00:00+00:00,1.0260379371,1.0046571915
2023-04-19 10:30:00+00:00,1.0260004021,1.0046778899
2023-04-19 11:00:00+00:00,1.0246866771,1.0054030818
2023-04-19 11:30:00+00:00,1.0257564246,1.0048124586
2023-04-19 12:00:00+00:00,1.0267604858,1.0042589771
2023-04-19 12:30:00+00:00,1.0275018020,1.0040324678
2023-04-19 13:00:00+00:00,1.0280835945,1.0040074602
2023-04-19 13:30:00+00:00,1.0284777120,1.0040074602
2023-04-19 14:00:00+00:00,1.0291158069,1.0040074602
2023-04-19 14:30:00+00:00,1.0281961995,1.0040074602
2023-04-19 15:00:00+00:00,1.0285621657,1.0040074602
2023-04-19 15:30:00+00:00,1.0278020820,1.0040074602
2023-04-19 16:00:00+00:00,1.0280272920,1.0040074602
2023-04-19 16:30:00+00:00,1.0290032019,1.0040074602
2023-04-19 17:00:00+00:00,1.0281586645,1.0040074602
2023-04-19 17:30:00+00:00,1.0281023620,1.0040074602
2023-04-20 06:00:00+00:00,1.0288057708,1.0040074602
2023-04-20 06:30:00+00:00,1.0285900588,1.0040074602
2023-04-20 07:00:00+00:00,1.0275583925,1.0040074602
2023-04-20 07:30:00+00:00,1.0280367105,1.0040074602
2023-04-20 08:00:00+00:00,1.0291809222,1.0040074602
2023-04-20 08:30:00+00:00,1.0289933466,1.0040074602
2023-04-20 09:00:00+00:00,1.0278022409,1.0040074602
2023-04-20 09:30:00+00:00,1.0280836045,1.0040074602
2023-04-20 10:00:00+00:00,1.0280085742,1.0040074602
2023-04-20 10:30:00+00:00,1.0289652103,1.0040074602
2023-04-20 11:00:00+00:00,1.0289464527,1.0040074602
2023-04-20 11:30:00+00:00,1.0274364683,1.0040074602
2023-04-20 12:00:00+00:00,1.0260765445,1.0040074602
2023-04-20 12:30:00+00:00,1.0295654524,1.0040074602
2023-04-20 13:00:00+00:00,1.0284399983,1.0040074602
2023-04-20 13:30:00+00:00,1.0291058920,1.0040074602
2023-04-20 14:00:00+00:00,1.0299593614,1.0040074602
2023-04-20 14:30:00+00:00,1.0297624069,1.0040074602
2023-04-20 15:00:00+00:00,1.0289276951,1.0040074602
2023-04-20 15:30:00+00:00,1.0288057709,1.0040074602
2023-04-20 16:00:00+00:00,1.0284587559,1.0040074602
2023-04-20 16:30:00+00:00,1.0285900589,1.0040074602
2023-04-20 17:00:00+00:00,1.0287026043,1.0040074602
2023-04-20 17:30:00+00:00,1.0288901800,1.0040074602
2023-04-21 06:00:00+00:00,1.0282706381,1.0040074602
2023-04-21 06:30:00+00:00,1.0271066501,1.0040074602
2023-04-21 07:00:00+00:00,1.0275384521,1.0040074602
2023-04-21 07:30:00+00:00,1.0284771520,1.0040074602
2023-04-21 08:00:00+00:00,1.0284959260,1.0040074602
2023-04-21 08:30:00+00:00,1.0287775360,1.0040074602
2023-04-21 09:00:00+00:00,1.0286179570,1.0040074602
2023-04-21 09:30:00+00:00,1.0283269600,1.0040074602
2023-04-21 10:00:00+00:00,1.0291717900,1.0040074602
2023-04-21 10:30:00+00:00,1.0293032080,1.0040074602
2023-04-21 11:00:00+00:00,1.0300353939,1.0040074602
2023-04-21 11:30:00+00:00,1.0308239018,1.0040074602
2023-04-21 12:00:00+00:00,1.0307769668,1.0040074602
2023-04-21 12:30:00+00:00,1.0314434437,1.0040074602
2023-04-21 13:00:00+00:00,1.0310022548,1.0040074602
2023-04-21 13:30:00+00:00,1.0284114432,1.0040074602
2023-04-21 14:00:00+00:00,1.0301480379,1.0040074602
2023-04-21 14:30:00+00:00,1.0299227500,1.0040074602
2023-04-21 15:00:00+00:00,1.0303545519,1.0040074602
2023-04-21 15:30:00+00:00,1.0299509110,1.0040074602
2023-04-21 16:00:00+00:00,1.0302512949,1.0040074602
2023-04-21 16:30:00+00:00,1.0306173879,1.0040074602
2023-04-21 17:00:00+00:00,1.0300823289,1.0040074602
2023-04-21 17:30:00+00:00,1.0307675799,1.0040074602
2023-04-24 06:00:00+00:00,1.0314811478,1.0040074602
2023-04-24 06:30:00+00:00,1.0304389630,1.0040074602
2023-04-24 07:00:00+00:00,1.0307863579,1.0040074602
2023-04-24 07:30:00+00:00,1.0315562601,1.0040074602
2023-04-24 08:00:00+00:00,1.0314154244,1.0040074602
2023-04-24 08:30:00+00:00,1.0336218514,1.0040074602
2023-04-24 09:00:00+00:00,1.0345983127,1.0040074602
2023-04-24 09:30:00+00:00,1.0328331711,1.0048670491
2023-04-24 10:00:00+00:00,1.0337532981,1.0038753616
2023-04-24 10:30:00+00:00,1.0343448083,1.0032703007
2023-04-24 11:00:00+00:00,1.0330772864,1.0038769725
2023-04-24 11:30:00+00:00,1.0330209521,1.0038327348
2023-04-24 12:00:00+00:00,1.0336312404,1.0034804847
2023-04-24 12:30:00+00:00,1.0349550966,1.0031220509
2023-04-24 13:00:00+00:00,1.0343729754,1.0031014239
2023-04-24 13:30:00+00:00,1.0350489871,1.0031014239
2023-04-24 14:00:00+00:00,1.0348048718,1.0031014239
2023-04-24 14:30:00+00:00,1.0355559959,1.0031014239
2023-04-24 15:00:00+00:00,1.0347673156,1.0031014239
2023-04-24 15:30:00+00:00,1.0352179901,1.0031014239
2023-04-24 16:00:00+00:00,1.0356311083,1.0031014239
2023-04-24 16:30:00+00:00,1.0359785032,1.0031014239
2023-04-24 17:00:00+00:00,1.0364761229,1.0031014239
2023-04-24 17:30:00+00:00,1.0369455755,1.0031014239
2023-04-25 06:00:00+00:00,1.0373678916,1.0031014239
2023-04-25 06:30:00+00:00,1.0371801955,1.0031014239
2023-04-25 07:00:00+00:00,1.0348621494,1.0031014239
2023-04-25 07:30:00+00:00,1.0354252376,1.0031014239
2023-04-25 08:00:00+00:00,1.0348621494,1.0031014239
2023-04-25 08:30:00+00:00,1.0360540193,1.0031014239
2023-04-25 09:00:00+00:00,1.0358381688,1.0031014239
2023-04-25 09:30:00+00:00,1.0351812327,1.0031014239
2023-04-25 10:00:00+00:00,1.0348433798,1.0031014239
2023-04-25 10:30:00+00:00,1.0342615221,1.0031014239
2023-04-25 11:00:00+00:00,1.0340550565,1.0031014239
2023-04-25 11:30:00+00:00,1.0339236692,1.0031014239
2023-04-25 12:00:00+00:00,1.0348058406,1.0031014239
2023-04-25 12:30:00+00:00,1.0339518236,1.0031014239
2023-04-25 13:00:00+00:00,1.0334544291,1.0031014239
2023-04-25 13:30:00+00:00,1.0322719439,1.0031014239
2023-04-25 14:00:00+00:00,1.0308642236,1.0031014239
2023-04-25 14:30:00+00:00,1.0301509786,1.0031014239
2023-04-25 15:00:00+00:00,1.0308266844,1.0031014239
2023-04-25 15:30:00+00:00,1.0293814248,1.0031014239
2023-04-25 16:00:00+00:00,1.0294377336,1.0031014239
2023-04-25 16:30:00+00:00,1.0293438856,1.0031014239
2023-04-25 17:00:00+00:00,1.0293438856,1.0031014239
2023-04-25 17:30:00+00:00,1.0294001944,1.0031014239
2023-04-26 06:00:00+00:00,1.0299247868,1.0031014239
2023-04-26 06:30:00+00:00,1.0310863843,1.0031014239
2023-04-26 07:00:00+00:00,1.0327070001,1.0031014239
2023-04-26 07:30:00+00:00,1.0322479818,1.0031014239
2023-04-26 08:00:00+00:00,1.0338592299,1.0022659989
2023-04-26 08:30:00+00:00,1.0343744546,1.0017188501
2023-04-26 09:00:00+00:00,1.0348803115,1.0012236390
2023-04-26 09:30:00+00:00,1.0343088805,1.0017830799
2023-04-26 10:00:00+00:00,1.0350020919,1.0011044943
2023-04-26 10:30:00+00:00,1.0346835894,1.0014161633
2023-04-26 11:00:00+00:00,1.0348147375,1.0012878056
2023-04-26 11:30:00+00:00,1.0347772666,1.0013244759
2023-04-26 12:00:00+00:00,1.0351332400,1.0009762160
2023-04-26 12:30:00+00:00,1.0354892134,1.0006281970
2023-04-26 13:00:00+00:00,1.0386555034,0.9990447941
2023-04-26 13:30:00+00:00,1.0384306781,0.9991922075
2023-04-26 14:00:00+00:00,1.0366882818,1.0002978211
2023-04-26 14:30:00+00:00,1.0345149703,1.0014186640
2023-04-26 15:00:00+00:00,1.0349458855,1.0011941603
2023-04-26 15:30:00+00:00,1.0352175495,1.0011034056
2023-04-26 16:00:00+00:00,1.0336531400,1.0010809200
2023-04-26 16:30:00+00:00,1.0342901451,1.0010809200
2023-04-26 17:00:00+00:00,1.0341496292,1.0010809200
2023-04-26 17:30:00+00:00,1.0339716425,1.0010809200
2023-04-27 06:00:00+00:00,1.0335602827,1.0010809200
2023-04-27 06:30:00+00:00,1.0336350754,1.0010809200
2023-04-27 07:00:00+00:00,1.0322327123,1.0010809200
2023-04-27 07:30:00+00:00,1.0330460828,1.0010809200
2023-04-27 08:00:00+00:00,1.0331489228,1.0010809200
2023-04-27 08:30:00+00:00,1.0333546027,1.0010809200
2023-04-27 09:00:00+00:00,1.0328123557,1.0010809200
2023-04-27 09:30:00+00:00,1.0319522397,1.0010809200
2023-04-27 10:00:00+00:00,1.0319522397,1.0010809200
2023-04-27 10:30:00+00:00,1.0325879776,1.0010809200
2023-04-27 11:00:00+00:00,1.0317652579,1.0010809200
2023-04-27 11:30:00+00:00,1.0316250216,1.0010809200
2023-04-27 12:00:00+00:00,1.0328310538,1.0010809200
2023-04-27 12:30:00+00:00,1.0296336660,1.0010809200
2023-04-27 13:00:00+00:00,1.0283995864,1.0010809200
2023-04-27 13:30:00+00:00,1.0293531933,1.0010809200
2023-04-27 14:00:00+00:00,1.0295401751,1.0010809200
2023-04-27 14:30:00+00:00,1.0294092879,1.0010809200
2023-04-27 15:00:00+00:00,1.0308303491,1.0010809200
2023-04-27 15:30:00+00:00,1.0298580440,1.0010809200
2023-04-27 16:00:00+00:00,1.0295962696,1.0010809200
2023-04-27 16:30:00+00:00,1.0291942589,1.0010809200
2023-04-27 17:00:00+00:00,1.0301665639,1.0010809200
2023-04-27 17:30:00+00:00,1.0305124801,1.0010809200
2023-04-28 06:00:00+00:00,1.0304001851,1.0010809200
2023-04-28 06:30:00+00:00,1.0317290093,1.0004178726
2023-04-28 07:00:00+00:00,1.0299229314,1.0012673098
2023-04-28 07:30:00+00:00,1.0301943110,1.0011395330
2023-04-28 08:00:00+00:00,1.0274617994,1.0024283991
2023-04-28 08:30:00+00:00,1.0285660336,1.0021440121
2023-04-28 09:00:00+00:00,1.0283040120,1.0021248001
2023-04-28 09:30:00+00:00,1.0282572224,1.0021248001
2023-04-28 10:00:00+00:00,1.0288093395,1.0021248001
2023-04-28 10:30:00+00:00,1.0278548320,1.0021248001
2023-04-28 11:00:00+00:00,1.0282478645,1.0021248001
2023-04-28 11:30:00+00:00,1.0269377561,1.0021248001
2023-04-28 12:00:00+00:00,1.0271997778,1.0021248001
2023-04-28 12:30:00+00:00,1.0279296953,1.0021248001
2023-04-28 13:00:00+00:00,1.0299042157,1.0021248001
2023-04-28 13:30:00+00:00,1.0294737516,1.0021248001
2023-04-28 14:00:00+00:00,1.0304001853,1.0021248001
2023-04-28 14:30:00+00:00,1.0328332437,1.0021248001
2023-04-28 15:00:00+00:00,1.0327115908,1.0021248001
2023-04-28 15:30:00+00:00,1.0330765495,1.0021248001
2023-04-28 16:00:00+00:00,1.0324589270,1.0021248001
2023-04-28 16:30:00+00:00,1.0322530528,1.0021248001
2023-04-28 17:00:00+00:00,1.0318974520,1.0021248001
2023-04-28 17:30:00+00:00,1.0315886408,1.0021248001
2023-05-01 06:00:00+00:00,1.0307357008,1.0021248001
2023-05-01 06:30:00+00:00,1.0308294305,1.0021248001
2023-05-01 07:00:00+00:00,1.0312418410,1.0021248001
2023-05-01 07:30:00+00:00,1.0313449436,1.0021248001
2023-05-01 08:00:00+00:00,1.0305013767,1.0021248001
2023-05-01 08:30:00+00:00,1.0302951715,1.0021248001
2023-05-01 09:00:00+00:00,1.0310637546,1.0021248001
2023-05-01 09:30:00+00:00,1.0313449436,1.0021248001
2023-05-01 10:00:00+00:00,1.0312324680,1.0021248001
2023-05-01 10:30:00+00:00,1.0318698297,1.0021248001
2023-05-01 11:00:00+00:00,1.0320572890,1.0021248001
2023-05-01 11:30:00+00:00,1.0322822402,1.0021248001
2023-05-01 12:00:00+00:00,1.0325915481,1.0021248001
2023-05-01 12:30:00+00:00,1.0341193415,1.0021248001
2023-05-01 13:00:00+00:00,1.0333601313,1.0021248001
2023-05-01 13:30:00+00:00,1.0327508885,1.0021248001
2023-05-01 14:00:00+00:00,1.0296578098,1.0021248001
2023-05-01 14:30:00+00:00,1.0293016371,1.0021248001
2023-05-01 15:00:00+00:00,1.0281300163,1.0021248001
2023-05-01 15:30:00+00:00,1.0281581352,1.0021248001
2023-05-01 16:00:00+00:00,1.0278582003,1.0021248001
2023-05-01 16:30:00+00:00,1.0279894218,1.0021248001
2023-05-01 17:00:00+00:00,1.0283268486,1.0021248001
2023-05-01 17:30:00+00:00,1.0284205782,1.0021248001
2023-05-02 06:00:00+00:00,1.0290010990,1.0021248001
2023-05-02 06:30:00+00:00,1.0291696372,1.0021248001
2023-05-02 07:00:00+00:00,1.0296471624,1.0021248001
2023-05-02 07:30:00+00:00,1.0286265695,1.0021248001
2023-05-02 08:00:00+00:00,1.0272033573,1.0021248001
2023-05-02 08:30:00+00:00,1.0272969897,1.0021248001
2023-05-02 09:00:00+00:00,1.0257614187,1.0021248001
2023-05-02 09:30:00+00:00,1.0255367010,1.0021248001
2023-05-02 10:00:00+00:00,1.0257239658,1.0021248001
2023-05-02 10:30:00+00:00,1.0259299570,1.0021248001
2023-05-02 11:00:00+00:00,1.0272782633,1.0021248001
2023-05-02 11:30:00+00:00,1.0269318235,1.0021248001
2023-05-02 12:00:00+00:00,1.0266790160,1.0021248001
2023-05-02 12:30:00+00:00,1.0257707820,1.0021248001
2023-05-02 13:00:00+00:00,1.0257146026,1.0021248001
2023-05-02 13:30:00+00:00,1.0246659199,1.0021248001
2023-05-02 14:00:00+00:00,1.0260984953,1.0021248001
2023-05-02 14:30:00+00:00,1.0280085957,1.0021248001
2023-05-02 15:00:00+00:00,1.0283082194,1.0021248001
2023-05-02 15:30:00+00:00,1.0296565256,1.0021248001
2023-05-02 16:00:00+00:00,1.0297127051,1.0021248001
2023-05-02 16:30:00+00:00,1.0299561492,1.0021248001
2023-05-02 17:00:00+00:00,1.0298437904,1.0021248001
2023-05-02 17:30:00+00:00,1.0297127051,1.0021248001
2023-05-03 06:00:00+00:00,1.0296566408,1.0021248001
2023-05-03 06:30:00+00:00,1.0307218608,1.0021248001
2023-05-03 07:00:00+00:00,1.0314506956,1.0021248001
2023-05-03 07:30:00+00:00,1.0310582461,1.0021248001
2023-05-03 08:00:00+00:00,1.0313665993,1.0021248001
2023-05-03 08:30:00+00:00,1.0315441359,1.0021248001
2023-05-03 09:00:00+00:00,1.0319926496,1.0021248001
2023-05-03 09:30:00+00:00,1.0316188882,1.0021248001
2023-05-03 10:00:00+00:00,1.0312264387,1.0021248001
2023-05-03 10:30:00+00:00,1.0309274296,1.0021248001
2023-05-03 11:00:00+00:00,1.0314320075,1.0021248001
2023-05-03 11:30:00+00:00,1.0315441359,1.0021248001
2023-05-03 12:00:00+00:00,1.0313572552,1.0021248001
2023-05-03 12:30:00+00:00,1.0314506955,1.0021248001
2023-05-03 13:00:00+00:00,1.0314133194,1.0021248001
2023-05-03 13:30:00+00:00,1.0308339892,1.0021248001
2023-05-03 14:00:00+00:00,1.0320860900,1.0021248001
2023-05-03 14:30:00+00:00,1.0327775486,1.0021248001
2023-05-03 15:00:00+00:00,1.0329831174,1.0021248001
2023-05-03 15:30:00+00:00,1.0323103468,1.0021248001
2023-05-03 16:00:00+00:00,1.0326467321,1.0021248001
2023-05-03 16:30:00+00:00,1.0322449386,1.0021248001
2023-05-03 17:00:00+00:00,1.0324785395,1.0021248001
2023-05-03 17:30:00+00:00,1.0325626358,1.0021248001
2023-05-04 06:00:00+00:00,1.0329911623,1.0021248001
2023-05-04 06:30:00+00:00,1.0317614775,1.0021248001
2023-05-04 07:00:00+00:00,1.0310627929,1.0021248001
2023-05-04 07:30:00+00:00,1.0301405293,1.0021248001
2023-05-04 08:00:00+00:00,1.0287058970,1.0029121480
2023-05-04 08:30:00+00:00,1.0285102653,1.0030852484
2023-05-04 09:00:00+00:00,1.0291344235,1.0023559777
2023-05-04 09:30:00+00:00,1.0298796870,1.0014864795
2023-05-04 10:00:00+00:00,1.0296840554,1.0017145888
2023-05-04 10:30:00+00:00,1.0303827399,1.0009003499
2023-05-04 11:00:00+00:00,1.0309603192,1.0005115606
2023-05-04 11:30:00+00:00,1.0316869511,0.9998430318
2023-05-04 12:00:00+00:00,1.0280724230,1.0024886273
2023-05-04 12:30:00+00:00,1.0256223691,1.0033628313
2023-05-04 13:00:00+00:00,1.0276811596,1.0033327342
2023-05-04 13:30:00+00:00,1.0269731592,1.0033327342
2023-05-04 14:00:00+00:00,1.0271874225,1.0033327342
2023-05-04 14:30:00+00:00,1.0248118950,1.0033327342
2023-05-04 15:00:00+00:00,1.0249050529,1.0033327342
2023-05-04 15:30:00+00:00,1.0255012637,1.0033327342
2023-05-04 16:00:00+00:00,1.0270104224,1.0033327342
2023-05-04 16:30:00+00:00,1.0270476856,1.0033327342
2023-05-04 17:00:00+00:00,1.0272712646,1.0033327342
2023-05-04 17:30:00+00:00,1.0267588960,1.0033327342
2023-05-05 06:00:00+00:00,1.0259776664,1.0033327342
2023-05-05 06:30:00+00:00,1.0272611150,1.0033327342
2023-05-05 07:00:00+00:00,1.0264891858,1.0033327342
2023-05-05 07:30:00+00:00,1.0255405498,1.0033327342
2023-05-05 08:00:00+00:00,1.0255405498,1.0033327342
2023-05-05 08:30:00+00:00,1.0256800551,1.0033327342
2023-05-05 09:00:00+00:00,1.0255870516,1.0033327342
2023-05-05 09:30:00+00:00,1.0255870516,1.0033327342
2023-05-05 10:00:00+00:00,1.0259032636,1.0033327342
2023-05-05 10:30:00+00:00,1.0253731435,1.0033327342
2023-05-05 11:00:00+00:00,1.0250104298,1.0033327342
2023-05-05 11:30:00+00:00,1.0239222885,1.0033327342
2023-05-05 12:00:00+00:00,1.0240803945,1.0033327342
2023-05-05 12:30:00+00:00,1.0208066706,1.0033327342
2023-05-05 13:00:00+00:00,1.0217274054,1.0033327342
2023-05-05 13:30:00+00:00,1.0222203241,1.0033327342
2023-05-05 14:00:00+00:00,1.0235688752,1.0033327342
2023-05-05 14:30:00+00:00,1.0236897798,1.0033327342
2023-05-05 15:00:00+00:00,1.0248244227,1.0033327342
2023-05-05 15:30:00+00:00,1.0253452425,1.0033327342
2023-05-05 16:00:00+00:00,1.0250941330,1.0033327342
2023-05-05 16:30:00+00:00,1.0260427689,1.0033327342
2023-05-05 17:00:00+00:00,1.0249825288,1.0033327342
2023-05-05 17:30:00+00:00,1.0241175960,1.0033327342
2023-05-08 06:00:00+00:00,1.0244979709,1.0033327342
2023-05-08 06:30:00+00:00,1.0250082299,1.0033327342
2023-05-08 07:00:00+00:00,1.0246371324,1.0033327342
2023-05-08 07:30:00+00:00,1.0251010042,1.0033327342
2023-05-08 08:00:00+00:00,1.0251381140,1.0033327342
2023-05-08 08:30:00+00:00,1.0238763827,1.0033327342
2023-05-08 09:00:00+00:00,1.0232640719,1.0033327342
2023-05-08 09:30:00+00:00,1.0238578278,1.0033327342
2023-05-08 10:00:00+00:00,1.0245072483,1.0033327342
2023-05-08 10:30:00+00:00,1.0249711201,1.0033327342
2023-05-08 11:00:00+00:00,1.0247670165,1.0033327342
2023-05-08 11:30:00+00:00,1.0237836083,1.0033327342
2023-05-08 12:00:00+00:00,1.0241083186,1.0033327342
2023-05-08 12:30:00+00:00,1.0239691570,1.0033327342
2023-05-08 13:00:00+00:00,1.0240062668,1.0033327342
2023-05-08 13:30:00+00:00,1.0245443580,1.0033327342
2023-05-08 14:00:00+00:00,1.0229115293,1.0033327342
2023-05-08 14:30:00+00:00,1.0219837858,1.0033327342
2023-05-08 15:00:00+00:00,1.0221136699,1.0033327342
2023-05-08 15:30:00+00:00,1.0223363283,1.0033327342
2023-05-08 16:00:00+00:00,1.0229950263,1.0033327342
2023-05-08 16:30:00+00:00,1.0230599683,1.0033327342
2023-05-08 17:00:00+00:00,1.0227074258,1.0033327342
2023-05-08 17:30:00+00:00,1.0219652309,1.0033327342
2023-05-09 06:00:00+00:00,1.0222069137,1.0033327342
2023-05-09 06:30:00+00:00,1.0219652309,1.0033327342
2023-05-09 07:00:00+00:00,1.0209427265,1.0033327342
2023-05-09 07:30:00+00:00,1.0204686562,1.0033327342
2023-05-09 08:00:00+00:00,1.0203664058,1.0033388893
2023-05-09 08:30:00+00:00,1.0205430202,1.0031161731
2023-05-09 09:00:00+00:00,1.0209520219,1.0027011465
2023-05-09 09:30:00+00:00,1.0210356814,1.0026162963
2023-05-09 10:00:00+00:00,1.0208683625,1.0027860108
2023-05-09 10:30:00+00:00,1.0206266796,1.0030312538
2023-05-09 11:00:00+00:00,1.0201061320,1.0035598706
2023-05-09 11:30:00+00:00,1.0191394006,1.0045430438
2023-05-09 12:00:00+00:00,1.0190185591,1.0046660737
2023-05-09 12:30:00+00:00,1.0178659179,1.0055230413
2023-05-09 13:00:00+00:00,1.0175405756,1.0056672501
2023-05-09 13:30:00+00:00,1.0189720817,1.0049374388
2023-05-09 14:00:00+00:00,1.0191579916,1.0048427721
2023-05-09 14:30:00+00:00,1.0184143520,1.0052215959
2023-05-09 15:00:00+00:00,1.0185351935,1.0051600085
2023-05-09 15:30:00+00:00,1.0181168962,1.0053732428
2023-05-09 16:00:00+00:00,1.0186746259,1.0050889598
2023-05-09 16:30:00+00:00,1.0183585791,1.0052500245
2023-05-09 17:00:00+00:00,1.0188419448,1.0050037210
2023-05-09 17:30:00+00:00,1.0191301051,1.0048569704
2023-05-10 06:00:00+00:00,1.0191393981,1.0048340385
2023-05-10 06:30:00+00:00,1.0193996007,1.0046329646
2023-05-10 07:00:00+00:00,1.0203010170,1.0036836767
2023-05-10 07:30:00+00:00,1.0189628320,1.0050401367
2023-05-10 08:00:00+00:00,1.0182844465,1.0057291682
2023-05-10 08:30:00+00:00,1.0177733342,1.0060972343
2023-05-10 09:00:00+00:00,1.0180335368,1.0059432000
2023-05-10 09:30:00+00:00,1.0182101029,1.0058534415
2023-05-10 10:00:00+00:00,1.0180985875,1.0059101283
2023-05-10 10:30:00+00:00,1.0180242438,1.0059479248
2023-05-10 11:00:00+00:00,1.0175131315,1.0062078886
2023-05-10 11:30:00+00:00,1.0175038386,1.0062126170
2023-05-10 12:00:00+00:00,1.0172436359,1.0063450400
2023-05-10 12:30:00+00:00,1.0222990017,1.0050443015
2023-05-10 13:00:00+00:00,1.0207377859,1.0050214754
2023-05-10 13:30:00+00:00,1.0209050590,1.0050214754
2023-05-10 14:00:00+00:00,1.0210351603,1.0050214754
2023-05-10 14:30:00+00:00,1.0196505105,1.0050214754
2023-05-10 15:00:00+00:00,1.0199571779,1.0050214754
2023-05-10 15:30:00+00:00,1.0190092969,1.0050214754
2023-05-10 16:00:00+00:00,1.0196783894,1.0050214754
2023-05-10 16:30:00+00:00,1.0194832374,1.0050214754
2023-05-10 17:00:00+00:00,1.0190650546,1.0050214754
2023-05-10 17:30:00+00:00,1.0192137418,1.0050214754
2023-05-11 06:00:00+00:00,1.0183689152,1.0050214754
2023-05-11 06:30:00+00:00,1.0147760808,1.0050214754
2023-05-11 07:00:00+00:00,1.0147575132,1.0050214754
2023-05-11 07:30:00+00:00,1.0147389456,1.0050214754
2023-05-11 08:00:00+00:00,1.0149988922,1.0050214754
2023-05-11 08:30:00+00:00,1.0145718370,1.0050214754
2023-05-11 09:00:00+00:00,1.0146646751,1.0050214754
2023-05-11 09:30:00+00:00,1.0145161341,1.0050214754
2023-05-11 10:00:00+00:00,1.0137919970,1.0050214754
2023-05-11 10:30:00+00:00,1.0140333760,1.0050214754
2023-05-11 11:00:00+00:00,1.0150917303,1.0050214754
2023-05-11 11:30:00+00:00,1.0148689189,1.0050214754
2023-05-11 12:00:00+00:00,1.0147946484,1.0050214754
2023-05-11 12:30:00+00:00,1.0149896084,1.0050214754
2023-05-11 13:00:00+00:00,1.0136341722,1.0050214754
2023-05-11 13:30:00+00:00,1.0120930599,1.0050214754
2023-05-11 14:00:00+00:00,1.0127522104,1.0050214754
2023-05-11 14:30:00+00:00,1.0135506180,1.0050214754
2023-05-11 15:00:00+00:00,1.0135691856,1.0050214754
2023-05-11 15:30:00+00:00,1.0133835094,1.0050214754
2023-05-11 16:00:00+00:00,1.0144604313,1.0050214754
2023-05-11 16:30:00+00:00,1.0142840389,1.0050214754
2023-05-11 17:00:00+00:00,1.0134206447,1.0050214754
2023-05-11 17:30:00+00:00,1.0131235628,1.0050214754
2023-05-12 06:00:00+00:00,1.0133646899,1.0050214754
2023-05-12 06:30:00+00:00,1.0135687206,1.0050214754
2023-05-12 07:00:00+00:00,1.0135687206,1.0050214754
2023-05-12 07:30:00+00:00,1.0115840585,1.0050214754
2023-05-12 08:00:00+00:00,1.0118901045,1.0050214754
2023-05-12 08:30:00+00:00,1.0121497799,1.0050214754
2023-05-12 09:00:00+00:00,1.0116675256,1.0050214754
2023-05-12 09:30:00+00:00,1.0118993786,1.0050214754
2023-05-12 10:00:00+00:00,1.0119550234,1.0050214754
2023-05-12 10:30:00+00:00,1.0113800279,1.0050214754
2023-05-12 11:00:00+00:00,1.0100074579,1.0050214754
2023-05-12 11:30:00+00:00,1.0101372956,1.0050214754
2023-05-12 12:00:00+00:00,1.0098127013,1.0050214754
2023-05-12 12:30:00+00:00,1.0096735895,1.0050214754
2023-05-12 13:00:00+00:00,1.0098961684,1.0050214754
2023-05-12 13:30:00+00:00,1.0098590719,1.0050214754
2023-05-12 14:00:00+00:00,1.0091356905,1.0050214754
2023-05-12 14:30:00+00:00,1.0073921556,1.0050214754
2023-05-12 15:00:00+00:00,1.0072808662,1.0050214754
2023-05-12 15:30:00+00:00,1.0067800636,1.0050214754
2023-05-12 16:00:00+00:00,1.0063905505,1.0050214754
2023-05-12 16:30:00+00:00,1.0064090987,1.0050214754
2023-05-12 17:00:00+00:00,1.0068449824,1.0050214754
2023-05-12 17:30:00+00:00,1.0066780482,1.0050214754
2023-05-15 06:00:00+00:00,1.0064742597,1.0050214754
2023-05-15 06:30:00+00:00,1.0068818367,1.0050214754
2023-05-15 07:00:00+00:00,1.0070948883,1.0050214754
2023-05-15 07:30:00+00:00,1.0072708874,1.0050214754
2023-05-15 08:00:00+00:00,1.0073635186,1.0050214754
2023-05-15 08:30:00+00:00,1.0067706793,1.0050214754
2023-05-15 09:00:00+00:00,1.0059740516,1.0050214754
2023-05-15 09:30:00+00:00,1.0068077318,1.0050214754
2023-05-15 10:00:00+00:00,1.0072523612,1.0050214754
2023-05-15 10:30:00+00:00,1.0076414119,1.0050214754
2023-05-15 11:00:00+00:00,1.0075673070,1.0050214754
2023-05-15 11:30:00+00:00,1.0076136226,1.0050214754
2023-05-15 12:00:00+00:00,1.0075487808,1.0050214754
2023-05-15 12:30:00+00:00,1.0077433062,1.0050214754
2023-05-15 13:00:00+00:00,1.0077433062,1.0049772424
2023-05-15 13:30:00+00:00,1.0077710955,1.0049065014
2023-05-15 14:00:00+00:00,1.0071597301,1.0055431393
2023-05-15 14:30:00+00:00,1.0064186810,1.0061004769
2023-05-15 15:00:00+00:00,1.0069374153,1.0058066227
2023-05-15 15:30:00+00:00,1.0072060456,1.0056666293
2023-05-15 16:00:00+00:00,1.0069744678,1.0057873099
2023-05-15 16:30:00+00:00,1.0077340430,1.0053916355
2023-05-15 17:00:00+00:00,1.0076228857,1.0054495107
2023-05-15 17:30:00+00:00,1.0074746758,1.0055266928
2023-05-16 06:00:00+00:00,1.0069371682,1.0056433527
2023-05-16 06:30:00+00:00,1.0079565792,1.0049440942
2023-05-16 07:00:00+00:00,1.0080770551,1.0047775562
2023-05-16 07:30:00+00:00,1.0090871988,1.0037232013
2023-05-16 08:00:00+00:00,1.0097359149,1.0030472318
2023-05-16 08:30:00+00:00,1.0093466852,1.0034527067
2023-05-16 09:00:00+00:00,1.0100139361,1.0027578029
2023-05-16 09:30:00+00:00,1.0095691022,1.0032209675
2023-05-16 10:00:00+00:00,1.0095320327,1.0032595835
2023-05-16 10:30:00+00:00,1.0096988454,1.0030858347
2023-05-16 11:00:00+00:00,1.0097915191,1.0029893330
2023-05-16 11:30:00+00:00,1.0089389208,1.0038778335
2023-05-16 12:00:00+00:00,1.0083458089,1.0044968285
2023-05-16 12:30:00+00:00,1.0084477501,1.0043903856
2023-05-16 13:00:00+00:00,1.0078639056,1.0050003112
2023-05-16 13:30:00+00:00,1.0078361034,1.0050293734
2023-05-16 14:00:00+00:00,1.0075117454,1.0053685529
2023-05-16 14:30:00+00:00,1.0070298420,1.0057257445
2023-05-16 15:00:00+00:00,1.0068166924,1.0058150810
2023-05-16 15:30:00+00:00,1.0068815640,1.0057811150
2023-05-16 16:00:00+00:00,1.0070113072,1.0057131931
2023-05-16 16:30:00+00:00,1.0070669115,1.0056840878
2023-05-16 17:00:00+00:00,1.0071966547,1.0056161849
2023-05-16 17:30:00+00:00,1.0070854462,1.0056743865
2023-05-17 06:00:00+00:00,1.0077349872,1.0054834292
2023-05-17 06:30:00+00:00,1.0071411212,1.0059502860
2023-05-17 07:00:00+00:00,1.0062503221,1.0066702871
2023-05-17 07:30:00+00:00,1.0051089859,1.0075213019
2023-05-17 08:00:00+00:00,1.0061760889,1.0067197983
2023-05-17 08:30:00+00:00,1.0048584487,1.0077096969
2023-05-17 09:00:00+00:00,1.0046914238,1.0078353392
2023-05-17 09:30:00+00:00,1.0050254735,1.0075840911
2023-05-17 10:00:00+00:00,1.0049883569,1.0076120003
2023-05-17 10:30:00+00:00,1.0049512402,1.0076399114
2023-05-17 11:00:00+00:00,1.0056657353,1.0071029404
2023-05-17 11:30:00+00:00,1.0044872823,1.0079889518
2023-05-17 12:00:00+00:00,1.0046450280,1.0078702464
2023-05-17 12:30:00+00:00,1.0043759324,1.0080727634
2023-05-17 13:00:00+00:00,1.0050069151,1.0078033920
2023-05-17 13:30:00+00:00,1.0035964833,1.0077731211
2023-05-17 14:00:00+00:00,1.0049048444,1.0077731211
2023-05-17 14:30:00+00:00,1.0040697202,1.0077731211
2023-05-17 15:00:00+00:00,1.0047099821,1.0077731211
2023-05-17 15:30:00+00:00,1.0048770069,1.0077731211
2023-05-17 16:00:00+00:00,1.0052852898,1.0077731211
2023-05-17 16:30:00+00:00,1.0060461806,1.0077731211
2023-05-17 17:00:00+00:00,1.0062688804,1.0077731211
2023-05-17 17:30:00+00:00,1.0062317638,1.0077731211
2023-05-18 06:00:00+00:00,1.0064547473,1.0077731211
2023-05-18 06:30:00+00:00,1.0058415426,1.0077731211
2023-05-18 07:00:00+00:00,1.0053769936,1.0077731211
2023-05-18 07:30:00+00:00,1.0049496085,1.0077731211
2023-05-18 08:00:00+00:00,1.0050982642,1.0077731211
2023-05-18 08:30:00+00:00,1.0049681904,1.0077731211
2023-05-18 09:00:00+00:00,1.0041691661,1.0077731211
2023-05-18 09:30:00+00:00,1.0051168461,1.0077731211
2023-05-18 10:00:00+00:00,1.0042249120,1.0077731211
2023-05-18 10:30:00+00:00,1.0048566987,1.0077731211
2023-05-18 11:00:00+00:00,1.0044571866,1.0077731211
2023-05-18 11:30:00+00:00,1.0048195348,1.0077731211
2023-05-18 12:00:00+00:00,1.0045315144,1.0077731211
2023-05-18 12:30:00+00:00,1.0025153716,1.0077731211
2023-05-18 13:00:00+00:00,1.0022552242,1.0077731211
2023-05-18 13:30:00+00:00,1.0013818720,1.0077731211
2023-05-18 14:00:00+00:00,1.0019950767,1.0077731211
2023-05-18 14:30:00+00:00,1.0005828476,1.0077731211
2023-05-18 15:00:00+00:00,1.0009080319,1.0077731211
2023-05-18 15:30:00+00:00,1.0011403064,1.0077731211
2023-05-18 16:00:00+00:00,1.0003412821,1.0077731211
2023-05-18 16:30:00+00:00,0.9999975158,1.0077731211
2023-05-18 17:00:00+00:00,1.0002855362,1.0077731211
2023-05-18 17:30:00+00:00,1.0003227001,1.0077731211
2023-05-19 06:00:00+00:00,1.0023105638,1.0077731211
2023-05-19 06:30:00+00:00,1.0014931246,1.0077731211
2023-05-19 07:00:00+00:00,1.0012330303,1.0077731211
2023-05-19 07:30:00+00:00,1.0011401395,1.0077731211
2023-05-19 08:00:00+00:00,1.0014838355,1.0077731211
2023-05-19 08:30:00+00:00,1.0021247822,1.0077731211
2023-05-19 09:00:00+00:00,1.0021805167,1.0077731211
2023-05-19 09:30:00+00:00,1.0034624101,1.0077731211
2023-05-19 10:00:00+00:00,1.0030165341,1.0077731211
2023-05-19 10:30:00+00:00,1.0027007053,1.0077731211
2023-05-19 11:00:00+00:00,1.0028679088,1.0077731211
2023-05-19 11:30:00+00:00,1.0040290441,1.0077731211
2023-05-19 12:00:00+00:00,1.0044656309,1.0077731211
2023-05-19 12:30:00+00:00,1.0037689497,1.0077731211
2023-05-19 13:00:00+00:00,1.0027378616,1.0077731211
2023-05-19 13:30:00+00:00,1.0027657288,1.0077731211
2023-05-19 14:00:00+00:00,1.0026263926,1.0077731211
2023-05-19 14:30:00+00:00,1.0019111332,1.0077731211
2023-05-19 15:00:00+00:00,1.0044377636,1.0077731211
2023-05-19 15:30:00+00:00,1.0049858194,1.0077731211
2023-05-19 16:00:00+00:00,1.0045120762,1.0077731211
2023-05-19 16:30:00+00:00,1.0051530229,1.0077731211
2023-05-19 17:00:00+00:00,1.0052180464,1.0077731211
2023-05-19 17:30:00+00:00,1.0050601320,1.0077731211
2023-05-22 06:00:00+00:00,1.0060642253,1.0077731211
2023-05-22 06:30:00+00:00,1.0050973207,1.0077731211
2023-05-22 07:00:00+00:00,1.0046138684,1.0077731211
2023-05-22 07:30:00+00:00,1.0047440286,1.0077731211
2023-05-22 08:00:00+00:00,1.0044279252,1.0077731211
2023-05-22 08:30:00+00:00,1.0050601321,1.0077731211
2023-05-22 09:00:00+00:00,1.0057853105,1.0077731211
2023-05-22 09:30:00+00:00,1.0058968764,1.0077731211
2023-05-22 10:00:00+00:00,1.0067336208,1.0077731211
2023-05-22 10:30:00+00:00,1.0061386026,1.0077731211
2023-05-22 11:00:00+00:00,1.0058596878,1.0077731211
2023-05-22 11:30:00+00:00,1.0061200082,1.0077731211
2023-05-22 12:00:00+00:00,1.0066592435,1.0077731211
2023-05-22 12:30:00+00:00,1.0058875793,1.0077731211
2023-05-22 13:00:00+00:00,1.0049299718,1.0077731211
2023-05-22 13:30:00+00:00,1.0052460753,1.0077731211
2023-05-22 14:00:00+00:00,1.0046882457,1.0077731211
2023-05-22 14:30:00+00:00,1.0039630673,1.0077731211
2023-05-22 15:00:00+00:00,1.0042977650,1.0077731211
2023-05-22 15:30:00+00:00,1.0045673827,1.0077731211
2023-05-22 16:00:00+00:00,1.0055249901,1.0077731211
2023-05-22 16:30:00+00:00,1.0050043492,1.0077731211
2023-05-22 17:00:00+00:00,1.0051902924,1.0077731211
2023-05-22 17:30:00+00:00,1.0057853106,1.0077731211
2023-05-23 06:00:00+00:00,1.0057387787,1.0077731211
2023-05-23 06:30:00+00:00,1.0059435187,1.0077731211
2023-05-23 07:00:00+00:00,1.0041660031,1.0077731211
2023-05-23 07:30:00+00:00,1.0054223623,1.0077731211
2023-05-23 08:00:00+00:00,1.0051990095,1.0077731211
2023-05-23 08:30:00+00:00,1.0053944432,1.0077731211
2023-05-23 09:00:00+00:00,1.0041846158,1.0077731211
2023-05-23 09:30:00+00:00,1.0033470430,1.0077731211
2023-05-23 10:00:00+00:00,1.0024629384,1.0077731211
2023-05-23 10:30:00+00:00,1.0030213203,1.0077731211
2023-05-23 11:00:00+00:00,1.0033563494,1.0077731211
2023-05-23 11:30:00+00:00,1.0025560020,1.0077731211
2023-05-23 12:00:00+00:00,1.0030027075,1.0077731211
2023-05-23 12:30:00+00:00,1.0017370420,1.0077731211
2023-05-23 13:00:00+00:00,1.0028817248,1.0077731211
2023-05-23 13:30:00+00:00,1.0034214940,1.0077731211
2023-05-23 14:00:00+00:00,1.0040171012,1.0077731211
2023-05-23 14:30:00+00:00,1.0031143839,1.0077731211
2023-05-23 15:00:00+00:00,1.0026490657,1.0077731211
2023-05-23 15:30:00+00:00,1.0023791811,1.0077731211
2023-05-23 16:00:00+00:00,1.0016067529,1.0077731211
2023-05-23 16:30:00+00:00,1.0019976202,1.0077731211
2023-05-23 17:00:00+00:00,1.0025466957,1.0077731211
2023-05-23 17:30:00+00:00,1.0030399330,1.0077731211
2023-05-24 06:00:00+00:00,1.0033468807,1.0077731211
2023-05-24 06:30:00+00:00,1.0024911478,1.0077731211
2023-05-24 07:00:00+00:00,1.0022586116,1.0077731211
2023-05-24 07:30:00+00:00,1.0030585359,1.0077731211
2023-05-24 08:00:00+00:00,1.0029934258,1.0077731211
2023-05-24 08:30:00+00:00,1.0024725449,1.0077731211
2023-05-24 09:00:00+00:00,1.0027236839,1.0077731211
2023-05-24 09:30:00+00:00,1.0021004871,1.0077731211
2023-05-24 10:00:00+00:00,1.0001285808,1.0077731211
2023-05-24 10:30:00+00:00,1.0000541693,1.0077731211
2023-05-24 11:00:00+00:00,1.0016540178,1.0077731211
2023-05-24 11:30:00+00:00,1.0027701912,1.0077731211
2023-05-24 12:00:00+00:00,1.0037468430,1.0077731211
2023-05-24 12:30:00+00:00,1.0035887184,1.0077731211
2023-05-24 13:00:00+00:00,1.0032352635,1.0077731211
2023-05-24 13:30:00+00:00,1.0017284294,1.0077731211
2023-05-24 14:00:00+00:00,1.0012261514,1.0077731211
2023-05-24 14:30:00+00:00,1.0010773283,1.0077731211
2023-05-24 15:00:00+00:00,1.0009471080,1.0077731211
2023-05-24 15:30:00+00:00,1.0006866676,1.0077731211
2023-05-24 16:00:00+00:00,1.0001006766,1.0077731211
2023-05-24 16:30:00+00:00,1.0004820358,1.0077731211
2023-05-24 17:00:00+00:00,1.0011145341,1.0077731211
2023-05-24 17:30:00+00:00,1.0005192416,1.0077731211
2023-05-25 06:00:00+00:00,1.0000161778,1.0077731211
2023-05-25 06:30:00+00:00,0.9998112260,1.0077731211
2023-05-25 07:00:00+00:00,0.9990938943,1.0077731211
2023-05-25 07:30:00+00:00,0.9987771505,1.0077731211
2023-05-25 08:00:00+00:00,0.9994572181,1.0077731211
2023-05-25 08:30:00+00:00,0.9989541544,1.0077731211
2023-05-25 09:00:00+00:00,0.9998578059,1.0077731211
2023-05-25 09:30:00+00:00,0.9997646459,1.0077731211
2023-05-25 10:00:00+00:00,0.9995503780,1.0077731211
2023-05-25 10:30:00+00:00,0.9989168903,1.0077731211
2023-05-25 11:00:00+00:00,0.9994851660,1.0077731211
2023-05-25 11:30:00+00:00,0.9998764378,1.0077731211
2023-05-25 12:00:00+00:00,0.9998112259,1.0077731211
2023-05-25 12:30:00+00:00,0.9985256186,1.0077731211
2023-05-25 13:00:00+00:00,0.9987119385,1.0077731211
2023-05-25 13:30:00+00:00,0.9980598188,1.0077731211
2023-05-25 14:00:00+00:00,0.9990659463,1.0077731211
2023-05-25 14:30:00+00:00,0.9994758500,1.0077731211
2023-05-25 15:00:00+00:00,0.9988237304,1.0077731211
2023-05-25 15:30:00+00:00,0.9990659463,1.0077731211
2023-05-25 16:00:00+00:00,0.9984697226,1.0077731211
2023-05-25 16:30:00+00:00,0.9979946068,1.0077731211
2023-05-25 17:00:00+00:00,0.9988237304,1.0077731211
2023-05-25 17:30:00+00:00,0.9994013220,1.0077731211
2023-05-26 06:00:00+00:00,0.9990662398,1.0077731211
2023-05-26 06:30:00+00:00,0.9986939262,1.0077731211
2023-05-26 07:00:00+00:00,0.9993640907,1.0077731211
2023-05-26 07:30:00+00:00,0.9997177886,1.0077731211
2023-05-26 08:00:00+00:00,0.9988242360,1.0077731211
2023-05-26 08:30:00+00:00,0.9988986987,1.0077731211
2023-05-26 09:00:00+00:00,0.9993547829,1.0077731211
2023-05-26 09:30:00+00:00,0.9992151653,1.0077731211
2023-05-26 10:00:00+00:00,0.9990103928,1.0077731211
2023-05-26 10:30:00+00:00,1.0000528708,1.0077731211
2023-05-26 11:00:00+00:00,1.0000807943,1.0077731211
2023-05-26 11:30:00+00:00,1.0008347294,1.0077731211
2023-05-26 12:00:00+00:00,1.0011139645,1.0077731211
2023-05-26 12:30:00+00:00,0.9998480984,1.0077731211
2023-05-26 13:00:00+00:00,0.9988986988,1.0077731211
2023-05-26 13:30:00+00:00,0.9980703011,1.0077731211
2023-05-26 14:00:00+00:00,0.9987683890,1.0077731211
2023-05-26 14:30:00+00:00,0.9964414293,1.0077731211
2023-05-26 15:00:00+00:00,0.9962180411,1.0077731211
2023-05-26 15:30:00+00:00,0.9970743624,1.0077731211
2023-05-26 16:00:00+00:00,0.9975769857,1.0077731211
2023-05-26 16:30:00+00:00,0.9977724503,1.0077731211
2023-05-26 17:00:00+00:00,0.9979586071,1.0077731211
2023-05-26 17:30:00+00:00,0.9984333069,1.0077731211
2023-05-29 06:00:00+00:00,0.9990191764,1.0077731211
2023-05-29 06:30:00+00:00,0.9984519059,1.0077731211
2023-05-29 07:00:00+00:00,0.9983310122,1.0077731211
2023-05-29 07:30:00+00:00,0.9976707465,1.0077731211
2023-05-29 08:00:00+00:00,0.9975777514,1.0077731211
2023-05-29 08:30:00+00:00,0.9972894664,1.0077731211
2023-05-29 09:00:00+00:00,0.9964804084,1.0077731211
2023-05-29 09:30:00+00:00,0.9965362055,1.0077731211
2023-05-29 10:00:00+00:00,0.9963967128,1.0077731211
2023-05-29 10:30:00+00:00,0.9964711089,1.0077731211
2023-05-29 11:00:00+00:00,0.9967407949,1.0077731211
2023-05-29 11:30:00+00:00,0.9960340316,1.0077731211
2023-05-29 12:00:00+00:00,0.9962200219,1.0077731211
2023-05-29 12:30:00+00:00,0.9964339108,1.0077731211
2023-05-29 13:00:00+00:00,0.9962014229,1.0077731211
2023-05-29 13:30:00+00:00,0.9959410364,1.0077731211
2023-05-29 14:00:00+00:00,0.9958387418,1.0077731211
2023-05-29 14:30:00+00:00,0.9958666403,1.0077731211
2023-05-29 15:00:00+00:00,0.9958108432,1.0077731211
2023-05-29 15:30:00+00:00,0.9963502152,1.0077731211
2023-05-29 16:00:00+00:00,0.9962200219,1.0077731211
2023-05-29 16:30:00+00:00,0.9962386210,1.0077731211
2023-05-29 17:00:00+00:00,0.9962014229,1.0077731211
2023-05-29 17:30:00+00:00,0.9961456258,1.0077731211
2023-05-30 06:00:00+00:00,0.9963227399,1.0077731211
2023-05-30 06:30:00+00:00,0.9969193348,1.0077731211
2023-05-30 07:00:00+00:00,0.9953439515,1.0077731211
2023-05-30 07:30:00+00:00,0.9965371412,1.0077731211
2023-05-30 08:00:00+00:00,0.9971896669,1.0077731211
2023-05-30 08:30:00+00:00,0.9978608361,1.0077731211
2023-05-30 09:00:00+00:00,0.9989235206,1.0077731211
2023-05-30 09:30:00+00:00,0.9992497834,1.0077731211
2023-05-30 10:00:00+00:00,0.9998836654,1.0077731211
2023-05-30 10:30:00+00:00,1.0003870423,1.0077731211
2023-05-30 11:00:00+00:00,1.0005268693,1.0077731211
2023-05-30 11:30:00+00:00,1.0015429449,1.0077731211
2023-05-30 12:00:00+00:00,1.0007878796,1.0077731211
2023-05-30 12:30:00+00:00,0.9995294372,1.0077731211
2023-05-30 13:00:00+00:00,1.0005548346,1.0077731211
2023-05-30 13:30:00+00:00,1.0002378936,1.0077731211
2023-05-30 14:00:00+00:00,1.0000607795,1.0077731211
2023-05-30 14:30:00+00:00,1.0000048487,1.0077731211
2023-05-30 15:00:00+00:00,0.9995294372,1.0077731211
2023-05-30 15:30:00+00:00,0.9994455410,1.0077731211
2023-05-30 16:00:00+00:00,0.9997811256,1.0077731211
2023-05-30 16:30:00+00:00,0.9993709667,1.0077731211
2023-05-30 17:00:00+00:00,0.9989701295,1.0077731211
2023-05-30 17:30:00+00:00,0.9990167385,1.0077731211
2023-05-31 06:00:00+00:00,0.9979334391,1.0077731211
2023-05-31 06:30:00+00:00,0.9978400513,1.0077731211
2023-05-31 07:00:00+00:00,0.9972330301,1.0077731211
2023-05-31 07:30:00+00:00,0.9968408011,1.0077731211
2023-05-31 08:00:00+00:00,0.9964952659,1.0077731211
2023-05-31 08:30:00+00:00,0.9955053545,1.0077731211
2023-05-31 09:00:00+00:00,0.9966727029,1.0077731211
2023-05-31 09:30:00+00:00,0.9970088992,1.0077731211
2023-05-31 10:00:00+00:00,0.9966540253,1.0077731211
2023-05-31 10:30:00+00:00,0.9970369156,1.0077731211
2023-05-31 11:00:00+00:00,0.9975879040,1.0077731211
2023-05-31 11:30:00+00:00,0.9973637731,1.0077731211
2023-05-31 12:00:00+00:00,0.9976159203,1.0077731211
2023-05-31 12:30:00+00:00,0.9974571610,1.0077731211
2023-05-31 13:00:00+00:00,0.9979241003,1.0077731211
2023-05-31 13:30:00+00:00,0.9984657500,1.0077731211
2023-05-31 14:00:00+00:00,0.9959069223,1.0077731211
2023-05-31 14:30:00+00:00,0.9956454362,1.0077731211
2023-05-31 15:00:00+00:00,0.9951037866,1.0077731211
2023-05-31 15:30:00+00:00,0.9948423005,1.0077731211
2023-05-31 16:00:00+00:00,0.9941512303,1.0077731211
2023-05-31 16:30:00+00:00,0.9934694989,1.0077731211
2023-05-31 17:00:00+00:00,0.9944313939,1.0077731211
2023-05-31 17:30:00+00:00,0.9958228732,1.0077731211
2023-06-01 06:00:00+00:00,0.9960653656,1.0077731211
2023-06-01 06:30:00+00:00,0.9964850639,1.0077731211
2023-06-01 07:00:00+00:00,0.9953845216,1.0077731211
2023-06-01 07:30:00+00:00,0.9951886624,1.0077731211
2023-06-01 08:00:00+00:00,0.9955897074,1.0077731211
2023-06-01 08:30:00+00:00,0.9967089029,1.0077731211
2023-06-01 09:00:00+00:00,0.9970726415,1.0077731211
2023-06-01 09:30:00+00:00,0.9987887413,1.0077731211
2023-06-01 10:00:00+00:00,0.9983503897,1.0077731211
2023-06-01 10:30:00+00:00,0.9987887413,1.0077731211
2023-06-01 11:00:00+00:00,0.9987700880,1.0077731211
2023-06-01 11:30:00+00:00,0.9985089424,1.0077731211
2023-06-01 12:00:00+00:00,0.9972964806,1.0077731211
2023-06-01 12:30:00+00:00,0.9987048016,1.0077731211
2023-06-01 13:00:00+00:00,0.9991151733,1.0077731211
2023-06-01 13:30:00+00:00,1.0006074340,1.0077731211
2023-06-01 14:00:00+00:00,1.0003742683,1.0077731211
2023-06-01 14:30:00+00:00,1.0008779062,1.0077731211
2023-06-01 15:00:00+00:00,1.0014188507,1.0077731211
2023-06-01 15:30:00+00:00,1.0026872723,1.0077731211
2023-06-01 16:00:00+00:00,1.0029670712,1.0077731211
2023-06-01 16:30:00+00:00,1.0035453222,1.0077731211
2023-06-01 17:00:00+00:00,1.0036199352,1.0077731211
2023-06-01 17:30:00+00:00,1.0039370406,1.0077731211
2023-06-02 06:00:00+00:00,1.0038717966,1.0077731211
2023-06-02 06:30:00+00:00,1.0039090789,1.0077731211
2023-06-02 07:00:00+00:00,1.0042073371,1.0077731211
2023-06-02 07:30:00+00:00,1.0030795484,1.0077731211
2023-06-02 08:00:00+00:00,1.0034710122,1.0077731211
2023-06-02 08:30:00+00:00,1.0042259783,1.0077731211
2023-06-02 09:00:00+00:00,1.0033032420,1.0077731211
2023-06-02 09:30:00+00:00,1.0035642179,1.0077731211
2023-06-02 10:00:00+00:00,1.0037692704,1.0077731211
2023-06-02 10:30:00+00:00,1.0035828590,1.0077731211
2023-06-02 11:00:00+00:00,1.0035269356,1.0077731211
2023-06-02 11:30:00+00:00,1.0026694433,1.0077731211
2023-06-02 12:00:00+00:00,1.0031820746,1.0077731211
2023-06-02 12:30:00+00:00,1.0017187454,1.0077731211
2023-06-02 13:00:00+00:00,1.0035642179,1.0077731211
2023-06-02 13:30:00+00:00,1.0012433965,1.0077731211
2023-06-02 14:00:00+00:00,0.9999478376,1.0077731211
2023-06-02 14:30:00+00:00,0.9994911297,1.0077731211
2023-06-02 15:00:00+00:00,1.0000317227,1.0077731211
2023-06-02 15:30:00+00:00,0.9994631681,1.0077731211
2023-06-02 16:00:00+00:00,0.9985497524,1.0077731211
2023-06-02 16:30:00+00:00,0.9982514942,1.0077731211
2023-06-02 17:00:00+00:00,0.9987361637,1.0077731211
2023-06-02 17:30:00+00:00,0.9982514942,1.0077731211
2023-06-05 06:00:00+00:00,0.9975238920,1.0077731211
2023-06-05 06:30:00+00:00,0.9975425485,1.0077731211
2023-06-05 07:00:00+00:00,0.9970015110,1.0077731211
2023-06-05 07:30:00+00:00,0.9971694192,1.0077731211
2023-06-05 08:00:00+00:00,0.9971321063,1.0077731211
2023-06-05 08:30:00+00:00,0.9977570979,1.0077731211
2023-06-05 09:00:00+00:00,0.9975052356,1.0077731211
2023-06-05 09:30:00+00:00,0.9974119532,1.0077731211
2023-06-05 10:00:00+00:00,0.9969641981,1.0077731211
2023-06-05 10:30:00+00:00,0.9974679227,1.0077731211
2023-06-05 11:00:00+00:00,0.9969641981,1.0077731211
2023-06-05 11:30:00+00:00,0.9971507627,1.0077731211
2023-06-05 12:00:00+00:00,0.9966656946,1.0077731211
2023-06-05 12:30:00+00:00,0.9961712983,1.0077731211
2023-06-05 13:00:00+00:00,0.9966843511,1.0077731211
2023-06-05 13:30:00+00:00,0.9963392065,1.0077731211
2023-06-05 14:00:00+00:00,0.9997813244,1.0077731211
2023-06-05 14:30:00+00:00,0.9991376763,1.0077731211
2023-06-05 15:00:00+00:00,0.9993149128,1.0077731211
2023-06-05 15:30:00+00:00,1.0000518432,1.0077731211
2023-06-05 16:00:00+00:00,0.9993522257,1.0077731211
2023-06-05 16:30:00+00:00,0.9992029740,1.0077731211
2023-06-05 17:00:00+00:00,0.9988951423,1.0077731211
2023-06-05 17:30:00+00:00,0.9993242410,1.0077731211
2023-06-06 06:00:00+00:00,0.9995105952,1.0077731211
2023-06-06 06:30:00+00:00,0.9992496993,1.0077731211
2023-06-06 07:00:00+00:00,0.9981688451,1.0077731211
2023-06-06 07:30:00+00:00,0.9983551993,1.0077731211
2023-06-06 08:00:00+00:00,0.9971438972,1.0077731211
2023-06-06 08:30:00+00:00,0.9969202722,1.0077731211
2023-06-06 09:00:00+00:00,0.9964916576,1.0077731211
2023-06-06 09:30:00+00:00,0.9962680326,1.0077731211
2023-06-06 10:00:00+00:00,0.9956623816,1.0077731211
2023-06-06 10:30:00+00:00,0.9967898243,1.0077731211
2023-06-06 11:00:00+00:00,0.9961934910,1.0077731211
2023-06-06 11:30:00+00:00,0.9948424233,1.0077731211
2023-06-06 12:00:00+00:00,0.9946094806,1.0077731211
2023-06-06 12:30:00+00:00,0.9942740431,1.0077731211
2023-06-06 13:00:00+00:00,0.9950567306,1.0077731211
2023-06-06 13:30:00+00:00,0.9944417618,1.0077731211
2023-06-06 14:00:00+00:00,0.9949449181,1.0077731211
2023-06-06 14:30:00+00:00,0.9961469025,1.0077731211
2023-06-06 15:00:00+00:00,0.9962680327,1.0077731211
2023-06-06 15:30:00+00:00,0.9964730223,1.0077731211
2023-06-06 16:00:00+00:00,0.9960071368,1.0077731211
2023-06-06 16:30:00+00:00,0.9959325952,1.0077731211
2023-06-06 17:00:00+00:00,0.9956344285,1.0077731211
2023-06-06 17:30:00+00:00,0.9956903348,1.0077731211
2023-06-07 06:00:00+00:00,0.9950380464,1.0077731211
2023-06-07 06:30:00+00:00,0.9948982703,1.0077731211
2023-06-07 07:00:00+00:00,0.9948609966,1.0077731211
2023-06-07 07:30:00+00:00,0.9956064691,1.0077731211
2023-06-07 08:00:00+00:00,0.9957742004,1.0077731211
2023-06-07 08:30:00+00:00,0.9964358073,1.0077731211
2023-06-07 09:00:00+00:00,0.9965569466,1.0077731211
2023-06-07 09:30:00+00:00,0.9967339963,1.0077731211
2023-06-07 10:00:00+00:00,0.9977776578,1.0077731211
2023-06-07 10:30:00+00:00,0.9984579014,1.0077731211
2023-06-07 11:00:00+00:00,0.9988120008,1.0077731211
2023-06-07 11:30:00+00:00,0.9985138118,1.0077731211
2023-06-07 12:00:00+00:00,0.9978522050,1.0077731211
2023-06-07 12:30:00+00:00,0.9985790407,1.0077731211
2023-06-07 13:00:00+00:00,0.9986535880,1.0077731211
2023-06-07 13:30:00+00:00,1.0005359060,1.0077731211
2023-06-07 14:00:00+00:00,0.9984858566,1.0077731211
2023-06-07 14:30:00+00:00,0.9977962946,1.0077731211
2023-06-07 15:00:00+00:00,0.9975540160,1.0077731211
2023-06-07 15:30:00+00:00,0.9971905982,1.0077731211
2023-06-07 16:00:00+00:00,0.9972931007,1.0077731211
2023-06-07 16:30:00+00:00,0.9964358073,1.0077731211
2023-06-07 17:00:00+00:00,0.9964730809,1.0077731211
2023-06-07 17:30:00+00:00,0.9969576380,1.0077731211
2023-06-08 06:00:00+00:00,0.9967621616,1.0077731211
2023-06-08 06:30:00+00:00,0.9970507220,1.0077731211
2023-06-08 07:00:00+00:00,0.9961850408,1.0077731211
2023-06-08 07:30:00+00:00,0.9972275816,1.0077731211
2023-06-08 08:00:00+00:00,0.9977302353,1.0077731211
2023-06-08 08:30:00+00:00,0.9984935241,1.0077731211
2023-06-08 09:00:00+00:00,0.9986890005,1.0077731211
2023-06-08 09:30:00+00:00,0.9986796921,1.0077731211
2023-06-08 10:00:00+00:00,0.9985214493,1.0077731211
2023-06-08 10:30:00+00:00,0.9987913929,1.0077731211
2023-06-08 11:00:00+00:00,0.9993685137,1.0077731211
2023-06-08 11:30:00+00:00,0.9993312801,1.0077731211
2023-06-08 12:00:00+00:00,0.9995826070,1.0077731211
2023-06-08 12:30:00+00:00,1.0003552042,1.0077731211
2023-06-08 13:00:00+00:00,1.0008392410,1.0077731211
2023-06-08 13:30:00+00:00,1.0021051836,1.0077731211
2023-06-08 14:00:00+00:00,1.0029057060,1.0077731211
2023-06-08 14:30:00+00:00,1.0024589028,1.0077731211
2023-06-08 15:00:00+00:00,1.0032594252,1.0077731211
2023-06-08 15:30:00+00:00,1.0033338924,1.0077731211
2023-06-08 16:00:00+00:00,1.0040413309,1.0077731211
2023-06-08 16:30:00+00:00,1.0038923965,1.0077731211
2023-06-08 17:00:00+00:00,1.0036038360,1.0077731211
2023-06-08 17:30:00+00:00,1.0032780420,1.0077731211
2023-06-09 06:00:00+00:00,1.0031570306,1.0077731211
2023-06-09 06:30:00+00:00,1.0033525106,1.0077731211
2023-06-09 07:00:00+00:00,1.0028126134,1.0077731211
2023-06-09 07:30:00+00:00,1.0030546363,1.0077731211
2023-06-09 08:00:00+00:00,1.0020120760,1.0077731211
2023-06-09 08:30:00+00:00,1.0019282989,1.0077731211
2023-06-09 09:00:00+00:00,1.0019003732,1.0077731211
2023-06-09 09:30:00+00:00,1.0014721788,1.0077731211
2023-06-09 10:00:00+00:00,1.0016955845,1.0077731211
2023-06-09 10:30:00+00:00,1.0017328188,1.0077731211
2023-06-09 11:00:00+00:00,1.0023844190,1.0077731211
2023-06-09 11:30:00+00:00,1.0028312305,1.0077731211
2023-06-09 12:00:00+00:00,1.0030546363,1.0077731211
2023-06-09 12:30:00+00:00,1.0022634075,1.0077731211
2023-06-09 13:00:00+00:00,1.0023937276,1.0077731211
2023-06-09 13:30:00+00:00,1.0026171333,1.0077731211
2023-06-09 14:00:00+00:00,1.0024588876,1.0077731211
2023-06-09 14:30:00+00:00,1.0013046245,1.0077731211
2023-06-09 15:00:00+00:00,1.0010253673,1.0077731211
2023-06-09 15:30:00+00:00,1.0004947786,1.0077731211
2023-06-09 16:00:00+00:00,1.0006530244,1.0077731211
2023-06-09 16:30:00+00:00,1.0005040872,1.0077731211
2023-06-09 17:00:00+00:00,1.0006344072,1.0077731211
2023-06-09 17:30:00+00:00,1.0005413215,1.0077731211
2023-06-12 06:00:00+00:00,1.0008950275,1.0077731211
2023-06-12 06:30:00+00:00,1.0005413215,1.0077731211
2023-06-12 07:00:00+00:00,1.0009322597,1.0077731211
2023-06-12 07:30:00+00:00,1.0024401645,1.0077731211
2023-06-12 08:00:00+00:00,1.0031103443,1.0077731211
2023-06-12 08:30:00+00:00,1.0031475765,1.0077731211
2023-06-12 09:00:00+00:00,1.0034082021,1.0077731211
2023-06-12 09:30:00+00:00,1.0039108370,1.0077731211
2023-06-12 10:00:00+00:00,1.0034175101,1.0077731211
2023-06-12 10:30:00+00:00,1.0027380222,1.0077731211
2023-06-12 11:00:00+00:00,1.0023098517,1.0077731211
2023-06-12 11:30:00+00:00,1.0018258329,1.0077731211
2023-06-12 12:00:00+00:00,1.0019747618,1.0077731211
2023-06-12 12:30:00+00:00,1.0021236907,1.0077731211
2023-06-12 13:00:00+00:00,1.0021702309,1.0077731211
2023-06-12 13:30:00+00:00,1.0009043356,1.0077731211
2023-06-12 14:00:00+00:00,1.0007088664,1.0077731211
2023-06-12 14:30:00+00:00,1.0003551604,1.0077731211
2023-06-12 15:00:00+00:00,1.0010439564,1.0077731211
2023-06-12 15:30:00+00:00,1.0002527718,1.0077731211
2023-06-12 16:00:00+00:00,1.0000945349,1.0077731211
2023-06-12 16:30:00+00:00,1.0004854732,1.0077731211
2023-06-12 17:00:00+00:00,1.0003551604,1.0077731211
2023-06-12 17:30:00+00:00,1.0009508759,1.0077731211
2023-06-13 06:00:00+00:00,1.0019998377,1.0077731211
2023-06-13 06:30:00+00:00,1.0018791606,1.0077731211
2023-06-13 07:00:00+00:00,1.0022133432,1.0077731211
2023-06-13 07:30:00+00:00,1.0025196771,1.0077731211
2023-06-13 08:00:00+00:00,1.0027517483,1.0077731211
2023-06-13 08:30:00+00:00,1.0032344564,1.0077731211
2023-06-13 09:00:00+00:00,1.0029281224,1.0077731211
2023-06-13 09:30:00+00:00,1.0030766480,1.0077731211
2023-06-13 10:00:00+00:00,1.0024732629,1.0077731211
2023-06-13 10:30:00+00:00,1.0024268487,1.0077731211
2023-06-13 11:00:00+00:00,1.0022226261,1.0077731211
2023-06-13 11:30:00+00:00,1.0020091206,1.0077731211
2023-06-13 12:00:00+00:00,1.0018420293,1.0077731211
2023-06-13 12:30:00+00:00,1.0038656901,1.0077731211
2023-06-13 13:00:00+00:00,1.0028445769,1.0077731211
2023-06-13 13:30:00+00:00,1.0019905549,1.0077731211
2023-06-13 14:00:00+00:00,1.0020369691,1.0077731211
2023-06-13 14:30:00+00:00,1.0027331827,1.0077731211
2023-06-13 15:00:00+00:00,1.0020369691,1.0077731211
2023-06-13 15:30:00+00:00,1.0017306352,1.0077731211
2023-06-13 16:00:00+00:00,1.0022040604,1.0077731211
2023-06-13 16:30:00+00:00,1.0027703141,1.0077731211
2023-06-13 17:00:00+00:00,1.0022411918,1.0077731211
2023-06-13 17:30:00+00:00,1.0015264126,1.0077731211
2023-06-14 06:00:00+00:00,1.0024186244,1.0077731211
2023-06-14 06:30:00+00:00,1.0023814489,1.0077731211
2023-06-14 07:00:00+00:00,1.0031435466,1.0077731211
2023-06-14 07:30:00+00:00,1.0027717916,1.0077731211
2023-06-14 08:00:00+00:00,1.0034037750,1.0077731211
2023-06-14 08:30:00+00:00,1.0039335258,1.0077731211
2023-06-14 09:00:00+00:00,1.0040915217,1.0077731211
2023-06-14 09:30:00+00:00,1.0041658727,1.0077731211
2023-06-14 10:00:00+00:00,1.0043889257,1.0077731211
2023-06-14 10:30:00+00:00,1.0043517502,1.0077731211
2023-06-14 11:00:00+00:00,1.0042773992,1.0077731211
2023-06-14 11:30:00+00:00,1.0040543462,1.0077731211
2023-06-14 12:00:00+00:00,1.0054112517,1.0077731211
2023-06-14 12:30:00+00:00,1.0066380431,1.0077731211
2023-06-14 13:00:00+00:00,1.0071492061,1.0077731211
2023-06-14 13:30:00+00:00,1.0079020099,1.0077731211
2023-06-14 14:00:00+00:00,1.0081436506,1.0077731211
2023-06-14 14:30:00+00:00,1.0089243360,1.0077731211
2023-06-14 15:00:00+00:00,1.0084317607,1.0077731211
2023-06-14 15:30:00+00:00,1.0091288012,1.0077731211
2023-06-14 16:00:00+00:00,1.0095098500,1.0077731211
2023-06-14 16:30:00+00:00,1.0095377317,1.0077731211
2023-06-14 17:00:00+00:00,1.0090172747,1.0077731211
2023-06-14 17:30:00+00:00,1.0088499850,1.0077731211
2023-06-15 06:00:00+00:00,1.0083743983,1.0077731211
2023-06-15 06:30:00+00:00,1.0081132919,1.0077731211
2023-06-15 07:00:00+00:00,1.0083557478,1.0077731211
2023-06-15 07:30:00+00:00,1.0096519548,1.0077731211
2023-06-15 08:00:00+00:00,1.0095493772,1.0077731211
2023-06-15 08:30:00+00:00,1.0101834929,1.0077731211
2023-06-15 09:00:00+00:00,1.0111999429,1.0077731211
2023-06-15 09:30:00+00:00,1.0115636269,1.0077731211
2023-06-15 10:00:00+00:00,1.0107803076,1.0077731211
2023-06-15 10:30:00+00:00,1.0110693898,1.0077731211
2023-06-15 11:00:00+00:00,1.0102767452,1.0077731211
2023-06-15 11:30:00+00:00,1.0088033589,1.0077731211
2023-06-15 12:00:00+00:00,1.0117314810,1.0077731211
2023-06-15 12:30:00+00:00,1.0131209403,1.0077731211
2023-06-15 13:00:00+00:00,1.0152004666,1.0077731211
2023-06-15 13:30:00+00:00,1.0163661203,1.0077731211
2023-06-15 14:00:00+00:00,1.0181285887,1.0077731211
2023-06-15 14:30:00+00:00,1.0174385217,1.0077731211
2023-06-15 15:00:00+00:00,1.0190704369,1.0077731211
2023-06-15 15:30:00+00:00,1.0195087227,1.0077731211
2023-06-15 16:00:00+00:00,1.0204412457,1.0077731211
2023-06-15 16:30:00+00:00,1.0205344980,1.0077731211
2023-06-15 17:00:00+00:00,1.0205904494,1.0077731211
2023-06-15 17:30:00+00:00,1.0204598962,1.0077731211
2023-06-16 06:00:00+00:00,1.0220083371,1.0077731211
2023-06-16 06:30:00+00:00,1.0211501650,1.0077731211
2023-06-16 07:00:00+00:00,1.0205718316,1.0077731211
2023-06-16 07:30:00+00:00,1.0207397349,1.0077731211
2023-06-16 08:00:00+00:00,1.0212900844,1.0077731211
2023-06-16 08:30:00+00:00,1.0214579876,1.0077731211
2023-06-16 09:00:00+00:00,1.0210941973,1.0077731211
2023-06-16 09:30:00+00:00,1.0213553801,1.0077731211
2023-06-16 10:00:00+00:00,1.0208889822,1.0077731211
2023-06-16 10:30:00+00:00,1.0208889822,1.0077731211
2023-06-16 11:00:00+00:00,1.0221109446,1.0077731211
2023-06-16 11:30:00+00:00,1.0223814553,1.0077731211
2023-06-16 12:00:00+00:00,1.0228198693,1.0077731211
2023-06-16 12:30:00+00:00,1.0215046273,1.0077731211
2023-06-16 13:00:00+00:00,1.0217284983,1.0077731211
2023-06-16 13:30:00+00:00,1.0217284983,1.0077731211
2023-06-16 14:00:00+00:00,1.0201240895,1.0077731211
2023-06-16 14:30:00+00:00,1.0191073422,1.0077731211
2023-06-16 15:00:00+00:00,1.0194151648,1.0077731211
2023-06-16 15:30:00+00:00,1.0190047347,1.0077731211
2023-06-16 16:00:00+00:00,1.0194431487,1.0077731211
2023-06-16 16:30:00+00:00,1.0199095465,1.0077731211
2023-06-16 17:00:00+00:00,1.0202826648,1.0077731211
2023-06-16 17:30:00+00:00,1.0204225842,1.0077731211
2023-06-19 06:00:00+00:00,1.0193406202,1.0077731211
2023-06-19 06:30:00+00:00,1.0194245657,1.0077731211
2023-06-19 07:00:00+00:00,1.0192846566,1.0077731211
2023-06-19 07:30:00+00:00,1.0194152384,1.0077731211
2023-06-19 08:00:00+00:00,1.0201334387,1.0077731211
2023-06-19 08:30:00+00:00,1.0194338930,1.0077731211
2023-06-19 09:00:00+00:00,1.0191727293,1.0077731211
2023-06-19 09:30:00+00:00,1.0176710380,1.0077731211
2023-06-19 10:00:00+00:00,1.0181840381,1.0077731211
2023-06-19 10:30:00+00:00,1.0185198200,1.0077731211
2023-06-19 11:00:00+00:00,1.0186504019,1.0076482383
2023-06-19 11:30:00+00:00,1.0186690564,1.0075760944
2023-06-19 12:00:00+00:00,1.0190421474,1.0071545139
2023-06-19 12:30:00+00:00,1.0191074384,1.0070692631
2023-06-19 13:00:00+00:00,1.0187809837,1.0070208748
2023-06-19 13:30:00+00:00,1.0183892381,1.0070208748
2023-06-19 14:00:00+00:00,1.0184731836,1.0070208748
2023-06-19 14:30:00+00:00,1.0188089655,1.0070208748
2023-06-19 15:00:00+00:00,1.0192380202,1.0070208748
2023-06-19 15:30:00+00:00,1.0187063655,1.0070208748
2023-06-19 16:00:00+00:00,1.0186690564,1.0070208748
2023-06-19 16:30:00+00:00,1.0181840381,1.0070208748
2023-06-19 17:00:00+00:00,1.0183799109,1.0070208748
2023-06-19 17:30:00+00:00,1.0183146199,1.0070086071
2023-06-20 06:00:00+00:00,1.0188831359,1.0068117014
2023-06-20 06:30:00+00:00,1.0178952229,1.0075123678
2023-06-20 07:00:00+00:00,1.0189670153,1.0070794899
2023-06-20 07:30:00+00:00,1.0199642482,1.0070440350
2023-06-20 08:00:00+00:00,1.0196194106,1.0070440350
2023-06-20 08:30:00+00:00,1.0194143721,1.0070440350
2023-06-20 09:00:00+00:00,1.0186501375,1.0070440350
2023-06-20 09:30:00+00:00,1.0182214205,1.0070440350
2023-06-20 10:00:00+00:00,1.0187340169,1.0066936049
2023-06-20 10:30:00+00:00,1.0185010186,1.0069191222
2023-06-20 11:00:00+00:00,1.0183984993,1.0070392540
2023-06-20 11:30:00+00:00,1.0185569382,1.0068536069
2023-06-20 12:00:00+00:00,1.0184637388,1.0069628034
2023-06-20 12:30:00+00:00,1.0176808644,1.0078809171
2023-06-20 13:00:00+00:00,1.0171775880,1.0083003907
2023-06-20 13:30:00+00:00,1.0174292262,1.0081274802
2023-06-20 14:00:00+00:00,1.0160591959,1.0089327640
2023-06-20 14:30:00+00:00,1.0160219161,1.0089547007
2023-06-20 15:00:00+00:00,1.0163201540,1.0087792434
2023-06-20 15:30:00+00:00,1.0158541573,1.0090534315
2023-06-20 16:00:00+00:00,1.0166277118,1.0085983889
2023-06-20 16:30:00+00:00,1.0172707873,1.0082205199
2023-06-20 17:00:00+00:00,1.0173453467,1.0081767337
2023-06-20 17:30:00+00:00,1.0173360268,1.0081822067
2023-06-21 06:00:00+00:00,1.0174758694,1.0081146494
2023-06-21 06:30:00+00:00,1.0171495700,1.0083175005
2023-06-21 07:00:00+00:00,1.0176809718,1.0076530336
2023-06-21 07:30:00+00:00,1.0174012867,1.0079837205
2023-06-21 08:00:00+00:00,1.0187437753,1.0063982400
2023-06-21 08:30:00+00:00,1.0185200271,1.0066621684
2023-06-21 09:00:00+00:00,1.0187903895,1.0063432709
2023-06-21 09:30:00+00:00,1.0177462316,1.0075759021
2023-06-21 10:00:00+00:00,1.0182776334,1.0069482344
2023-06-21 10:30:00+00:00,1.0179047199,1.0073886277
2023-06-21 11:00:00+00:00,1.0179047199,1.0073886277
2023-06-21 11:30:00+00:00,1.0184734129,1.0067171695
2023-06-21 12:00:00+00:00,1.0175318063,1.0078293752
2023-06-21 12:30:00+00:00,1.0185386728,1.0066401695
2023-06-21 13:00:00+00:00,1.0181098223,1.0071463676
2023-06-21 13:30:00+00:00,1.0186691925,1.0064862020
2023-06-21 14:00:00+00:00,1.0203566262,1.0054419795
2023-06-21 14:30:00+00:00,1.0212889100,1.0044922668
2023-06-21 15:00:00+00:00,1.0208787051,1.0050258165
2023-06-21 15:30:00+00:00,1.0209253193,1.0049612809
2023-06-21 16:00:00+00:00,1.0220440599,1.0034145501
2023-06-21 16:30:00+00:00,1.0227712412,1.0028505126
2023-06-21 17:00:00+00:00,1.0230322807,1.0027946387
2023-06-21 17:30:00+00:00,1.0234051942,1.0027946387
2023-06-22 06:00:00+00:00,1.0232747743,1.0027946387
2023-06-22 06:30:00+00:00,1.0231257229,1.0027946387
2023-06-22 07:00:00+00:00,1.0238989268,1.0021620584
2023-06-22 07:30:00+00:00,1.0242063452,1.0016555852
2023-06-22 08:00:00+00:00,1.0241131881,1.0016576246
2023-06-22 08:30:00+00:00,1.0240759253,1.0015986632
2023-06-22 09:00:00+00:00,1.0245044479,1.0015986632
2023-06-22 09:30:00+00:00,1.0249143391,1.0015986632
2023-06-22 10:00:00+00:00,1.0253987560,1.0015986632
2023-06-22 10:30:00+00:00,1.0251565475,1.0015986632
2023-06-22 11:00:00+00:00,1.0247839192,1.0015986632
2023-06-22 11:30:00+00:00,1.0237219283,1.0015986632
2023-06-22 12:00:00+00:00,1.0239455053,1.0015986632
2023-06-22 12:30:00+00:00,1.0231070915,1.0015986632
2023-06-22 13:00:00+00:00,1.0226413060,1.0015986632
2023-06-22 13:30:00+00:00,1.0229766715,1.0015986632
2023-06-22 14:00:00+00:00,1.0226413060,1.0015986632
2023-06-22 14:30:00+00:00,1.0209272155,1.0015986632
2023-06-22 15:00:00+00:00,1.0203310101,1.0015986632
2023-06-22 15:30:00+00:00,1.0203216944,1.0015986632
2023-06-22 16:00:00+00:00,1.0204427987,1.0015986632
2023-06-22 16:30:00+00:00,1.0204986929,1.0015986632
2023-06-22 17:00:00+00:00,1.0203123787,1.0015986632
2023-06-22 17:30:00+00:00,1.0207502171,1.0015986632
2023-06-23 06:00:00+00:00,1.0201620015,1.0015986632
2023-06-23 06:30:00+00:00,1.0198725620,1.0015986632
2023-06-23 07:00:00+00:00,1.0157923993,1.0015986632
2023-06-23 07:30:00+00:00,1.0148120399,1.0015986632
2023-06-23 08:00:00+00:00,1.0148773972,1.0015986632
2023-06-23 08:30:00+00:00,1.0129540254,1.0015986632
2023-06-23 09:00:00+00:00,1.0133368324,1.0015986632
2023-06-23 09:30:00+00:00,1.0140464259,1.0015986632
2023-06-23 10:00:00+00:00,1.0145226005,1.0015986632
2023-06-23 10:30:00+00:00,1.0147373459,1.0015986632
2023-06-23 11:00:00+00:00,1.0149427545,1.0015986632
2023-06-23 11:30:00+00:00,1.0154936231,1.0015986632
2023-06-23 12:00:00+00:00,1.0171368922,1.0015986632
2023-06-23 12:30:00+00:00,1.0165300031,1.0015986632
2023-06-23 13:00:00+00:00,1.0174543419,1.0015986632
2023-06-23 13:30:00+00:00,1.0161471960,1.0015986632
2023-06-23 14:00:00+00:00,1.0170621982,1.0015986632
2023-06-23 14:30:00+00:00,1.0160818388,1.0015986632
2023-06-23 15:00:00+00:00,1.0159884712,1.0015986632
2023-06-23 15:30:00+00:00,1.0164366355,1.0015986632
2023-06-23 16:00:00+00:00,1.0166046971,1.0015986632
2023-06-23 16:30:00+00:00,1.0163806150,1.0015986632
2023-06-23 17:00:00+00:00,1.0169688306,1.0015986632
2023-06-23 17:30:00+00:00,1.0172209230,1.0015986632
2023-06-26 06:00:00+00:00,1.0167919127,1.0015986632
2023-06-26 06:30:00+00:00,1.0168758495,1.0015986632
2023-06-26 07:00:00+00:00,1.0168851758,1.0015986632
2023-06-26 07:30:00+00:00,1.0167825863,1.0015986632
2023-06-26 08:00:00+00:00,1.0159338919,1.0015986632
2023-06-26 08:30:00+00:00,1.0158126498,1.0015986632
2023-06-26 09:00:00+00:00,1.0161577234,1.0015986632
2023-06-26 09:30:00+00:00,1.0162603128,1.0015986632
2023-06-26 10:00:00+00:00,1.0171090073,1.0015986632
2023-06-26 10:30:00+00:00,1.0169784389,1.0015986632
2023-06-26 11:00:00+00:00,1.0170530494,1.0015986632
2023-06-26 11:30:00+00:00,1.0182281648,1.0015986632
2023-06-26 12:00:00+00:00,1.0184146910,1.0015986632
2023-06-26 12:30:00+00:00,1.0181908595,1.0015986632
2023-06-26 13:00:00+00:00,1.0178737649,1.0015986632
2023-06-26 13:30:00+00:00,1.0177618492,1.0015986632
2023-06-26 14:00:00+00:00,1.0175193650,1.0015986632
2023-06-26 14:30:00+00:00,1.0173328388,1.0015986632
2023-06-26 15:00:00+00:00,1.0178457860,1.0015986632
2023-06-26 15:30:00+00:00,1.0174447546,1.0015986632
2023-06-26 16:00:00+00:00,1.0167919127,1.0015986632
2023-06-26 16:30:00+00:00,1.0173887967,1.0015986632
2023-06-26 17:00:00+00:00,1.0177431966,1.0015986632
2023-06-26 17:30:00+00:00,1.0175007124,1.0015986632
2023-06-27 06:00:00+00:00,1.0183208416,1.0015986632
2023-06-27 06:30:00+00:00,1.0187402258,1.0015986632
2023-06-27 07:00:00+00:00,1.0192341672,1.0015986632
2023-06-27 07:30:00+00:00,1.0195230764,1.0015986632
2023-06-27 08:00:00+00:00,1.0196069532,1.0015986632
2023-06-27 08:30:00+00:00,1.0195323960,1.0015986632
2023-06-27 09:00:00+00:00,1.0186190704,1.0015986632
2023-06-27 09:30:00+00:00,1.0196628712,1.0015986632
2023-06-27 10:00:00+00:00,1.0197281087,1.0015986632
2023-06-27 10:30:00+00:00,1.0206507540,1.0010041209
2023-06-27 11:00:00+00:00,1.0200729358,1.0016406507
2023-06-27 11:30:00+00:00,1.0199983786,1.0017290347
2023-06-27 12:00:00+00:00,1.0210514990,1.0004819312
2023-06-27 12:30:00+00:00,1.0219275461,0.9994466787
2023-06-27 13:00:00+00:00,1.0225333233,0.9990387211
2023-06-27 13:30:00+00:00,1.0219927836,0.9994874607
2023-06-27 14:00:00+00:00,1.0213963261,1.0001675513
2023-06-27 14:30:00+00:00,1.0204084432,1.0010194284
2023-06-27 15:00:00+00:00,1.0209676222,1.0006648373
2023-06-27 15:30:00+00:00,1.0214336047,1.0003895203
2023-06-27 16:00:00+00:00,1.0215268012,1.0003344811
2023-06-27 16:30:00+00:00,1.0213310885,1.0004500728
2023-06-27 17:00:00+00:00,1.0213963261,1.0004115383
2023-06-27 17:30:00+00:00,1.0216199977,1.0002794499
2023-06-28 06:00:00+00:00,1.0208272055,1.0004882899
2023-06-28 06:30:00+00:00,1.0201929717,1.0009277737
2023-06-28 07:00:00+00:00,1.0212469190,0.9996072512
2023-06-28 07:30:00+00:00,1.0215640359,0.9992229885
2023-06-28 08:00:00+00:00,1.0212935538,0.9995507252
2023-06-28 08:30:00+00:00,1.0215826898,0.9992003931
2023-06-28 09:00:00+00:00,1.0213215347,0.9995168124
2023-06-28 09:30:00+00:00,1.0210790336,0.9998107925
2023-06-28 10:00:00+00:00,1.0221329808,0.9985342449
2023-06-28 10:30:00+00:00,1.0217132673,0.9990422514
2023-06-28 11:00:00+00:00,1.0214707662,0.9993359792
2023-06-28 11:30:00+00:00,1.0204074919,1.0006257075
2023-06-28 12:00:00+00:00,1.0194841222,1.0017481777
2023-06-28 12:30:00+00:00,1.0192322941,1.0020547010
2023-06-28 13:00:00+00:00,1.0198012391,1.0013624264
2023-06-28 13:30:00+00:00,1.0198758548,1.0012717004
2023-06-28 14:00:00+00:00,1.0180757503,1.0028898161
2023-06-28 14:30:00+00:00,1.0165274737,1.0038106228
2023-06-28 15:00:00+00:00,1.0180197884,1.0028992241
2023-06-28 15:30:00+00:00,1.0169751681,1.0035369758
2023-06-28 16:00:00+00:00,1.0182063278,1.0027854513
2023-06-28 16:30:00+00:00,1.0176560367,1.0029271693
2023-06-28 17:00:00+00:00,1.0181690199,1.0029024709
2023-06-28 17:30:00+00:00,1.0180384423,1.0029024709
2023-06-29 06:00:00+00:00,1.0178608916,1.0029024709
2023-06-29 06:30:00+00:00,1.0183468199,1.0029024709
2023-06-29 07:00:00+00:00,1.0201036375,1.0029024709
2023-06-29 07:30:00+00:00,1.0201410166,1.0029024709
2023-06-29 08:00:00+00:00,1.0198513286,1.0029024709
2023-06-29 08:30:00+00:00,1.0199260868,1.0029024709
2023-06-29 09:00:00+00:00,1.0200008450,1.0029024709
2023-06-29 09:30:00+00:00,1.0201410167,1.0029024709
2023-06-29 10:00:00+00:00,1.0207484270,1.0029024709
2023-06-29 10:30:00+00:00,1.0211782866,1.0029024709
2023-06-29 11:00:00+00:00,1.0217576627,1.0029024709
2023-06-29 11:30:00+00:00,1.0221968671,1.0029024709
2023-06-29 12:00:00+00:00,1.0218511104,1.0029024709
2023-06-29 12:30:00+00:00,1.0168049320,1.0029024709
2023-06-29 13:00:00+00:00,1.0159078337,1.0029024709
2023-06-29 13:30:00+00:00,1.0156835591,1.0029024709
2023-06-29 14:00:00+00:00,1.0177767885,1.0029024709
2023-06-29 14:30:00+00:00,1.0176085826,1.0029024709
2023-06-29 15:00:00+00:00,1.0174029976,1.0029024709
2023-06-29 15:30:00+00:00,1.0167488634,1.0029024709
2023-06-29 16:00:00+00:00,1.0166180365,1.0029024709
2023-06-29 16:30:00+00:00,1.0158517650,1.0029024709
2023-06-29 17:00:00+00:00,1.0161414530,1.0029024709
2023-06-29 17:30:00+00:00,1.0160012814,1.0029024709
2023-06-30 06:00:00+00:00,1.0149918043,1.0029024709
2023-06-30 06:30:00+00:00,1.0154778489,1.0029024709
2023-06-30 07:00:00+00:00,1.0158143412,1.0029024709
2023-06-30 07:30:00+00:00,1.0147581291,1.0029024709
2023-06-30 08:00:00+00:00,1.0135617119,1.0029024709
2023-06-30 08:30:00+00:00,1.0131224024,1.0029024709
2023-06-30 09:00:00+00:00,1.0135710589,1.0029024709
2023-06-30 09:30:00+00:00,1.0137393051,1.0029024709
2023-06-30 10:00:00+00:00,1.0134402008,1.0029024709
2023-06-30 10:30:00+00:00,1.0144683719,1.0029024709
2023-06-30 11:00:00+00:00,1.0142533906,1.0029024709
2023-06-30 11:30:00+00:00,1.0144870659,1.0029024709
2023-06-30 12:00:00+00:00,1.0161882217,1.0029024709
2023-06-30 12:30:00+00:00,1.0185623622,1.0029024709
2023-06-30 13:00:00+00:00,1.0194596752,1.0029024709
2023-06-30 13:30:00+00:00,1.0201887419,1.0029024709
2023-06-30 14:00:00+00:00,1.0210486668,1.0029024709
2023-06-30 14:30:00+00:00,1.0197961675,1.0029024709
2023-06-30 15:00:00+00:00,1.0201326598,1.0029024709
2023-06-30 15:30:00+00:00,1.0206187043,1.0029024709
2023-06-30 16:00:00+00:00,1.0200765777,1.0029024709
2023-06-30 16:30:00+00:00,1.0205439282,1.0029024709
2023-06-30 17:00:00+00:00,1.0203943761,1.0029024709
2023-06-30 17:30:00+00:00,1.0199270256,1.0029024709
2023-07-03 06:00:00+00:00,1.0189448334,1.0029024709
2023-07-03 06:30:00+00:00,1.0186922697,1.0029024709
2023-07-03 07:00:00+00:00,1.0177942655,1.0029024709
2023-07-03 07:30:00+00:00,1.0173078465,1.0029024709
2023-07-03 08:00:00+00:00,1.0184490603,1.0029024709
2023-07-03 08:30:00+00:00,1.0183368097,1.0029024709
2023-07-03 09:00:00+00:00,1.0185051855,1.0029024709
2023-07-03 09:30:00+00:00,1.0186829155,1.0029024709
2023-07-03 10:00:00+00:00,1.0182619760,1.0029024709
2023-07-03 10:30:00+00:00,1.0188793539,1.0029024709
2023-07-03 11:00:00+00:00,1.0191412718,1.0029024709
2023-07-03 11:30:00+00:00,1.0195341487,1.0029024709
2023-07-03 12:00:00+00:00,1.0196651077,1.0029024709
2023-07-03 12:30:00+00:00,1.0204321529,1.0029024709
2023-07-03 13:00:00+00:00,1.0208811550,1.0029024709
2023-07-03 13:30:00+00:00,1.0208624466,1.0029024709
2023-07-03 14:00:00+00:00,1.0205163408,1.0029024709
2023-07-03 14:30:00+00:00,1.0202450687,1.0029024709
2023-07-03 15:00:00+00:00,1.0209372803,1.0029024709
2023-07-03 15:30:00+00:00,1.0213020945,1.0029024709
2023-07-03 16:00:00+00:00,1.0211804898,1.0029024709
2023-07-03 16:30:00+00:00,1.0210869476,1.0029024709
2023-07-03 17:00:00+00:00,1.0209746971,1.0029024709
2023-07-03 17:30:00+00:00,1.0203947360,1.0029024709
2023-07-04 06:00:00+00:00,1.0215185807,1.0029024709
2023-07-04 06:30:00+00:00,1.0222116182,1.0029024709
2023-07-04 07:00:00+00:00,1.0215935037,1.0029024709
2023-07-04 07:30:00+00:00,1.0211065043,1.0031978316
2023-07-04 08:00:00+00:00,1.0206569665,1.0038007158
2023-07-04 08:30:00+00:00,1.0204134668,1.0041600403
2023-07-04 09:00:00+00:00,1.0210315814,1.0032483271
2023-07-04 09:30:00+00:00,1.0206756972,1.0037730843
2023-07-04 10:00:00+00:00,1.0208630047,1.0034968393
2023-07-04 10:30:00+00:00,1.0204509283,1.0039192912
2023-07-04 11:00:00+00:00,1.0204321976,1.0039031239
2023-07-04 11:30:00+00:00,1.0206756972,1.0037234948
2023-07-04 12:00:00+00:00,1.0206944280,1.0037096803
2023-07-04 12:30:00+00:00,1.0209004662,1.0035577499
2023-07-04 13:00:00+00:00,1.0207693510,1.0036544267
2023-07-04 13:30:00+00:00,1.0208068124,1.0036268025
2023-07-04 14:00:00+00:00,1.0214061962,1.0033725047
2023-07-04 14:30:00+00:00,1.0210128506,1.0036847583
2023-07-04 15:00:00+00:00,1.0207880817,1.0039661260
2023-07-04 15:30:00+00:00,1.0209285623,1.0037589134
2023-07-04 16:00:00+00:00,1.0202074286,1.0045236743
2023-07-04 16:30:00+00:00,1.0203104477,1.0044124125
2023-07-04 17:00:00+00:00,1.0204321975,1.0043225323
2023-07-04 17:30:00+00:00,1.0202636208,1.0044469868
2023-07-05 06:00:00+00:00,1.0196166619,1.0046541527
2023-07-05 06:30:00+00:00,1.0203761354,1.0039080771
2023-07-05 07:00:00+00:00,1.0219513398,1.0031449918
2023-07-05 07:30:00+00:00,1.0207699366,1.0042418157
2023-07-05 08:00:00+00:00,1.0202261160,1.0049987897
2023-07-05 08:30:00+00:00,1.0208918274,1.0040159284
2023-07-05 09:00:00+00:00,1.0210324706,1.0038084866
2023-07-05 09:30:00+00:00,1.0214731528,1.0031589647
2023-07-05 10:00:00+00:00,1.0206011647,1.0044448679
2023-07-05 10:30:00+00:00,1.0199635819,1.0051194694
2023-07-05 11:00:00+00:00,1.0201229776,1.0049698938
2023-07-05 11:30:00+00:00,1.0200573441,1.0050183905
2023-07-05 12:00:00+00:00,1.0208543225,1.0046923293
2023-07-05 12:30:00+00:00,1.0214637766,1.0040853414
2023-07-05 13:00:00+00:00,1.0215950436,1.0038416588
2023-07-05 13:30:00+00:00,1.0212199950,1.0043947091
2023-07-05 14:00:00+00:00,1.0201698587,1.0055243849
2023-07-05 14:30:00+00:00,1.0195510284,1.0059519929
2023-07-05 15:00:00+00:00,1.0195322760,1.0059658698
2023-07-05 15:30:00+00:00,1.0189321982,1.0064101683
2023-07-05 16:00:00+00:00,1.0186321592,1.0066324893
2023-07-05 16:30:00+00:00,1.0183321203,1.0068549250
2023-07-05 17:00:00+00:00,1.0182758630,1.0068966444
2023-07-05 17:30:00+00:00,1.0182758630,1.0068966444
2023-07-06 06:00:00+00:00,1.0192701906,1.0064963215
2023-07-06 06:30:00+00:00,1.0193921364,1.0063382627
2023-07-06 07:00:00+00:00,1.0194484191,1.0062071488
2023-07-06 07:30:00+00:00,1.0183227653,1.0074283526
2023-07-06 08:00:00+00:00,1.0180413518,1.0076070172
2023-07-06 08:30:00+00:00,1.0191013425,1.0068208886
2023-07-06 09:00:00+00:00,1.0189043531,1.0069668750
2023-07-06 09:30:00+00:00,1.0188762118,1.0069877343
2023-07-06 10:00:00+00:00,1.0212494654,1.0060760178
2023-07-06 10:30:00+00:00,1.0212307045,1.0060404417
2023-07-06 11:00:00+00:00,1.0219623795,1.0049100016
2023-07-06 11:30:00+00:00,1.0220374231,1.0047993247
2023-07-06 12:00:00+00:00,1.0205740731,1.0069611962
2023-07-06 12:30:00+00:00,1.0200300070,1.0075353069
2023-07-06 13:00:00+00:00,1.0211650413,1.0066634522
2023-07-06 13:30:00+00:00,1.0209117692,1.0068507494
2023-07-06 14:00:00+00:00,1.0173378181,1.0095024183
2023-07-06 14:30:00+00:00,1.0194859408,1.0086740471
2023-07-06 15:00:00+00:00,1.0187730266,1.0086438443
2023-07-06 15:30:00+00:00,1.0198986806,1.0086438443
2023-07-06 16:00:00+00:00,1.0198048761,1.0086438443
2023-07-06 16:30:00+00:00,1.0198986806,1.0086438443
2023-07-06 17:00:00+00:00,1.0205271706,1.0086438443
2023-07-06 17:30:00+00:00,1.0207804428,1.0086438443
2023-07-07 06:00:00+00:00,1.0212117294,1.0086438443
2023-07-07 06:30:00+00:00,1.0203772835,1.0086438443
2023-07-07 07:00:00+00:00,1.0202366466,1.0086438443
2023-07-07 07:30:00+00:00,1.0197303535,1.0086438443
2023-07-07 08:00:00+00:00,1.0198991179,1.0086438443
2023-07-07 08:30:00+00:00,1.0198991179,1.0086438443
2023-07-07 09:00:00+00:00,1.0194959586,1.0086438443
2023-07-07 09:30:00+00:00,1.0201241370,1.0086438443
2023-07-07 10:00:00+00:00,1.0203772835,1.0086438443
2023-07-07 10:30:00+00:00,1.0212492325,1.0086438443
2023-07-07 11:00:00+00:00,1.0211460988,1.0086438443
2023-07-07 11:30:00+00:00,1.0207991943,1.0086438443
2023-07-07 12:00:00+00:00,1.0206866847,1.0086438443
2023-07-07 12:30:00+00:00,1.0230587612,1.0086438443
2023-07-07 13:00:00+00:00,1.0226931051,1.0086438443
2023-07-07 13:30:00+00:00,1.0234994237,1.0086438443
2023-07-07 14:00:00+00:00,1.0247089014,1.0086438443
2023-07-07 14:30:00+00:00,1.0265559333,1.0086438443
2023-07-07 15:00:00+00:00,1.0265746849,1.0086438443
2023-07-07 15:30:00+00:00,1.0278779206,1.0086438443
2023-07-07 16:00:00+00:00,1.0283185830,1.0086438443
2023-07-07 16:30:00+00:00,1.0287029907,1.0086438443
2023-07-07 17:00:00+00:00,1.0286936149,1.0086438443
2023-07-07 17:30:00+00:00,1.0282904556,1.0086438443
2023-07-10 06:00:00+00:00,1.0288822748,1.0086438443
2023-07-10 06:30:00+00:00,1.0286850017,1.0086438443
2023-07-10 07:00:00+00:00,1.0286662138,1.0086438443
2023-07-10 07:30:00+00:00,1.0290701539,1.0086438443
2023-07-10 08:00:00+00:00,1.0294083362,1.0086438443
2023-07-10 08:30:00+00:00,1.0300283372,1.0086438443
2023-07-10 09:00:00+00:00,1.0306859140,1.0086438443
2023-07-10 09:30:00+00:00,1.0297559125,1.0086438443
2023-07-10 10:00:00+00:00,1.0295586394,1.0086438443
2023-07-10 10:30:00+00:00,1.0295210636,1.0086438443
2023-07-10 11:00:00+00:00,1.0293895483,1.0086438443
2023-07-10 11:30:00+00:00,1.0290043961,1.0086438443
2023-07-10 12:00:00+00:00,1.0288165170,1.0086438443
2023-07-10 12:30:00+00:00,1.0283562133,1.0086438443
2023-07-10 13:00:00+00:00,1.0295774273,1.0086438443
2023-07-10 13:30:00+00:00,1.0302350042,1.0086438443
2023-07-10 14:00:00+00:00,1.0309583387,1.0086438443
2023-07-10 14:30:00+00:00,1.0309677326,1.0086438443
2023-07-10 15:00:00+00:00,1.0317850067,1.0086438443
2023-07-10 15:30:00+00:00,1.0323956137,1.0086438443
2023-07-10 16:00:00+00:00,1.0322265225,1.0086438443
2023-07-10 16:30:00+00:00,1.0323392500,1.0086438443
2023-07-10 17:00:00+00:00,1.0326022807,1.0086438443
2023-07-10 17:30:00+00:00,1.0328840993,1.0086438443
2023-07-11 06:00:00+00:00,1.0344042609,1.0086438443
2023-07-11 06:30:00+00:00,1.0342165867,1.0086438443
2023-07-11 07:00:00+00:00,1.0335315756,1.0089746273
2023-07-11 07:30:00+00:00,1.0329779365,1.0095367436
2023-07-11 08:00:00+00:00,1.0333532850,1.0091214323
2023-07-11 08:30:00+00:00,1.0324712160,1.0100979248
2023-07-11 09:00:00+00:00,1.0325275182,1.0100355423
2023-07-11 09:30:00+00:00,1.0328090296,1.0097237388
2023-07-11 10:00:00+00:00,1.0328840993,1.0096406218
2023-07-11 10:30:00+00:00,1.0327808785,1.0097549110
2023-07-11 11:00:00+00:00,1.0322647742,1.0103267226
2023-07-11 11:30:00+00:00,1.0307070778,1.0115996127
2023-07-11 12:00:00+00:00,1.0307633801,1.0115430365
2023-07-11 12:30:00+00:00,1.0305194036,1.0116786492
2023-07-11 13:00:00+00:00,1.0312513332,1.0112719620
2023-07-11 13:30:00+00:00,1.0310073567,1.0114074741
2023-07-11 14:00:00+00:00,1.0312607169,1.0112667510
2023-07-11 14:30:00+00:00,1.0312888681,1.0112511184
2023-07-11 15:00:00+00:00,1.0314014726,1.0111885948
2023-07-11 15:30:00+00:00,1.0314390075,1.0111677560
2023-07-11 16:00:00+00:00,1.0317017515,1.0110219176
2023-07-11 16:30:00+00:00,1.0324524485,1.0106055567
2023-07-11 17:00:00+00:00,1.0328653319,1.0103767602
2023-07-11 17:30:00+00:00,1.0328465645,1.0103871569
2023-07-12 06:00:00+00:00,1.0332774636,1.0102413657
2023-07-12 06:30:00+00:00,1.0325655432,1.0107022289
2023-07-12 07:00:00+00:00,1.0330058098,1.0101657771
2023-07-12 07:30:00+00:00,1.0329870750,1.0101868681
2023-07-12 08:00:00+00:00,1.0326966865,1.0105138838
2023-07-12 08:30:00+00:00,1.0324999716,1.0107355230
2023-07-12 09:00:00+00:00,1.0328934013,1.0102923354
2023-07-12 09:30:00+00:00,1.0327435234,1.0104611259
2023-07-12 10:00:00+00:00,1.0327341560,1.0104716771
2023-07-12 10:30:00+00:00,1.0324906043,1.0107460795
2023-07-12 11:00:00+00:00,1.0322470526,1.0110206212
2023-07-12 11:30:00+00:00,1.0318067860,1.0115172619
2023-07-12 12:00:00+00:00,1.0325561759,1.0106721882
2023-07-12 12:30:00+00:00,1.0358628587,1.0087602665
2023-07-12 13:00:00+00:00,1.0381297629,1.0068649173
2023-07-12 13:30:00+00:00,1.0395817058,1.0062289548
2023-07-12 14:00:00+00:00,1.0397596858,1.0061915842
2023-07-12 14:30:00+00:00,1.0416893648,1.0061915842
2023-07-12 15:00:00+00:00,1.0421577334,1.0061915842
2023-07-12 15:30:00+00:00,1.0418579775,1.0061915842
2023-07-12 16:00:00+00:00,1.0426448368,1.0061915842
2023-07-12 16:30:00+00:00,1.0427853474,1.0061915842
2023-07-12 17:00:00+00:00,1.0422514071,1.0061915842
2023-07-12 17:30:00+00:00,1.0425698978,1.0061915842
2023-07-13 06:00:00+00:00,1.0440684891,1.0061915842
2023-07-13 06:30:00+00:00,1.0441996158,1.0061915842
2023-07-13 07:00:00+00:00,1.0434877850,1.0061915842
2023-07-13 07:30:00+00:00,1.0448365171,1.0061915842
2023-07-13 08:00:00+00:00,1.0455858127,1.0061915842
2023-07-13 08:30:00+00:00,1.0453610240,1.0061915842
2023-07-13 09:00:00+00:00,1.0457918690,1.0061915842
2023-07-13 09:30:00+00:00,1.0464849674,1.0061915842
2023-07-13 10:00:00+00:00,1.0457356718,1.0061915842
2023-07-13 10:30:00+00:00,1.0463351083,1.0061915842
2023-07-13 11:00:00+00:00,1.0462601787,1.0061915842
2023-07-13 11:30:00+00:00,1.0466160941,1.0061915842
2023-07-13 12:00:00+00:00,1.0470750377,1.0061915842
2023-07-13 12:30:00+00:00,1.0471218687,1.0061915842
2023-07-13 13:00:00+00:00,1.0471406011,1.0061915842
2023-07-13 13:30:00+00:00,1.0484706008,1.0061915842
2023-07-13 14:00:00+00:00,1.0472529954,1.0061915842
2023-07-13 14:30:00+00:00,1.0486391922,1.0061915842
2023-07-13 15:00:00+00:00,1.0481896149,1.0061915842
2023-07-13 15:30:00+00:00,1.0483488402,1.0061915842
2023-07-13 16:00:00+00:00,1.0494915159,1.0061915842
2023-07-13 16:30:00+00:00,1.0495570793,1.0060935380
2023-07-13 17:00:00+00:00,1.0496320089,1.0059428095
2023-07-13 17:30:00+00:00,1.0504843326,1.0048782067
2023-07-14 06:00:00+00:00,1.0501847105,1.0050053301
2023-07-14 06:30:00+00:00,1.0496322823,1.0049512877
2023-07-14 07:00:00+00:00,1.0494169290,1.0050254272
2023-07-14 07:30:00+00:00,1.0507184123,1.0033554270
2023-07-14 08:00:00+00:00,1.0515330098,1.0023479124
2023-07-14 08:30:00+00:00,1.0515985521,1.0022669259
2023-07-14 09:00:00+00:00,1.0519918061,1.0019677145
2023-07-14 09:30:00+00:00,1.0511678453,1.0026993317
2023-07-14 10:00:00+00:00,1.0503251583,1.0037072745
2023-07-14 10:30:00+00:00,1.0505873276,1.0033852975
2023-07-14 11:00:00+00:00,1.0517389999,1.0019730713
2023-07-14 11:30:00+00:00,1.0509431287,1.0029486225
2023-07-14 12:00:00+00:00,1.0504375165,1.0035692619
2023-07-14 12:30:00+00:00,1.0510835766,1.0027763437
2023-07-14 13:00:00+00:00,1.0513176563,1.0024893293
2023-07-14 13:30:00+00:00,1.0524225127,1.0011365908
2023-07-14 14:00:00+00:00,1.0518981741,1.0017781635
2023-07-14 14:30:00+00:00,1.0525910502,1.0009305261
2023-07-14 15:00:00+00:00,1.0522258858,1.0013770949
2023-07-14 15:30:00+00:00,1.0520198956,1.0016291618
2023-07-14 16:00:00+00:00,1.0522071594,1.0014000054
2023-07-14 16:30:00+00:00,1.0523663336,1.0012052958
2023-07-14 17:00:00+00:00,1.0515798257,1.0021680465
2023-07-14 17:30:00+00:00,1.0518888110,1.0017896268
2023-07-17 06:00:00+00:00,1.0514861365,1.0019774340
2023-07-17 06:30:00+00:00,1.0519543626,1.0015245738
2023-07-17 07:00:00+00:00,1.0528533569,1.0004117794
2023-07-17 07:30:00+00:00,1.0530406473,1.0001864321
2023-07-17 08:00:00+00:00,1.0524694114,1.0008740255
2023-07-17 08:30:00+00:00,1.0523851307,1.0009755454
2023-07-17 09:00:00+00:00,1.0522727565,1.0011109338
2023-07-17 09:30:00+00:00,1.0528908150,1.0003667027
2023-07-17 10:00:00+00:00,1.0524787760,1.0008627467
2023-07-17 10:30:00+00:00,1.0517483432,1.0017431801
2023-07-17 11:00:00+00:00,1.0522259339,1.0011673553
2023-07-17 11:30:00+00:00,1.0519918208,1.0014495483
2023-07-17 12:00:00+00:00,1.0515235946,1.0020143615
2023-07-17 12:30:00+00:00,1.0521416532,1.0012689284
2023-07-17 13:00:00+00:00,1.0508587134,1.0028173764
2023-07-17 13:30:00+00:00,1.0508306199,1.0028152701
2023-07-17 14:00:00+00:00,1.0507650682,1.0028258972
2023-07-17 14:30:00+00:00,1.0518045303,1.0021981840
2023-07-17 15:00:00+00:00,1.0520480079,1.0020957978
2023-07-17 15:30:00+00:00,1.0521416531,1.0019831967
2023-07-17 16:00:00+00:00,1.0520011853,1.0021142196
2023-07-17 16:30:00+00:00,1.0519169046,1.0022165608
2023-07-17 17:00:00+00:00,1.0520386434,1.0020687407
2023-07-17 17:30:00+00:00,1.0526192438,1.0013642874
2023-07-18 06:00:00+00:00,1.0524133983,1.0014281103
2023-07-18 06:30:00+00:00,1.0531993539,1.0006836827
2023-07-18 07:00:00+00:00,1.0543127912,0.9993044498
2023-07-18 07:30:00+00:00,1.0529747951,1.0009304936
2023-07-18 08:00:00+00:00,1.0524321114,1.0015913517
2023-07-18 08:30:00+00:00,1.0514403101,1.0024707203
2023-07-18 09:00:00+00:00,1.0520952733,1.0020447873
2023-07-18 09:30:00+00:00,1.0525256776,1.0017824541
2023-07-18 10:00:00+00:00,1.0526753834,1.0016912490
2023-07-18 10:30:00+00:00,1.0533303465,1.0014612287
2023-07-18 11:00:00+00:00,1.0527502363,1.0018436895
2023-07-18 11:30:00+00:00,1.0529467253,1.0015779503
2023-07-18 12:00:00+00:00,1.0524601813,1.0021441134
2023-07-18 12:30:00+00:00,1.0516648690,1.0028124825
2023-07-18 13:00:00+00:00,1.0509163397,1.0032224765
2023-07-18 13:30:00+00:00,1.0504391523,1.0035010661
2023-07-18 14:00:00+00:00,1.0512157514,1.0030477791
2023-07-18 14:30:00+00:00,1.0513841705,1.0029495471
2023-07-18 15:00:00+00:00,1.0506543545,1.0033754024
2023-07-18 15:30:00+00:00,1.0500555311,1.0037251782
2023-07-18 16:00:00+00:00,1.0504485090,1.0034956016
2023-07-18 16:30:00+00:00,1.0493163585,1.0041573764
2023-07-18 17:00:00+00:00,1.0497186930,1.0039220685
2023-07-18 17:30:00+00:00,1.0496999797,1.0039330098
2023-07-19 06:00:00+00:00,1.0480182473,1.0043985044
2023-07-19 06:30:00+00:00,1.0476165002,1.0046793178
2023-07-19 07:00:00+00:00,1.0493075755,1.0023343187
2023-07-19 07:30:00+00:00,1.0489338572,1.0028405220
2023-07-19 08:00:00+00:00,1.0486722544,1.0031951238
2023-07-19 08:30:00+00:00,1.0494570629,1.0025954205
2023-07-19 09:00:00+00:00,1.0500176403,1.0019965051
2023-07-19 09:30:00+00:00,1.0491767741,1.0026873189
2023-07-19 10:00:00+00:00,1.0485788248,1.0030734176
2023-07-19 10:30:00+00:00,1.0478874459,1.0035381646
2023-07-19 11:00:00+00:00,1.0476819009,1.0036764333
2023-07-19 11:30:00+00:00,1.0476538720,1.0036952917
2023-07-19 12:00:00+00:00,1.0477940164,1.0036010083
2023-07-19 12:30:00+00:00,1.0480182473,1.0034501994
2023-07-19 13:00:00+00:00,1.0477099297,1.0036575757
2023-07-19 13:30:00+00:00,1.0476819009,1.0036764333
2023-07-19 14:00:00+00:00,1.0454022193,1.0052130612
2023-07-19 14:30:00+00:00,1.0455517066,1.0051121240
2023-07-19 15:00:00+00:00,1.0462150566,1.0046645113
2023-07-19 15:30:00+00:00,1.0458506812,1.0049103232
2023-07-19 16:00:00+00:00,1.0447668981,1.0056423186
2023-07-19 16:30:00+00:00,1.0456825080,1.0050238240
2023-07-19 17:00:00+00:00,1.0456825080,1.0050238240
2023-07-19 17:30:00+00:00,1.0463365151,1.0045826064
2023-07-20 06:00:00+00:00,1.0458701085,1.0047092411
2023-07-20 06:30:00+00:00,1.0457581709,1.0047528774
2023-07-20 07:00:00+00:00,1.0461126399,1.0042329338
2023-07-20 07:30:00+00:00,1.0452731080,1.0053572367
2023-07-20 08:00:00+00:00,1.0453663894,1.0052322075
2023-07-20 08:30:00+00:00,1.0455342957,1.0050072220
2023-07-20 09:00:00+00:00,1.0457208584,1.0047573396
2023-07-20 09:30:00+00:00,1.0458887647,1.0045325367
2023-07-20 10:00:00+00:00,1.0457861553,1.0046699060
2023-07-20 10:30:00+00:00,1.0451331861,1.0050432556
2023-07-20 11:00:00+00:00,1.0451145298,1.0049792412
2023-07-20 11:30:00+00:00,1.0454037019,1.0049792412
2023-07-20 12:00:00+00:00,1.0442843261,1.0049792412
2023-07-20 12:30:00+00:00,1.0431462940,1.0049792412
2023-07-20 13:00:00+00:00,1.0434727786,1.0049792412
2023-07-20 13:30:00+00:00,1.0432022628,1.0049792412
2023-07-20 14:00:00+00:00,1.0399747293,1.0049792412
2023-07-20 14:30:00+00:00,1.0398068229,1.0049792412
2023-07-20 15:00:00+00:00,1.0393590726,1.0049792412
2023-07-20 15:30:00+00:00,1.0386781190,1.0049792412
2023-07-20 16:00:00+00:00,1.0381091030,1.0049792412
2023-07-20 16:30:00+00:00,1.0376800089,1.0049792412
2023-07-20 17:00:00+00:00,1.0379225404,1.0049792412
2023-07-20 17:30:00+00:00,1.0382583531,1.0049792412
2023-07-21 06:00:00+00:00,1.0383701621,1.0049792412
2023-07-21 06:30:00+00:00,1.0382397182,1.0049792412
2023-07-21 07:00:00+00:00,1.0376434036,1.0049792412
2023-07-21 07:30:00+00:00,1.0368327884,1.0049792412
2023-07-21 08:00:00+00:00,1.0373079766,1.0049792412
2023-07-21 08:30:00+00:00,1.0368793754,1.0049792412
2023-07-21 09:00:00+00:00,1.0369352799,1.0049792412
2023-07-21 09:30:00+00:00,1.0368421058,1.0049792412
2023-07-21 10:00:00+00:00,1.0364507743,1.0049792412
2023-07-21 10:30:00+00:00,1.0366091704,1.0049792412
2023-07-21 11:00:00+00:00,1.0365905355,1.0049792412
2023-07-21 11:30:00+00:00,1.0359383164,1.0049792412
2023-07-21 12:00:00+00:00,1.0363016956,1.0049792412
2023-07-21 12:30:00+00:00,1.0368793754,1.0049792412
2023-07-21 13:00:00+00:00,1.0372334373,1.0049792412
2023-07-21 13:30:00+00:00,1.0359849035,1.0049792412
2023-07-21 14:00:00+00:00,1.0356867462,1.0049792412
2023-07-21 14:30:00+00:00,1.0354631282,1.0049792412
2023-07-21 15:00:00+00:00,1.0361898867,1.0049792412
2023-07-21 15:30:00+00:00,1.0360594428,1.0049792412
2023-07-21 16:00:00+00:00,1.0360780777,1.0049792412
2023-07-21 16:30:00+00:00,1.0364228221,1.0049792412
2023-07-21 17:00:00+00:00,1.0366278053,1.0049792412
2023-07-21 17:30:00+00:00,1.0366557575,1.0049044211
2023-07-24 06:00:00+00:00,1.0364508811,1.0049389020
2023-07-24 06:30:00+00:00,1.0370468851,1.0044013320
2023-07-24 07:00:00+00:00,1.0360038782,1.0051634266
2023-07-24 07:30:00+00:00,1.0319436011,1.0078428751
2023-07-24 08:00:00+00:00,1.0318691006,1.0078360227
2023-07-24 08:30:00+00:00,1.0309937198,1.0078028700
2023-07-24 09:00:00+00:00,1.0325209799,1.0078028700
2023-07-24 09:30:00+00:00,1.0320181016,1.0078028700
2023-07-24 10:00:00+00:00,1.0319994764,1.0078028700
2023-07-24 10:30:00+00:00,1.0329214200,1.0078028700
2023-07-24 11:00:00+00:00,1.0337874883,1.0078028700
2023-07-24 11:30:00+00:00,1.0334522361,1.0078028700
2023-07-24 12:00:00+00:00,1.0326141055,1.0078028700
2023-07-24 12:30:00+00:00,1.0325582301,1.0078028700
2023-07-24 13:00:00+00:00,1.0318411629,1.0078028700
2023-07-24 13:30:00+00:00,1.0322974784,1.0078028700
2023-07-24 14:00:00+00:00,1.0309564694,1.0078028700
2023-07-24 14:30:00+00:00,1.0317666623,1.0078028700
2023-07-24 15:00:00+00:00,1.0312917216,1.0078028700
2023-07-24 15:30:00+00:00,1.0320367266,1.0078028700
2023-07-24 16:00:00+00:00,1.0317107869,1.0078028700
2023-07-24 16:30:00+00:00,1.0319622261,1.0078028700
2023-07-24 17:00:00+00:00,1.0315804111,1.0078028700
2023-07-24 17:30:00+00:00,1.0313569096,1.0078028700
2023-07-25 06:00:00+00:00,1.0320273232,1.0078028700
2023-07-25 06:30:00+00:00,1.0316828051,1.0078028700
2023-07-25 07:00:00+00:00,1.0317386729,1.0078028700
2023-07-25 07:30:00+00:00,1.0308727219,1.0078028700
2023-07-25 08:00:00+00:00,1.0301464405,1.0078028700
2023-07-25 08:30:00+00:00,1.0302767987,1.0078028700
2023-07-25 09:00:00+00:00,1.0293829138,1.0078028700
2023-07-25 09:30:00+00:00,1.0281910674,1.0078028700
2023-07-25 10:00:00+00:00,1.0285076516,1.0078028700
2023-07-25 10:30:00+00:00,1.0284331612,1.0078028700
2023-07-25 11:00:00+00:00,1.0283121143,1.0078028700
2023-07-25 11:30:00+00:00,1.0288521697,1.0078028700
2023-07-25 12:00:00+00:00,1.0289918393,1.0078028700
2023-07-25 12:30:00+00:00,1.0287776793,1.0078028700
2023-07-25 13:00:00+00:00,1.0267757496,1.0078028700
2023-07-25 13:30:00+00:00,1.0278372379,1.0078028700
2023-07-25 14:00:00+00:00,1.0270085321,1.0078028700
2023-07-25 14:30:00+00:00,1.0283959160,1.0078028700
2023-07-25 15:00:00+00:00,1.0288056132,1.0078028700
2023-07-25 15:30:00+00:00,1.0288242358,1.0078028700
2023-07-25 16:00:00+00:00,1.0288242358,1.0078028700
2023-07-25 16:30:00+00:00,1.0281910674,1.0078028700
2023-07-25 17:00:00+00:00,1.0279303509,1.0078028700
2023-07-25 17:30:00+00:00,1.0279303509,1.0078028700
2023-07-26 06:00:00+00:00,1.0286551486,1.0078028700
2023-07-26 06:30:00+00:00,1.0280511506,1.0078028700
2023-07-26 07:00:00+00:00,1.0278653050,1.0078028700
2023-07-26 07:30:00+00:00,1.0286179796,1.0078028700
2023-07-26 08:00:00+00:00,1.0285993950,1.0078028700
2023-07-26 08:30:00+00:00,1.0291662240,1.0078028700
2023-07-26 09:00:00+00:00,1.0292591467,1.0078028700
2023-07-26 09:30:00+00:00,1.0291011780,1.0078028700
2023-07-26 10:00:00+00:00,1.0295007459,1.0078028700
2023-07-26 10:30:00+00:00,1.0297702220,1.0078028700
2023-07-26 11:00:00+00:00,1.0288595788,1.0078028700
2023-07-26 11:30:00+00:00,1.0279861047,1.0078028700
2023-07-26 12:00:00+00:00,1.0280511506,1.0078028700
2023-07-26 12:30:00+00:00,1.0284971799,1.0078028700
2023-07-26 13:00:00+00:00,1.0284878877,1.0078028700
2023-07-26 13:30:00+00:00,1.0282277039,1.0078028700
2023-07-26 14:00:00+00:00,1.0281998271,1.0078028700
2023-07-26 14:30:00+00:00,1.0280604429,1.0078028700
2023-07-26 15:00:00+00:00,1.0288595788,1.0078028700
2023-07-26 15:30:00+00:00,1.0292870235,1.0078028700
2023-07-26 16:00:00+00:00,1.0291569317,1.0078028700
2023-07-26 16:30:00+00:00,1.0288224097,1.0078028700
2023-07-26 17:00:00+00:00,1.0280790275,1.0082141690
2023-07-26 17:30:00+00:00,1.0275400753,1.0087870334
2023-07-27 06:00:00+00:00,1.0280311981,1.0084176637
2023-07-27 06:30:00+00:00,1.0285779197,1.0078726961
2023-07-27 07:00:00+00:00,1.0301532193,1.0058774162
2023-07-27 07:30:00+00:00,1.0312188631,1.0051610280
2023-07-27 08:00:00+00:00,1.0316358541,1.0047536717
2023-07-27 08:30:00+00:00,1.0322011086,1.0040450542
2023-07-27 09:00:00+00:00,1.0315246565,1.0048600619
2023-07-27 09:30:00+00:00,1.0322474410,1.0039892755
2023-07-27 10:00:00+00:00,1.0328497614,1.0032646617
2023-07-27 10:30:00+00:00,1.0320435787,1.0042347438
2023-07-27 11:00:00+00:00,1.0320250457,1.0042570645
2023-07-27 11:30:00+00:00,1.0321547763,1.0041008386
2023-07-27 12:00:00+00:00,1.0280589975,1.0077526843
2023-07-27 12:30:00+00:00,1.0248157339,1.0096935060
2023-07-27 13:00:00+00:00,1.0216002696,1.0106496816
2023-07-27 13:30:00+00:00,1.0200898354,1.0106192813
2023-07-27 14:00:00+00:00,1.0187183981,1.0106192813
2023-07-27 14:30:00+00:00,1.0185701346,1.0106192813
2023-07-27 15:00:00+00:00,1.0185145358,1.0106192813
2023-07-27 15:30:00+00:00,1.0190519909,1.0106192813
2023-07-27 16:00:00+00:00,1.0191168562,1.0106192813
2023-07-27 16:30:00+00:00,1.0184126047,1.0106192813
2023-07-27 17:00:00+00:00,1.0188481286,1.0106192813
2023-07-27 17:30:00+00:00,1.0192002544,1.0106192813
2023-07-28 06:00:00+00:00,1.0187827889,1.0106192813
2023-07-28 06:30:00+00:00,1.0177994258,1.0106192813
2023-07-28 07:00:00+00:00,1.0165191983,1.0106192813
2023-07-28 07:30:00+00:00,1.0159904087,1.0106192813
2023-07-28 08:00:00+00:00,1.0162408880,1.0106192813
2023-07-28 08:30:00+00:00,1.0167232926,1.0106192813
2023-07-28 09:00:00+00:00,1.0169737718,1.0106192813
2023-07-28 09:30:00+00:00,1.0180220741,1.0106192813
2023-07-28 10:00:00+00:00,1.0192002545,1.0106192813
2023-07-28 10:30:00+00:00,1.0198774763,1.0106192813
2023-07-28 11:00:00+00:00,1.0221039588,1.0106192813
2023-07-28 11:30:00+00:00,1.0213432439,1.0106192813
2023-07-28 12:00:00+00:00,1.0218813106,1.0106192813
2023-07-28 12:30:00+00:00,1.0213432439,1.0106192813
2023-07-28 13:00:00+00:00,1.0204712049,1.0106192813
2023-07-28 13:30:00+00:00,1.0220854047,1.0106192813
2023-07-28 14:00:00+00:00,1.0239871919,1.0106192813
2023-07-28 14:30:00+00:00,1.0237923747,1.0106192813
2023-07-28 15:00:00+00:00,1.0233285242,1.0106192813
2023-07-28 15:30:00+00:00,1.0240335770,1.0106192813
2023-07-28 16:00:00+00:00,1.0235326185,1.0106192813
2023-07-28 16:30:00+00:00,1.0228461196,1.0109016452
2023-07-28 17:00:00+00:00,1.0222523910,1.0114257909
2023-07-28 17:30:00+00:00,1.0224472082,1.0112396258
2023-07-31 06:00:00+00:00,1.0221037469,1.0113562595
2023-07-31 06:30:00+00:00,1.0221223124,1.0113213328
2023-07-31 07:00:00+00:00,1.0234775922,1.0099992470
2023-07-31 07:30:00+00:00,1.0229577588,1.0104959667
2023-07-31 08:00:00+00:00,1.0228649314,1.0105847189
2023-07-31 08:30:00+00:00,1.0242573422,1.0092550976
2023-07-31 09:00:00+00:00,1.0237375089,1.0097510732
2023-07-31 09:30:00+00:00,1.0241181012,1.0093878996
2023-07-31 10:00:00+00:00,1.0246008035,1.0089276711
2023-07-31 10:30:00+00:00,1.0245172589,1.0090072955
2023-07-31 11:00:00+00:00,1.0240159910,1.0094853104
2023-07-31 11:30:00+00:00,1.0235889851,1.0098928716
2023-07-31 12:00:00+00:00,1.0235518541,1.0099283275
2023-07-31 12:30:00+00:00,1.0237282262,1.0097599344
2023-07-31 13:00:00+00:00,1.0231991101,1.0102652850
2023-07-31 13:30:00+00:00,1.0245915208,1.0089365176
2023-07-31 14:00:00+00:00,1.0246843482,1.0088480594
2023-07-31 14:30:00+00:00,1.0234404613,1.0100347104
2023-07-31 15:00:00+00:00,1.0235425714,1.0099371919
2023-07-31 15:30:00+00:00,1.0228278006,1.0106202241
2023-07-31 16:00:00+00:00,1.0222058571,1.0112153155
2023-07-31 16:30:00+00:00,1.0217602857,1.0116420880
2023-07-31 17:00:00+00:00,1.0219366577,1.0114731134
2023-07-31 17:30:00+00:00,1.0215467827,1.0118467129
2023-08-01 06:00:00+00:00,1.0211288316,1.0120868938
2023-08-01 06:30:00+00:00,1.0211752706,1.0120327032
2023-08-01 07:00:00+00:00,1.0194570273,1.0119939956
2023-08-01 07:30:00+00:00,1.0197821003,1.0119939956
2023-08-01 08:00:00+00:00,1.0197170857,1.0119939956
2023-08-01 08:30:00+00:00,1.0193177102,1.0119939956
2023-08-01 09:00:00+00:00,1.0190390761,1.0119939956
2023-08-01 09:30:00+00:00,1.0193734370,1.0119939956
2023-08-01 10:00:00+00:00,1.0192155444,1.0119939956
2023-08-01 10:30:00+00:00,1.0200050076,1.0119939956
2023-08-01 11:00:00+00:00,1.0197821003,1.0120894046
2023-08-01 11:30:00+00:00,1.0193920126,1.0121993632
2023-08-01 12:00:00+00:00,1.0177016327,1.0121623276
2023-08-01 12:30:00+00:00,1.0176180424,1.0121623276
2023-08-01 13:00:00+00:00,1.0194291638,1.0121623276
2023-08-01 13:30:00+00:00,1.0191319542,1.0121623276
2023-08-01 14:00:00+00:00,1.0186675641,1.0121623276
2023-08-01 14:30:00+00:00,1.0196427833,1.0121623276
2023-08-01 15:00:00+00:00,1.0181845984,1.0121623276
2023-08-01 15:30:00+00:00,1.0189183347,1.0121623276
2023-08-01 16:00:00+00:00,1.0191691054,1.0121623276
2023-08-01 16:30:00+00:00,1.0190762274,1.0121623276
2023-08-01 17:00:00+00:00,1.0185932617,1.0121623276
2023-08-01 17:30:00+00:00,1.0182681886,1.0121623276
2023-08-02 06:00:00+00:00,1.0170826911,1.0121623276
2023-08-02 06:30:00+00:00,1.0178421504,1.0121623276
2023-08-02 07:00:00+00:00,1.0174902059,1.0121623276
2023-08-02 07:30:00+00:00,1.0178606738,1.0121623276
2023-08-02 08:00:00+00:00,1.0177495334,1.0121623276
2023-08-02 08:30:00+00:00,1.0173234953,1.0121623276
2023-08-02 09:00:00+00:00,1.0169622891,1.0121623276
2023-08-02 09:30:00+00:00,1.0169900742,1.0121623276
2023-08-02 10:00:00+00:00,1.0162398766,1.0121623276
2023-08-02 10:30:00+00:00,1.0168418870,1.0121623276
2023-08-02 11:00:00+00:00,1.0166010829,1.0122527381
2023-08-02 11:30:00+00:00,1.0168048402,1.0119325946
2023-08-02 12:00:00+00:00,1.0160175959,1.0129374609
2023-08-02 12:30:00+00:00,1.0150636409,1.0138221525
2023-08-02 13:00:00+00:00,1.0155730343,1.0134690847
2023-08-02 13:30:00+00:00,1.0141745178,1.0143643029
2023-08-02 14:00:00+00:00,1.0113589614,1.0161727546
2023-08-02 14:30:00+00:00,1.0120535888,1.0157258235
2023-08-02 15:00:00+00:00,1.0129519735,1.0151485385
2023-08-02 15:30:00+00:00,1.0130723756,1.0150712343
2023-08-02 16:00:00+00:00,1.0137670030,1.0146255424
2023-08-02 16:30:00+00:00,1.0142208263,1.0144527999
2023-08-02 17:00:00+00:00,1.0144986772,1.0142145362
2023-08-02 17:30:00+00:00,1.0138040498,1.0149547492
2023-08-03 06:00:00+00:00,1.0135260363,1.0150631209
2023-08-03 06:30:00+00:00,1.0121174345,1.0162290632
2023-08-03 07:00:00+00:00,1.0119876949,1.0162459975
2023-08-03 07:30:00+00:00,1.0118764895,1.0162079900
2023-08-03 08:00:00+00:00,1.0117652841,1.0162079900
2023-08-03 08:30:00+00:00,1.0124139823,1.0162079900
2023-08-03 09:00:00+00:00,1.0127197971,1.0162079900
2023-08-03 09:30:00+00:00,1.0130719475,1.0159509851
2023-08-03 10:00:00+00:00,1.0122842426,1.0168246189
2023-08-03 10:30:00+00:00,1.0132943584,1.0156369201
2023-08-03 11:00:00+00:00,1.0130904818,1.0158764319
2023-08-03 11:30:00+00:00,1.0133777625,1.0155389681
2023-08-03 12:00:00+00:00,1.0127197971,1.0163121763
2023-08-03 12:30:00+00:00,1.0136465088,1.0157122444
2023-08-03 13:00:00+00:00,1.0128032012,1.0156540586
2023-08-03 13:30:00+00:00,1.0118579552,1.0156540586
2023-08-03 14:00:00+00:00,1.0140079263,1.0156540586
2023-08-03 14:30:00+00:00,1.0130626804,1.0156540586
2023-08-03 15:00:00+00:00,1.0145268848,1.0156540586
2023-08-03 15:30:00+00:00,1.0144342137,1.0156540586
2023-08-03 16:00:00+00:00,1.0150829119,1.0156540586
2023-08-03 16:30:00+00:00,1.0152497200,1.0156540586
2023-08-03 17:00:00+00:00,1.0142303371,1.0156540586
2023-08-03 17:30:00+00:00,1.0144712821,1.0156540586
2023-08-04 06:00:00+00:00,1.0145361211,1.0156540586
2023-08-04 06:30:00+00:00,1.0140822480,1.0156540586
2023-08-04 07:00:00+00:00,1.0141748752,1.0156540586
2023-08-04 07:30:00+00:00,1.0140451971,1.0156540586
2023-08-04 08:00:00+00:00,1.0140637226,1.0156540586
2023-08-04 08:30:00+00:00,1.0133690188,1.0156540586
2023-08-04 09:00:00+00:00,1.0135542731,1.0156540586
2023-08-04 09:30:00+00:00,1.0137858410,1.0156540586
2023-08-04 10:00:00+00:00,1.0138414173,1.0156540586
2023-08-04 10:30:00+00:00,1.0137673156,1.0156540586
2023-08-04 11:00:00+00:00,1.0134709087,1.0156540586
2023-08-04 11:30:00+00:00,1.0131374508,1.0156540586
2023-08-04 12:00:00+00:00,1.0142675023,1.0156540586
2023-08-04 12:30:00+00:00,1.0178429110,1.0156540586
2023-08-04 13:00:00+00:00,1.0208996075,1.0156540586
2023-08-04 13:30:00+00:00,1.0200474375,1.0156540586
2023-08-04 14:00:00+00:00,1.0204735225,1.0156540586
2023-08-04 14:30:00+00:00,1.0210663364,1.0156540586
2023-08-04 15:00:00+00:00,1.0222797523,1.0156540586
2023-08-04 15:30:00+00:00,1.0221130234,1.0156540586
2023-08-04 16:00:00+00:00,1.0223816422,1.0156540586
2023-08-04 16:30:00+00:00,1.0220389217,1.0156540586
2023-08-04 17:00:00+00:00,1.0219555572,1.0156540586
2023-08-04 17:30:00+00:00,1.0215387350,1.0156540586
2023-08-07 06:00:00+00:00,1.0208132632,1.0156540586
2023-08-07 06:30:00+00:00,1.0212690083,1.0156540586
2023-08-07 07:00:00+00:00,1.0220130819,1.0156540586
2023-08-07 07:30:00+00:00,1.0224223224,1.0156540586
2023-08-07 08:00:00+00:00,1.0214085221,1.0156540586
2023-08-07 08:30:00+00:00,1.0207388559,1.0156540586
2023-08-07 09:00:00+00:00,1.0206830503,1.0156540586
2023-08-07 09:30:00+00:00,1.0199761803,1.0156540586
2023-08-07 10:00:00+00:00,1.0203947218,1.0156540586
2023-08-07 10:30:00+00:00,1.0205900411,1.0156540586
2023-08-07 11:00:00+00:00,1.0212969111,1.0156540586
2023-08-07 11:30:00+00:00,1.0216224434,1.0156540586
2023-08-07 12:00:00+00:00,1.0218270636,1.0156540586
2023-08-07 12:30:00+00:00,1.0226920492,1.0156540586
2023-08-07 13:00:00+00:00,1.0233431137,1.0156540586
2023-08-07 13:30:00+00:00,1.0224502253,1.0156540586
2023-08-07 14:00:00+00:00,1.0232873082,1.0156540586
2023-08-07 14:30:00+00:00,1.0232780072,1.0156540586
2023-08-07 15:00:00+00:00,1.0231198916,1.0156540586
2023-08-07 15:30:00+00:00,1.0230082805,1.0156540586
2023-08-07 16:00:00+00:00,1.0229152713,1.0156540586
2023-08-07 16:30:00+00:00,1.0231756971,1.0154657045
2023-08-07 17:00:00+00:00,1.0227199520,1.0159044659
2023-08-07 17:30:00+00:00,1.0236593450,1.0148955201
2023-08-08 06:00:00+00:00,1.0237524117,1.0147896792
2023-08-08 06:30:00+00:00,1.0235104382,1.0147412477
2023-08-08 07:00:00+00:00,1.0220958243,1.0147412477
2023-08-08 07:30:00+00:00,1.0217887041,1.0147412477
2023-08-08 08:00:00+00:00,1.0218724642,1.0147412477
2023-08-08 08:30:00+00:00,1.0223843311,1.0147412477
2023-08-08 09:00:00+00:00,1.0214629707,1.0147412477
2023-08-08 09:30:00+00:00,1.0210162505,1.0147412477
2023-08-08 10:00:00+00:00,1.0204206236,1.0147412477
2023-08-08 10:30:00+00:00,1.0194155031,1.0152264616
2023-08-08 11:00:00+00:00,1.0188943296,1.0157271161
2023-08-08 11:30:00+00:00,1.0182893960,1.0163702830
2023-08-08 12:00:00+00:00,1.0183173160,1.0163405810
2023-08-08 12:30:00+00:00,1.0184476094,1.0162019939
2023-08-08 13:00:00+00:00,1.0188571029,1.0157666728
2023-08-08 13:30:00+00:00,1.0179822758,1.0166971160
2023-08-08 14:00:00+00:00,1.0185872094,1.0160535483
2023-08-08 14:30:00+00:00,1.0186802761,1.0159546080
2023-08-08 15:00:00+00:00,1.0190804630,1.0155293773
2023-08-08 15:30:00+00:00,1.0190990763,1.0155096075
2023-08-08 16:00:00+00:00,1.0195644099,1.0150156054
2023-08-08 16:30:00+00:00,1.0189222496,1.0156974505
2023-08-08 17:00:00+00:00,1.0193503565,1.0152427885
2023-08-08 17:30:00+00:00,1.0199832101,1.0145714015
2023-08-09 06:00:00+00:00,1.0195000171,1.0147749219
2023-08-09 06:30:00+00:00,1.0196301075,1.0146347128
2023-08-09 07:00:00+00:00,1.0196486919,1.0145822042
2023-08-09 07:30:00+00:00,1.0206801230,1.0133695249
2023-08-09 08:00:00+00:00,1.0201225926,1.0140246949
2023-08-09 08:30:00+00:00,1.0206336621,1.0134240926
2023-08-09 09:00:00+00:00,1.0204664030,1.0136205811
2023-08-09 09:30:00+00:00,1.0201597613,1.0139809926
2023-08-09 10:00:00+00:00,1.0200296709,1.0141339659
2023-08-09 10:30:00+00:00,1.0199553335,1.0142213983
2023-08-09 11:00:00+00:00,1.0197137370,1.0145056498
2023-08-09 11:30:00+00:00,1.0193513423,1.0149323029
2023-08-09 12:00:00+00:00,1.0192955893,1.0149979712
2023-08-09 12:30:00+00:00,1.0204385265,1.0136533360
2023-08-09 13:00:00+00:00,1.0206243700,1.0134350068
2023-08-09 13:30:00+00:00,1.0202991439,1.0138171398
2023-08-09 14:00:00+00:00,1.0204849874,1.0135987455
2023-08-09 14:30:00+00:00,1.0205500326,1.0135223280
2023-08-09 15:00:00+00:00,1.0201504692,1.0139919178
2023-08-09 15:30:00+00:00,1.0197416136,1.0144728441
2023-08-09 16:00:00+00:00,1.0200575474,1.0141011823
2023-08-09 16:30:00+00:00,1.0201318848,1.0140137690
2023-08-09 17:00:00+00:00,1.0200575474,1.0141011823
2023-08-09 17:30:00+00:00,1.0202619752,1.0138608291
2023-08-10 06:00:00+00:00,1.0209771143,1.0133851409
2023-08-10 06:30:00+00:00,1.0211071396,1.0132292376
2023-08-10 07:00:00+00:00,1.0226210055,1.0112386923
2023-08-10 07:30:00+00:00,1.0224073925,1.0115144354
2023-08-10 08:00:00+00:00,1.0237262204,1.0106058685
2023-08-10 08:30:00+00:00,1.0233547196,1.0109316346
2023-08-10 09:00:00+00:00,1.0235218950,1.0106956837
2023-08-10 09:30:00+00:00,1.0235590451,1.0106493102
2023-08-10 10:00:00+00:00,1.0237262204,1.0104406765
2023-08-10 10:30:00+00:00,1.0242091715,1.0098383901
2023-08-10 11:00:00+00:00,1.0239862710,1.0101162885
2023-08-10 11:30:00+00:00,1.0231782567,1.0111248195
2023-08-10 12:00:00+00:00,1.0248407229,1.0090517543
2023-08-10 12:30:00+00:00,1.0255094244,1.0085739849
2023-08-10 13:00:00+00:00,1.0231225317,1.0110014661
2023-08-10 13:30:00+00:00,1.0253050989,1.0098264542
2023-08-10 14:00:00+00:00,1.0242648966,1.0097798790
2023-08-10 14:30:00+00:00,1.0233640071,1.0097798790
2023-08-10 15:00:00+00:00,1.0233547196,1.0097798790
2023-08-10 15:30:00+00:00,1.0230482314,1.0097798790
2023-08-10 16:00:00+00:00,1.0226860182,1.0097798790
2023-08-10 16:30:00+00:00,1.0228717686,1.0097798790
2023-08-10 17:00:00+00:00,1.0211164272,1.0097798790
2023-08-10 17:30:00+00:00,1.0197883119,1.0097798790
2023-08-11 06:00:00+00:00,1.0201593767,1.0097798790
2023-08-11 06:30:00+00:00,1.0196120561,1.0097798790
2023-08-11 07:00:00+00:00,1.0200480573,1.0097798790
2023-08-11 07:30:00+00:00,1.0197419288,1.0097798790
2023-08-11 08:00:00+00:00,1.0200758872,1.0097798790
2023-08-11 08:30:00+00:00,1.0203912923,1.0097798790
2023-08-11 09:00:00+00:00,1.0191667782,1.0097798790
2023-08-11 09:30:00+00:00,1.0183133289,1.0097798790
2023-08-11 10:00:00+00:00,1.0196677158,1.0097798790
2023-08-11 10:30:00+00:00,1.0197975885,1.0097798790
2023-08-11 11:00:00+00:00,1.0198718015,1.0097798790
2023-08-11 11:30:00+00:00,1.0201872066,1.0097798790
2023-08-11 12:00:00+00:00,1.0206232078,1.0097798790
2023-08-11 12:30:00+00:00,1.0174784330,1.0097798790
2023-08-11 13:00:00+00:00,1.0171630279,1.0097798790
2023-08-11 13:30:00+00:00,1.0169774955,1.0097798790
2023-08-11 14:00:00+00:00,1.0182576693,1.0097798790
2023-08-11 14:30:00+00:00,1.0178494979,1.0097798790
2023-08-11 15:00:00+00:00,1.0166435371,1.0097798790
2023-08-11 15:30:00+00:00,1.0163652384,1.0097798790
2023-08-11 16:00:00+00:00,1.0167363033,1.0097798790
2023-08-11 16:30:00+00:00,1.0154654060,1.0097798790
2023-08-11 17:00:00+00:00,1.0161333228,1.0097798790
2023-08-11 17:30:00+00:00,1.0153262567,1.0097798790
2023-08-14 06:00:00+00:00,1.0152798410,1.0097798790
2023-08-14 06:30:00+00:00,1.0148528160,1.0097798790
2023-08-14 07:00:00+00:00,1.0160317764,1.0097798790
2023-08-14 07:30:00+00:00,1.0167094465,1.0097798790
2023-08-14 08:00:00+00:00,1.0168951096,1.0097798790
2023-08-14 08:30:00+00:00,1.0161524573,1.0097798790
2023-08-14 09:00:00+00:00,1.0164123856,1.0097798790
2023-08-14 09:30:00+00:00,1.0164773677,1.0097798790
2023-08-14 10:00:00+00:00,1.0163381204,1.0097798790
2023-08-14 10:30:00+00:00,1.0160410595,1.0097798790
2023-08-14 11:00:00+00:00,1.0155397693,1.0097798790
2023-08-14 11:30:00+00:00,1.0155026367,1.0097798790
2023-08-14 12:00:00+00:00,1.0138873681,1.0097798790
2023-08-14 12:30:00+00:00,1.0123927805,1.0097798790
2023-08-14 13:00:00+00:00,1.0106661141,1.0097798790
2023-08-14 13:30:00+00:00,1.0101555407,1.0097798790
2023-08-14 14:00:00+00:00,1.0114737484,1.0097798790
2023-08-14 14:30:00+00:00,1.0121607017,1.0097798790
2023-08-14 15:00:00+00:00,1.0137109882,1.0097798790
2023-08-14 15:30:00+00:00,1.0137945366,1.0097798790
2023-08-14 16:00:00+00:00,1.0145371887,1.0097798790
2023-08-14 16:30:00+00:00,1.0144907730,1.0097798790
2023-08-14 17:00:00+00:00,1.0139616333,1.0097798790
2023-08-14 17:30:00+00:00,1.0134696262,1.0097798790
2023-08-15 06:00:00+00:00,1.0142405092,1.0097798790
2023-08-15 06:30:00+00:00,1.0145562926,1.0097798790
2023-08-15 07:00:00+00:00,1.0141847827,1.0097798790
2023-08-15 07:30:00+00:00,1.0145377171,1.0097798790
2023-08-15 08:00:00+00:00,1.0142590846,1.0097798790
2023-08-15 08:30:00+00:00,1.0149835289,1.0097798790
2023-08-15 09:00:00+00:00,1.0149556656,1.0097798790
2023-08-15 09:30:00+00:00,1.0161166340,1.0097798790
2023-08-15 10:00:00+00:00,1.0156522466,1.0097798790
2023-08-15 10:30:00+00:00,1.0156058079,1.0097798790
2023-08-15 11:00:00+00:00,1.0155965201,1.0097798790
2023-08-15 11:30:00+00:00,1.0150856941,1.0097798790
2023-08-15 12:00:00+00:00,1.0145191415,1.0097798790
2023-08-15 12:30:00+00:00,1.0143891131,1.0097798790
2023-08-15 13:00:00+00:00,1.0161816482,1.0097798790
2023-08-15 13:30:00+00:00,1.0160980585,1.0097798790
2023-08-15 14:00:00+00:00,1.0154664917,1.0097798790
2023-08-15 14:30:00+00:00,1.0161723605,1.0097798790
2023-08-15 15:00:00+00:00,1.0148906514,1.0097798790
2023-08-15 15:30:00+00:00,1.0148720759,1.0097798790
2023-08-15 16:00:00+00:00,1.0142776601,1.0097798790
2023-08-15 16:30:00+00:00,1.0140361787,1.0097798790
2023-08-15 17:00:00+00:00,1.0142869478,1.0097798790
2023-08-15 17:30:00+00:00,1.0139990277,1.0097798790
2023-08-16 06:00:00+00:00,1.0150300998,1.0097798790
2023-08-16 06:30:00+00:00,1.0142962737,1.0097798790
2023-08-16 07:00:00+00:00,1.0142776958,1.0097798790
2023-08-16 07:30:00+00:00,1.0146678312,1.0097798790
2023-08-16 08:00:00+00:00,1.0152251675,1.0097798790
2023-08-16 08:30:00+00:00,1.0151137002,1.0097798790
2023-08-16 09:00:00+00:00,1.0150951224,1.0097798790
2023-08-16 09:30:00+00:00,1.0149464994,1.0097798790
2023-08-16 10:00:00+00:00,1.0145192082,1.0097798790
2023-08-16 10:30:00+00:00,1.0141940954,1.0097798790
2023-08-16 11:00:00+00:00,1.0140826282,1.0097798790
2023-08-16 11:30:00+00:00,1.0137203596,1.0097798790
2023-08-16 12:00:00+00:00,1.0132652016,1.0097798790
2023-08-16 12:30:00+00:00,1.0127171543,1.0097798790
2023-08-16 13:00:00+00:00,1.0132837796,1.0097798790
2023-08-16 13:30:00+00:00,1.0133116464,1.0097798790
2023-08-16 14:00:00+00:00,1.0139247163,1.0097798790
2023-08-16 14:30:00+00:00,1.0131258676,1.0097798790
2023-08-16 15:00:00+00:00,1.0131444455,1.0097798790
2023-08-16 15:30:00+00:00,1.0127728880,1.0097798790
2023-08-16 16:00:00+00:00,1.0114724368,1.0097798790
2023-08-16 16:30:00+00:00,1.0112680801,1.0097798790
2023-08-16 17:00:00+00:00,1.0111380350,1.0097798790
2023-08-16 17:30:00+00:00,1.0117139492,1.0097798790
2023-08-17 06:00:00+00:00,1.0120954260,1.0097798790
2023-08-17 06:30:00+00:00,1.0126443806,1.0097798790
2023-08-17 07:00:00+00:00,1.0124582943,1.0097798790
2023-08-17 07:30:00+00:00,1.0123652512,1.0097798790
2023-08-17 08:00:00+00:00,1.0119465570,1.0097798790
2023-08-17 08:30:00+00:00,1.0116674276,1.0097798790
2023-08-17 09:00:00+00:00,1.0111836032,1.0100203211
2023-08-17 09:30:00+00:00,1.0117511664,1.0092635759
2023-08-17 10:00:00+00:00,1.0124396857,1.0084141950
2023-08-17 10:30:00+00:00,1.0126629893,1.0081389976
2023-08-17 11:00:00+00:00,1.0126350763,1.0081733898
2023-08-17 11:30:00+00:00,1.0136678552,1.0074765273
2023-08-17 12:00:00+00:00,1.0140958536,1.0070410282
2023-08-17 12:30:00+00:00,1.0147657643,1.0061848514
2023-08-17 13:00:00+00:00,1.0151193283,1.0057489783
2023-08-17 13:30:00+00:00,1.0141330709,1.0069656859
2023-08-17 14:00:00+00:00,1.0131189006,1.0078766815
2023-08-17 14:30:00+00:00,1.0131933352,1.0078042206
2023-08-17 15:00:00+00:00,1.0117325577,1.0087089024
2023-08-17 15:30:00+00:00,1.0117232534,1.0087146715
2023-08-17 16:00:00+00:00,1.0130072488,1.0079193491
2023-08-17 16:30:00+00:00,1.0121233389,1.0084666782
2023-08-17 17:00:00+00:00,1.0113603852,1.0089397333
2023-08-17 17:30:00+00:00,1.0105602141,1.0094364865
2023-08-18 06:00:00+00:00,1.0104766445,1.0094359765
2023-08-18 06:30:00+00:00,1.0095202374,1.0101716263
2023-08-18 07:00:00+00:00,1.0098730866,1.0096502169
2023-08-18 07:30:00+00:00,1.0096316635,1.0099722355
2023-08-18 08:00:00+00:00,1.0094830954,1.0101704902
2023-08-18 08:30:00+00:00,1.0091116751,1.0106664248
2023-08-18 09:00:00+00:00,1.0091581027,1.0106044096
2023-08-18 09:30:00+00:00,1.0092045302,1.0105424012
2023-08-18 10:00:00+00:00,1.0098730866,1.0096502169
2023-08-18 10:30:00+00:00,1.0086938274,1.0108025100
2023-08-18 11:00:00+00:00,1.0085545448,1.0108655834
2023-08-18 11:30:00+00:00,1.0086845419,1.0107787019
2023-08-18 12:00:00+00:00,1.0077188492,1.0114245540
2023-08-18 12:30:00+00:00,1.0079974144,1.0112381446
2023-08-18 13:00:00+00:00,1.0084431187,1.0110575190
2023-08-18 13:30:00+00:00,1.0094088113,1.0110275179
2023-08-18 14:00:00+00:00,1.0100030837,1.0110275179
2023-08-18 14:30:00+00:00,1.0095388084,1.0110275179
2023-08-18 15:00:00+00:00,1.0097059475,1.0108345427
2023-08-18 15:30:00+00:00,1.0097430896,1.0107078406
2023-08-18 16:00:00+00:00,1.0096688055,1.0108193834
2023-08-18 16:30:00+00:00,1.0096316635,1.0108751625
2023-08-18 17:00:00+00:00,1.0095388084,1.0110146327
2023-08-18 17:30:00+00:00,1.0102073649,1.0100111627
2023-08-21 06:00:00+00:00,1.0100681092,1.0100482239
2023-08-21 06:30:00+00:00,1.0098453000,1.0102617564
2023-08-21 07:00:00+00:00,1.0107179692,1.0089199945
2023-08-21 07:30:00+00:00,1.0108665086,1.0086976225
2023-08-21 08:00:00+00:00,1.0103559043,1.0094623685
2023-08-21 08:30:00+00:00,1.0106251320,1.0090590184
2023-08-21 09:00:00+00:00,1.0113863966,1.0084256050
2023-08-21 09:30:00+00:00,1.0120641077,1.0076306659
2023-08-21 10:00:00+00:00,1.0113863966,1.0086082874
2023-08-21 10:30:00+00:00,1.0118320149,1.0079420630
2023-08-21 11:00:00+00:00,1.0129274932,1.0070538999
2023-08-21 11:30:00+00:00,1.0127975212,1.0071657708
2023-08-21 12:00:00+00:00,1.0118877172,1.0079987898
2023-08-21 12:30:00+00:00,1.0117948800,1.0080513684
2023-08-21 13:00:00+00:00,1.0112564246,1.0084539033
2023-08-21 13:30:00+00:00,1.0107551040,1.0088290144
2023-08-21 14:00:00+00:00,1.0103187695,1.0091557652
2023-08-21 14:30:00+00:00,1.0107551040,1.0088290144
2023-08-21 15:00:00+00:00,1.0106622669,1.0088985152
2023-08-21 15:30:00+00:00,1.0108015226,1.0087942682
2023-08-21 16:00:00+00:00,1.0117298940,1.0080999303
2023-08-21 16:30:00+00:00,1.0120919589,1.0079311133
2023-08-21 17:00:00+00:00,1.0121105263,1.0078660372
2023-08-21 17:30:00+00:00,1.0118505823,1.0082040746
2023-08-22 06:00:00+00:00,1.0131495396,1.0071674648
2023-08-22 06:30:00+00:00,1.0129918090,1.0073086591
2023-08-22 07:00:00+00:00,1.0137062355,1.0062105209
2023-08-22 07:30:00+00:00,1.0137062355,1.0062105209
2023-08-22 08:00:00+00:00,1.0129454177,1.0073443726
2023-08-22 08:30:00+00:00,1.0122588260,1.0080795223
2023-08-22 09:00:00+00:00,1.0112753298,1.0087811269
2023-08-22 09:30:00+00:00,1.0119619215,1.0082677581
2023-08-22 10:00:00+00:00,1.0103196684,1.0094966969
2023-08-22 10:30:00+00:00,1.0101062683,1.0096566461
2023-08-22 11:00:00+00:00,1.0098279203,1.0098653645
2023-08-22 11:30:00+00:00,1.0099299812,1.0097888228
2023-08-22 12:00:00+00:00,1.0100691552,1.0096844694
2023-08-22 12:30:00+00:00,1.0081856673,1.0110988553
2023-08-22 13:00:00+00:00,1.0074897973,1.0116225822
2023-08-22 13:30:00+00:00,1.0061537270,1.0126299143
2023-08-22 14:00:00+00:00,1.0059310486,1.0126801031
2023-08-22 14:30:00+00:00,1.0068032057,1.0126480109
2023-08-22 15:00:00+00:00,1.0066176403,1.0126480109
2023-08-22 15:30:00+00:00,1.0062743445,1.0126480109
2023-08-22 16:00:00+00:00,1.0065063012,1.0126480109
2023-08-22 16:30:00+00:00,1.0066547534,1.0126480109
2023-08-22 17:00:00+00:00,1.0070722754,1.0126480109
2023-08-22 17:30:00+00:00,1.0069331014,1.0126480109
2023-08-23 06:00:00+00:00,1.0062563928,1.0126480109
2023-08-23 06:30:00+00:00,1.0068496716,1.0126480109
2023-08-23 07:00:00+00:00,1.0074151404,1.0126480109
2023-08-23 07:30:00+00:00,1.0028264998,1.0126480109
2023-08-23 08:00:00+00:00,1.0037164179,1.0131079691
2023-08-23 08:30:00+00:00,1.0029191996,1.0128516432
2023-08-23 09:00:00+00:00,1.0027894198,1.0128244012
2023-08-23 09:30:00+00:00,1.0020849013,1.0128244012
2023-08-23 10:00:00+00:00,1.0019087717,1.0128244012
2023-08-23 10:30:00+00:00,1.0018624218,1.0128244012
2023-08-23 11:00:00+00:00,1.0020941713,1.0128244012
2023-08-23 11:30:00+00:00,1.0021961411,1.0128244012
2023-08-23 12:00:00+00:00,1.0016955622,1.0128244012
2023-08-23 12:30:00+00:00,1.0015565125,1.0128244012
2023-08-23 13:00:00+00:00,1.0037905779,1.0128244012
2023-08-23 13:30:00+00:00,1.0047083059,1.0128244012
2023-08-23 14:00:00+00:00,1.0057558137,1.0128244012
2023-08-23 14:30:00+00:00,1.0053942845,1.0128244012
2023-08-23 15:00:00+00:00,1.0060524531,1.0128244012
2023-08-23 15:30:00+00:00,1.0068496714,1.0128244012
2023-08-23 16:00:00+00:00,1.0074058703,1.0128244012
2023-08-23 16:30:00+00:00,1.0069979911,1.0128244012
2023-08-23 17:00:00+00:00,1.0073224404,1.0128244012
2023-08-23 17:30:00+00:00,1.0071463108,1.0128244012
2023-08-24 06:00:00+00:00,1.0062661730,1.0128244012
2023-08-24 06:30:00+00:00,1.0058492657,1.0128244012
2023-08-24 07:00:00+00:00,1.0058585303,1.0128244012
2023-08-24 07:30:00+00:00,1.0057844134,1.0128244012
2023-08-24 08:00:00+00:00,1.0064144068,1.0128244012
2023-08-24 08:30:00+00:00,1.0063217607,1.0128244012
2023-08-24 09:00:00+00:00,1.0058770595,1.0128244012
2023-08-24 09:30:00+00:00,1.0050617739,1.0128244012
2023-08-24 10:00:00+00:00,1.0055991212,1.0128244012
2023-08-24 10:30:00+00:00,1.0056547089,1.0128244012
2023-08-24 11:00:00+00:00,1.0055527982,1.0128244012
2023-08-24 11:30:00+00:00,1.0044781036,1.0128244012
2023-08-24 12:00:00+00:00,1.0045985435,1.0128244012
2023-08-24 12:30:00+00:00,1.0025232713,1.0128244012
2023-08-24 13:00:00+00:00,1.0032459107,1.0128244012
2023-08-24 13:30:00+00:00,1.0044873682,1.0128244012
2023-08-24 14:00:00+00:00,1.0042279592,1.0128244012
2023-08-24 14:30:00+00:00,1.0042186946,1.0128244012
2023-08-24 15:00:00+00:00,1.0034126736,1.0128244012
2023-08-24 15:30:00+00:00,1.0029494432,1.0128244012
2023-08-24 16:00:00+00:00,1.0029679724,1.0128244012
2023-08-24 16:30:00+00:00,1.0025603296,1.0128244012
2023-08-24 17:00:00+00:00,1.0025047420,1.0128244012
2023-08-24 17:30:00+00:00,1.0020415116,1.0128244012
2023-08-25 06:00:00+00:00,1.0020415116,1.0128244012
2023-08-25 06:30:00+00:00,1.0011871454,1.0128244012
2023-08-25 07:00:00+00:00,1.0015957553,1.0130023394
2023-08-25 07:30:00+00:00,1.0003049194,1.0115045327
2023-08-25 08:00:00+00:00,1.0009456940,1.0122193045
2023-08-25 08:30:00+00:00,1.0016886211,1.0130480845
2023-08-25 09:00:00+00:00,1.0020879444,1.0132181986
2023-08-25 09:30:00+00:00,1.0020229383,1.0131630000
2023-08-25 10:00:00+00:00,1.0026172800,1.0131630000
2023-08-25 10:30:00+00:00,1.0032209083,1.0131630000
2023-08-25 11:00:00+00:00,1.0034159266,1.0131630000
2023-08-25 11:30:00+00:00,1.0032209083,1.0131630000
2023-08-25 12:00:00+00:00,1.0038059634,1.0131630000
2023-08-25 12:30:00+00:00,1.0041402806,1.0131630000
2023-08-25 13:00:00+00:00,1.0033787803,1.0131630000
2023-08-25 13:30:00+00:00,1.0037130975,1.0131630000
2023-08-25 14:00:00+00:00,1.0020600847,1.0131630000
2023-08-25 14:30:00+00:00,1.0003327792,1.0131630000
2023-08-25 15:00:00+00:00,1.0016143284,1.0131630000
2023-08-25 15:30:00+00:00,1.0016886212,1.0131630000
2023-08-25 16:00:00+00:00,1.0026729996,1.0131630000
2023-08-25 16:30:00+00:00,1.0025987069,1.0131630000
2023-08-25 17:00:00+00:00,1.0028773046,1.0131630000
2023-08-25 17:30:00+00:00,1.0028587314,1.0131630000
2023-08-28 06:00:00+00:00,1.0032854719,1.0131630000
2023-08-28 06:30:00+00:00,1.0034060725,1.0131630000
2023-08-28 07:00:00+00:00,1.0032854719,1.0131630000
2023-08-28 07:30:00+00:00,1.0027288539,1.0131630000
2023-08-28 08:00:00+00:00,1.0022464516,1.0131630000
2023-08-28 08:30:00+00:00,1.0019774195,1.0131630000
2023-08-28 09:00:00+00:00,1.0021536819,1.0131630000
2023-08-28 09:30:00+00:00,1.0026360842,1.0131630000
2023-08-28 10:00:00+00:00,1.0033782416,1.0131630000
2023-08-28 10:30:00+00:00,1.0030071629,1.0131630000
2023-08-28 11:00:00+00:00,1.0026175303,1.0131630000
2023-08-28 11:30:00+00:00,1.0023299443,1.0131630000
2023-08-28 12:00:00+00:00,1.0025062067,1.0131630000
2023-08-28 12:30:00+00:00,1.0028587314,1.0131630000
2023-08-28 13:00:00+00:00,1.0024227140,1.0131630000
2023-08-28 13:30:00+00:00,1.0025896994,1.0131630000
2023-08-28 14:00:00+00:00,1.0026360842,1.0131630000
2023-08-28 14:30:00+00:00,1.0024319909,1.0131630000
2023-08-28 15:00:00+00:00,1.0023763291,1.0131630000
2023-08-28 15:30:00+00:00,1.0027474078,1.0131630000
2023-08-28 16:00:00+00:00,1.0024876527,1.0131630000
2023-08-28 16:30:00+00:00,1.0026082533,1.0131630000
2023-08-28 17:00:00+00:00,1.0028401775,1.0131630000
2023-08-28 17:30:00+00:00,1.0027103000,1.0131630000
2023-08-29 06:00:00+00:00,1.0023582052,1.0131630000
2023-08-29 06:30:00+00:00,1.0015057652,1.0131630000
2023-08-29 07:00:00+00:00,1.0029048786,1.0131630000
2023-08-29 07:30:00+00:00,1.0025805808,1.0131630000
2023-08-29 08:00:00+00:00,1.0016447500,1.0131630000
2023-08-29 08:30:00+00:00,1.0016354843,1.0131070198
2023-08-29 09:00:00+00:00,1.0014409057,1.0133128106
2023-08-29 09:30:00+00:00,1.0019412508,1.0126149956
2023-08-29 10:00:00+00:00,1.0016076874,1.0130801134
2023-08-29 10:30:00+00:00,1.0013019209,1.0135067953
2023-08-29 11:00:00+00:00,1.0012833896,1.0134572483
2023-08-29 11:30:00+00:00,1.0010795452,1.0133882926
2023-08-29 12:00:00+00:00,0.9996619005,1.0133882926
2023-08-29 12:30:00+00:00,0.9999954639,1.0133882926
2023-08-29 13:00:00+00:00,0.9992449461,1.0133882926
2023-08-29 13:30:00+00:00,1.0010424826,1.0133882926
2023-08-29 14:00:00+00:00,1.0049340563,1.0133882926
2023-08-29 14:30:00+00:00,1.0032847703,1.0133882926
2023-08-29 15:00:00+00:00,1.0049525876,1.0133882926
2023-08-29 15:30:00+00:00,1.0053324793,1.0133882926
2023-08-29 16:00:00+00:00,1.0053417450,1.0133882926
2023-08-29 16:30:00+00:00,1.0065277484,1.0133882926
2023-08-29 17:00:00+00:00,1.0071022188,1.0133882926
2023-08-29 17:30:00+00:00,1.0074913761,1.0133882926
2023-08-30 06:00:00+00:00,1.0080847490,1.0133882926
2023-08-30 06:30:00+00:00,1.0077417053,1.0133882926
2023-08-30 07:00:00+00:00,1.0070741609,1.0133882926
2023-08-30 07:30:00+00:00,1.0073244901,1.0133882926
2023-08-30 08:00:00+00:00,1.0069907179,1.0133882926
2023-08-30 08:30:00+00:00,1.0075655478,1.0133882926
2023-08-30 09:00:00+00:00,1.0094569236,1.0133882926
2023-08-30 09:30:00+00:00,1.0095589096,1.0133882926
2023-08-30 10:00:00+00:00,1.0091509658,1.0133882926
2023-08-30 10:30:00+00:00,1.0097165242,1.0133882926
2023-08-30 11:00:00+00:00,1.0093085804,1.0133882926
2023-08-30 11:30:00+00:00,1.0086410360,1.0133882926
2023-08-30 12:00:00+00:00,1.0100317536,1.0133882926
2023-08-30 12:30:00+00:00,1.0125535878,1.0133882926
2023-08-30 13:00:00+00:00,1.0130727891,1.0133882926
2023-08-30 13:30:00+00:00,1.0147601930,1.0133882926
2023-08-30 14:00:00+00:00,1.0142966205,1.0133882926
2023-08-30 14:30:00+00:00,1.0132582181,1.0133882926
2023-08-30 15:00:00+00:00,1.0136290761,1.0133882926
2023-08-30 15:30:00+00:00,1.0129800746,1.0133882926
2023-08-30 16:00:00+00:00,1.0128131885,1.0133882926
2023-08-30 16:30:00+00:00,1.0129800746,1.0133882926
2023-08-30 17:00:00+00:00,1.0133880184,1.0133882926
2023-08-30 17:30:00+00:00,1.0124608734,1.0133882926
2023-08-31 06:00:00+00:00,1.0120343007,1.0133882926
2023-08-31 06:30:00+00:00,1.0114593550,1.0133882926
2023-08-31 07:00:00+00:00,1.0105320232,1.0133882926
2023-08-31 07:30:00+00:00,1.0101239972,1.0133882926
2023-08-31 08:00:00+00:00,1.0095675981,1.0133882926
2023-08-31 08:30:00+00:00,1.0087700927,1.0133882926
2023-08-31 09:00:00+00:00,1.0083249735,1.0133882926
2023-08-31 09:30:00+00:00,1.0084084333,1.0133882926
2023-08-31 10:00:00+00:00,1.0080096807,1.0133882926
2023-08-31 10:30:00+00:00,1.0083064268,1.0133882926
2023-08-31 11:00:00+00:00,1.0077500278,1.0133882926
2023-08-31 11:30:00+00:00,1.0078427610,1.0133882926
2023-08-31 12:00:00+00:00,1.0086031731,1.0133882926
2023-08-31 12:30:00+00:00,1.0084177067,1.0133882926
2023-08-31 13:00:00+00:00,1.0071658088,1.0133882926
2023-08-31 13:30:00+00:00,1.0060993772,1.0133882926
2023-08-31 14:00:00+00:00,1.0064610366,1.0133882926
2023-08-31 14:30:00+00:00,1.0066186831,1.0133882926
2023-08-31 15:00:00+00:00,1.0060066440,1.0133882926
2023-08-31 15:30:00+00:00,1.0050978588,1.0133882926
2023-08-31 16:00:00+00:00,1.0049309391,1.0133882926
2023-08-31 16:30:00+00:00,1.0051071322,1.0133882926
2023-08-31 17:00:00+00:00,1.0055800714,1.0133882926
2023-08-31 17:30:00+00:00,1.0060530106,1.0133882926
2023-09-01 06:00:00+00:00,1.0045781452,1.0133882926
2023-09-01 06:30:00+00:00,1.0063962183,1.0133882926
2023-09-01 07:00:00+00:00,1.0067672536,1.0133882926
2023-09-01 07:30:00+00:00,1.0069898748,1.0133882926
2023-09-01 08:00:00+00:00,1.0064333218,1.0133882926
2023-09-01 08:30:00+00:00,1.0063034594,1.0133882926
2023-09-01 09:00:00+00:00,1.0068321848,1.0133882926
2023-09-01 09:30:00+00:00,1.0063776665,1.0133882926
2023-09-01 10:00:00+00:00,1.0059509759,1.0133882926
2023-09-01 10:30:00+00:00,1.0060622865,1.0133882926
2023-09-01 11:00:00+00:00,1.0063220112,1.0133882926
2023-09-01 11:30:00+00:00,1.0048749735,1.0133882926
2023-09-01 12:00:00+00:00,1.0058303894,1.0133882926
2023-09-01 12:30:00+00:00,1.0077319455,1.0133882926
2023-09-01 13:00:00+00:00,1.0087244651,1.0133882926
2023-09-01 13:30:00+00:00,1.0067672537,1.0133882926
2023-09-01 14:00:00+00:00,1.0032424181,1.0133882926
2023-09-01 14:30:00+00:00,1.0025745545,1.0133882926
2023-09-01 15:00:00+00:00,1.0011553444,1.0133882926
2023-09-01 15:30:00+00:00,1.0005524119,1.0133882926
2023-09-01 16:00:00+00:00,1.0003205149,1.0133882926
2023-09-01 16:30:00+00:00,1.0003205149,1.0133882926
2023-09-01 17:00:00+00:00,1.0006637225,1.0133882926
2023-09-01 17:30:00+00:00,1.0003483425,1.0133882926
2023-09-04 06:00:00+00:00,1.0006914707,1.0133882926
2023-09-04 06:30:00+00:00,1.0006358283,1.0133882926
2023-09-04 07:00:00+00:00,1.0020361620,1.0133882926
2023-09-04 07:30:00+00:00,1.0011180623,1.0133882926
2023-09-04 08:00:00+00:00,1.0009511351,1.0133882926
2023-09-04 08:30:00+00:00,1.0013777269,1.0133882926
2023-09-04 09:00:00+00:00,1.0013777269,1.0133882926
2023-09-04 09:30:00+00:00,1.0010624200,1.0133882926
2023-09-04 10:00:00+00:00,1.0017672237,1.0133882926
2023-09-04 10:30:00+00:00,1.0020176145,1.0133882926
2023-09-04 11:00:00+00:00,1.0021474467,1.0133882926
2023-09-04 11:30:00+00:00,1.0015817490,1.0133882926
2023-09-04 12:00:00+00:00,1.0014519167,1.0133882926
2023-09-04 12:30:00+00:00,1.0013128107,1.0133882926
2023-09-04 13:00:00+00:00,1.0017394025,1.0133882926
2023-09-04 13:30:00+00:00,1.0011829785,1.0133882926
2023-09-04 14:00:00+00:00,1.0007100181,1.0133882926
2023-09-04 14:30:00+00:00,1.0001350466,1.0133882926
2023-09-04 15:00:00+00:00,1.0006729231,1.0133882926
2023-09-04 15:30:00+00:00,1.0014704642,1.0133882926
2023-09-04 16:00:00+00:00,1.0010995149,1.0133882926
2023-09-04 16:30:00+00:00,1.0009882301,1.0133882926
2023-09-04 17:00:00+00:00,1.0010995149,1.0133882926
2023-09-04 17:30:00+00:00,1.0011087886,1.0133882926
2023-09-05 06:00:00+00:00,0.9994195452,1.0133882926
2023-09-05 06:30:00+00:00,0.9993081665,1.0133882926
2023-09-05 07:00:00+00:00,0.9988626517,1.0133882926
2023-09-05 07:30:00+00:00,0.9983707292,1.0133882926
2023-09-05 08:00:00+00:00,0.9970434665,1.0133882926
2023-09-05 08:30:00+00:00,0.9976096415,1.0133882926
2023-09-05 09:00:00+00:00,0.9976746124,1.0133882926
2023-09-05 09:30:00+00:00,0.9976189231,1.0133882926
2023-09-05 10:00:00+00:00,0.9973961657,1.0133882926
2023-09-05 10:30:00+00:00,0.9967835829,1.0133882926
2023-09-05 11:00:00+00:00,0.9962081264,1.0133882926
2023-09-05 11:30:00+00:00,0.9961524370,1.0133882926
2023-09-05 12:00:00+00:00,0.9953727862,1.0133882926
2023-09-05 12:30:00+00:00,0.9972105346,1.0133882926
2023-09-05 13:00:00+00:00,0.9973497580,1.0133882926
2023-09-05 13:30:00+00:00,0.9958461457,1.0133882926
2023-09-05 14:00:00+00:00,0.9954656019,1.0133882926
2023-09-05 14:30:00+00:00,0.9939248633,1.0133882926
2023-09-05 15:00:00+00:00,0.9941104945,1.0133882926
2023-09-05 15:30:00+00:00,0.9956141068,1.0133882926
2023-09-05 16:00:00+00:00,0.9955491359,1.0133882926
2023-09-05 16:30:00+00:00,0.9958739904,1.0133882926
2023-09-05 17:00:00+00:00,0.9956790777,1.0133882926
2023-09-05 17:30:00+00:00,0.9952521261,1.0133882926
2023-09-06 06:00:00+00:00,0.9952521261,1.0133882926
2023-09-06 06:30:00+00:00,0.9946311478,1.0133882926
2023-09-06 07:00:00+00:00,0.9948628561,1.0133882926
2023-09-06 07:30:00+00:00,0.9944179761,1.0133882926
2023-09-06 08:00:00+00:00,0.9947330994,1.0133882926
2023-09-06 08:30:00+00:00,0.9948813928,1.0133882926
2023-09-06 09:00:00+00:00,0.9942511461,1.0133882926
2023-09-06 09:30:00+00:00,0.9947145627,1.0133882926
2023-09-06 10:00:00+00:00,0.9952335894,1.0133882926
2023-09-06 10:30:00+00:00,0.9952891994,1.0133882926
2023-09-06 11:00:00+00:00,0.9960492027,1.0133882926
2023-09-06 11:30:00+00:00,0.9957989577,1.0133882926
2023-09-06 12:00:00+00:00,0.9951409061,1.0133882926
2023-09-06 12:30:00+00:00,0.9951409061,1.0133882926
2023-09-06 13:00:00+00:00,0.9944550495,1.0133882926
2023-09-06 13:30:00+00:00,0.9952891994,1.0133882926
2023-09-06 14:00:00+00:00,0.9922955278,1.0133882926
2023-09-06 14:30:00+00:00,0.9925457728,1.0133882926
2023-09-06 15:00:00+00:00,0.9928052861,1.0133882926
2023-09-06 15:30:00+00:00,0.9929165061,1.0133882926
2023-09-06 16:00:00+00:00,0.9935004111,1.0133882926
2023-09-06 16:30:00+00:00,0.9936394361,1.0133882926
2023-09-06 17:00:00+00:00,0.9942418778,1.0133882926
2023-09-06 17:30:00+00:00,0.9943160244,1.0133882926
2023-09-07 06:00:00+00:00,0.9946592343,1.0133882926
2023-09-07 06:30:00+00:00,0.9940841259,1.0133882926
2023-09-07 07:00:00+00:00,0.9936388807,1.0133882926
2023-09-07 07:30:00+00:00,0.9939913665,1.0133882926
2023-09-07 08:00:00+00:00,0.9935090175,1.0133882926
2023-09-07 08:30:00+00:00,0.9935090175,1.0133882926
2023-09-07 09:00:00+00:00,0.9938986070,1.0133882926
2023-09-07 09:30:00+00:00,0.9938800552,1.0133882926
2023-09-07 10:00:00+00:00,0.9934348100,1.0133882926
2023-09-07 10:30:00+00:00,0.9931008761,1.0133882926
2023-09-07 11:00:00+00:00,0.9931750836,1.0133882926
2023-09-07 11:30:00+00:00,0.9930266685,1.0133882926
2023-09-07 12:00:00+00:00,0.9930081166,1.0133882926
2023-09-07 12:30:00+00:00,0.9919228314,1.0133882926
2023-09-07 13:00:00+00:00,0.9924330082,1.0133882926
2023-09-07 13:30:00+00:00,0.9917465885,1.0133882926
2023-09-07 14:00:00+00:00,0.9921361781,1.0133882926
2023-09-07 14:30:00+00:00,0.9928225978,1.0133882926
2023-09-07 15:00:00+00:00,0.9925350436,1.0133882926
2023-09-07 15:30:00+00:00,0.9928411497,1.0133882926
2023-09-07 16:00:00+00:00,0.9933234986,1.0133882926
2023-09-07 16:30:00+00:00,0.9929153572,1.0133882926
2023-09-07 17:00:00+00:00,0.9931565317,1.0133882926
2023-09-07 17:30:00+00:00,0.9924515601,1.0133882926
2023-09-08 06:00:00+00:00,0.9921554220,1.0133882926
2023-09-08 06:30:00+00:00,0.9916371802,1.0133882926
2023-09-08 07:00:00+00:00,0.9912577531,1.0133882926
2023-09-08 07:30:00+00:00,0.9910171409,1.0133882926
2023-09-08 08:00:00+00:00,0.9917852492,1.0133882926
2023-09-08 08:30:00+00:00,0.9912947704,1.0133882926
2023-09-08 09:00:00+00:00,0.9903785929,1.0133882926
2023-09-08 09:30:00+00:00,0.9905266620,1.0133882926
2023-09-08 10:00:00+00:00,0.9903045584,1.0133882926
2023-09-08 10:30:00+00:00,0.9902675411,1.0133882926
2023-09-08 11:00:00+00:00,0.9900732004,1.0133882926
2023-09-08 11:30:00+00:00,0.9901379806,1.0133882926
2023-09-08 12:00:00+00:00,0.9906006965,1.0133882926
2023-09-08 12:30:00+00:00,0.9904341188,1.0133882926
2023-09-08 13:00:00+00:00,0.9912855161,1.0133882926
2023-09-08 13:30:00+00:00,0.9926366464,1.0123931452
2023-09-08 14:00:00+00:00,0.9929327846,1.0119198058
2023-09-08 14:30:00+00:00,0.9916556887,1.0127397451
2023-09-08 15:00:00+00:00,0.9914706023,1.0126812684
2023-09-08 15:30:00+00:00,0.9910356494,1.0126812684
2023-09-08 16:00:00+00:00,0.9907765284,1.0126812684
2023-09-08 16:30:00+00:00,0.9906377137,1.0126812684
2023-09-08 17:00:00+00:00,0.9909060889,1.0126812684
2023-09-08 17:30:00+00:00,0.9907395112,1.0126812684
2023-09-11 06:00:00+00:00,0.9904255418,1.0126812684
2023-09-11 06:30:00+00:00,0.9911458244,1.0126812684
2023-09-11 07:00:00+00:00,0.9909241990,1.0126812684
2023-09-11 07:30:00+00:00,0.9904994170,1.0126812684
2023-09-11 08:00:00+00:00,0.9909980742,1.0126812684
2023-09-11 08:30:00+00:00,0.9907302768,1.0126812684
2023-09-11 09:00:00+00:00,0.9904440106,1.0126812684
2023-09-11 09:30:00+00:00,0.9910904181,1.0126812684
2023-09-11 10:00:00+00:00,0.9907395112,1.0126812684
2023-09-11 10:30:00+00:00,0.9910442461,1.0126812684
2023-09-11 11:00:00+00:00,0.9905363545,1.0126812684
2023-09-11 11:30:00+00:00,0.9899084158,1.0126812684
2023-09-11 12:00:00+00:00,0.9900469317,1.0126812684
2023-09-11 12:30:00+00:00,0.9906286984,1.0126812684
2023-09-11 13:00:00+00:00,0.9913120435,1.0126812684
2023-09-11 13:30:00+00:00,0.9913859186,1.0126812684
2023-09-11 14:00:00+00:00,0.9929742342,1.0126812684
2023-09-11 14:30:00+00:00,0.9923093579,1.0126812684
2023-09-11 15:00:00+00:00,0.9920323261,1.0126812684
2023-09-11 15:30:00+00:00,0.9920138573,1.0126812684
2023-09-11 16:00:00+00:00,0.9934267194,1.0126812684
2023-09-11 16:30:00+00:00,0.9928080151,1.0126812684
2023-09-11 17:00:00+00:00,0.9924571082,1.0126812684
2023-09-11 17:30:00+00:00,0.9923093579,1.0126812684
2023-09-12 06:00:00+00:00,0.9924849666,1.0126812684
2023-09-12 06:30:00+00:00,0.9919488979,1.0126812684
2023-09-12 07:00:00+00:00,0.9914497995,1.0126812684
2023-09-12 07:30:00+00:00,0.9902205385,1.0126812684
2023-09-12 08:00:00+00:00,0.9908305477,1.0126812684
2023-09-12 08:30:00+00:00,0.9902852364,1.0126812684
2023-09-12 09:00:00+00:00,0.9910338841,1.0126812684
2023-09-12 09:30:00+00:00,0.9910431266,1.0126812684
2023-09-12 10:00:00+00:00,0.9908028200,1.0126812684
2023-09-12 10:30:00+00:00,0.9904423600,1.0126812684
2023-09-12 11:00:00+00:00,0.9901743257,1.0126812684
2023-09-12 11:30:00+00:00,0.9906179687,1.0126812684
2023-09-12 12:00:00+00:00,0.9899709893,1.0126812684
2023-09-12 12:30:00+00:00,0.9896382570,1.0126812684
2023-09-12 13:00:00+00:00,0.9901558406,1.0126812684
2023-09-12 13:30:00+00:00,0.9905717559,1.0126812684
2023-09-12 14:00:00+00:00,0.9902020534,1.0126812684
2023-09-12 14:30:00+00:00,0.9902390236,1.0126812684
2023-09-12 15:00:00+00:00,0.9917085913,1.0126812684
2023-09-12 15:30:00+00:00,0.9913111610,1.0126812684
2023-09-12 16:00:00+00:00,0.9919673831,1.0126812684
2023-09-12 16:30:00+00:00,0.9911078246,1.0126812684
2023-09-12 17:00:00+00:00,0.9919488979,1.0126812684
2023-09-12 17:30:00+00:00,0.9913666164,1.0126812684
2023-09-13 06:00:00+00:00,0.9907761108,1.0126812684
2023-09-13 06:30:00+00:00,0.9907853375,1.0126812684
2023-09-13 07:00:00+00:00,0.9912558966,1.0126812684
2023-09-13 07:30:00+00:00,0.9912835766,1.0126812684
2023-09-13 08:00:00+00:00,0.9912005367,1.0126812684
2023-09-13 08:30:00+00:00,0.9904993114,1.0126812684
2023-09-13 09:00:00+00:00,0.9901763786,1.0126812684
2023-09-13 09:30:00+00:00,0.9900102989,1.0126812684
2023-09-13 10:00:00+00:00,0.9906653911,1.0126812684
2023-09-13 10:30:00+00:00,0.9907299776,1.0126812684
2023-09-13 11:00:00+00:00,0.9905823512,1.0126812684
2023-09-13 11:30:00+00:00,0.9906377111,1.0126812684
2023-09-13 12:00:00+00:00,0.9908868307,1.0126812684
2023-09-13 12:30:00+00:00,0.9916526426,1.0126812684
2023-09-13 13:00:00+00:00,0.9913666164,1.0126812684
2023-09-13 13:30:00+00:00,0.9908130174,1.0126812684
2023-09-13 14:00:00+00:00,0.9901486986,1.0126812684
2023-09-13 14:30:00+00:00,0.9907576575,1.0126812684
2023-09-13 15:00:00+00:00,0.9912466699,1.0126812684
2023-09-13 15:30:00+00:00,0.9905454446,1.0126812684
2023-09-13 16:00:00+00:00,0.9913481631,1.0126812684
2023-09-13 16:30:00+00:00,0.9910067771,1.0126812684
2023-09-13 17:00:00+00:00,0.9912651233,1.0126812684
2023-09-13 17:30:00+00:00,0.9913942964,1.0126812684
2023-09-14 06:00:00+00:00,0.9911452440,1.0126812684
2023-09-14 06:30:00+00:00,0.9909330884,1.0126812684
2023-09-14 07:00:00+00:00,0.9906194669,1.0126812684
2023-09-14 07:30:00+00:00,0.9901029139,1.0126812684
2023-09-14 08:00:00+00:00,0.9905456736,1.0126812684
2023-09-14 08:30:00+00:00,0.9901305864,1.0126812684
2023-09-14 09:00:00+00:00,0.9897892925,1.0126812684
2023-09-14 09:30:00+00:00,0.9896232576,1.0126812684
2023-09-14 10:00:00+00:00,0.9899553274,1.0126812684
2023-09-14 10:30:00+00:00,0.9902320522,1.0126812684
2023-09-14 11:00:00+00:00,0.9900475690,1.0126812684
2023-09-14 11:30:00+00:00,0.9897892925,1.0126812684
2023-09-14 12:00:00+00:00,0.9870958376,1.0126812684
2023-09-14 12:30:00+00:00,0.9848728149,1.0126812684
2023-09-14 13:00:00+00:00,0.9840149680,1.0126812684
2023-09-14 13:30:00+00:00,0.9837013465,1.0126812684
2023-09-14 14:00:00+00:00,0.9833877251,1.0126812684
2023-09-14 14:30:00+00:00,0.9836644499,1.0126812684
2023-09-14 15:00:00+00:00,0.9837935881,1.0126812684
2023-09-14 15:30:00+00:00,0.9832032419,1.0126812684
2023-09-14 16:00:00+00:00,0.9823730675,1.0126812684
2023-09-14 16:30:00+00:00,0.9822531534,1.0126812684
2023-09-14 17:00:00+00:00,0.9816904796,1.0126812684
2023-09-14 17:30:00+00:00,0.9811554783,1.0126812684
2023-09-15 06:00:00+00:00,0.9818736395,1.0126812684
2023-09-15 06:30:00+00:00,0.9815513877,1.0126812684
2023-09-15 07:00:00+00:00,0.9810634064,1.0126812684
2023-09-15 07:30:00+00:00,0.9818276035,1.0126812684
2023-09-15 08:00:00+00:00,0.9821222337,1.0126812684
2023-09-15 08:30:00+00:00,0.9820209546,1.0126812684
2023-09-15 09:00:00+00:00,0.9820577833,1.0126812684
2023-09-15 09:30:00+00:00,0.9817539459,1.0126812684
2023-09-15 10:00:00+00:00,0.9815513876,1.0126812684
2023-09-15 10:30:00+00:00,0.9811186495,1.0126812684
2023-09-15 11:00:00+00:00,0.9812383430,1.0126812684
2023-09-15 11:30:00+00:00,0.9809989560,1.0126812684
2023-09-15 12:00:00+00:00,0.9811923071,1.0126812684
2023-09-15 12:30:00+00:00,0.9806030466,1.0126812684
2023-09-15 13:00:00+00:00,0.9820209545,1.0126812684
2023-09-15 13:30:00+00:00,0.9816987027,1.0126812684
2023-09-15 14:00:00+00:00,0.9826102149,1.0126812684
2023-09-15 14:30:00+00:00,0.9818920537,1.0126812684
2023-09-15 15:00:00+00:00,0.9828956379,1.0126812684
2023-09-15 15:30:00+00:00,0.9826102149,1.0126812684
2023-09-15 16:00:00+00:00,0.9826470436,1.0126812684
2023-09-15 16:30:00+00:00,0.9826194221,1.0126812684
2023-09-15 17:00:00+00:00,0.9823708278,1.0126812684
2023-09-15 17:30:00+00:00,0.9825641789,1.0126812684
2023-09-18 06:00:00+00:00,0.9826194360,1.0126812684
2023-09-18 06:30:00+00:00,0.9815971788,1.0126812684
2023-09-18 07:00:00+00:00,0.9820760741,1.0126812684
2023-09-18 07:30:00+00:00,0.9819563502,1.0126812684
2023-09-18 08:00:00+00:00,0.9816616455,1.0126812684
2023-09-18 08:30:00+00:00,0.9821037026,1.0126812684
2023-09-18 09:00:00+00:00,0.9826654836,1.0126812684
2023-09-18 09:30:00+00:00,0.9829233503,1.0126812684
2023-09-18 10:00:00+00:00,0.9829693979,1.0126812684
2023-09-18 10:30:00+00:00,0.9824720836,1.0126812684
2023-09-18 11:00:00+00:00,0.9822694740,1.0126812684
2023-09-18 11:30:00+00:00,0.9820484454,1.0126812684
2023-09-18 12:00:00+00:00,0.9824628741,1.0126812684
2023-09-18 12:30:00+00:00,0.9814498263,1.0126812684
2023-09-18 13:00:00+00:00,0.9826010169,1.0126812684
2023-09-18 13:30:00+00:00,0.9819563502,1.0126812684
2023-09-18 14:00:00+00:00,0.9825825979,1.0126812684
2023-09-18 14:30:00+00:00,0.9831167503,1.0126812684
2023-09-18 15:00:00+00:00,0.9840377028,1.0126812684
2023-09-18 15:30:00+00:00,0.9848573505,1.0126812684
2023-09-18 16:00:00+00:00,0.9842771504,1.0126812684
2023-09-18 16:30:00+00:00,0.9847007886,1.0126812684
2023-09-18 17:00:00+00:00,0.9848757695,1.0126812684
2023-09-18 17:30:00+00:00,0.9842218933,1.0126812684
2023-09-19 06:00:00+00:00,0.9841481674,1.0126812684
2023-09-19 06:30:00+00:00,0.9841205202,1.0126812684
2023-09-19 07:00:00+00:00,0.9844891495,1.0126812684
2023-09-19 07:30:00+00:00,0.9855673903,1.0126812684
2023-09-19 08:00:00+00:00,0.9849775834,1.0126812684
2023-09-19 08:30:00+00:00,0.9848669946,1.0126812684
2023-09-19 09:00:00+00:00,0.9849591519,1.0126812684
2023-09-19 09:30:00+00:00,0.9850697407,1.0126812684
2023-09-19 10:00:00+00:00,0.9856042533,1.0126812684
2023-09-19 10:30:00+00:00,0.9861387658,1.0126812684
2023-09-19 11:00:00+00:00,0.9865073952,1.0126812684
2023-09-19 11:30:00+00:00,0.9868944560,1.0126812684
2023-09-19 12:00:00+00:00,0.9874105371,1.0126812684
2023-09-19 12:30:00+00:00,0.9860650400,1.0126812684
2023-09-19 13:00:00+00:00,0.9851250352,1.0126812684
2023-09-19 13:30:00+00:00,0.9853369970,1.0126812684
2023-09-19 14:00:00+00:00,0.9848117003,1.0126812684
2023-09-19 14:30:00+00:00,0.9851342509,1.0126812684
2023-09-19 15:00:00+00:00,0.9845720912,1.0126812684
2023-09-19 15:30:00+00:00,0.9845352283,1.0126812684
2023-09-19 16:00:00+00:00,0.9844430709,1.0126812684
2023-09-19 16:30:00+00:00,0.9846826800,1.0126812684
2023-09-19 17:00:00+00:00,0.9850697408,1.0126812684
2023-09-19 17:30:00+00:00,0.9846826800,1.0126812684
2023-09-20 06:00:00+00:00,0.9855492672,1.0126812684
2023-09-20 06:30:00+00:00,0.9847656511,1.0126812684
2023-09-20 07:00:00+00:00,0.9846273659,1.0127201437
2023-09-20 07:30:00+00:00,0.9855677051,1.0112986129
2023-09-20 08:00:00+00:00,0.9858442755,1.0109018304
2023-09-20 08:30:00+00:00,0.9861024078,1.0105317409
2023-09-20 09:00:00+00:00,0.9859088086,1.0108092863
2023-09-20 09:30:00+00:00,0.9863236641,1.0102147063
2023-09-20 10:00:00+00:00,0.9864158542,1.0100826589
2023-09-20 10:30:00+00:00,0.9867477387,1.0097814622
2023-09-20 11:00:00+00:00,0.9864158542,1.0101044617
2023-09-20 11:30:00+00:00,0.9866002345,1.0098115882
2023-09-20 12:00:00+00:00,0.9864342923,1.0100470502
2023-09-20 12:30:00+00:00,0.9862591310,1.0102956960
2023-09-20 13:00:00+00:00,0.9869136809,1.0093670845
2023-09-20 13:30:00+00:00,0.9879923053,1.0085436391
2023-09-20 14:00:00+00:00,0.9880752764,1.0084122670
2023-09-20 14:30:00+00:00,0.9882412186,1.0081216883
2023-09-20 15:00:00+00:00,0.9880199623,1.0084603441
2023-09-20 15:30:00+00:00,0.9877526110,1.0088698061
2023-09-20 16:00:00+00:00,0.9898268887,1.0072158740
2023-09-20 16:30:00+00:00,0.9896701654,1.0073596080
2023-09-20 17:00:00+00:00,0.9892184339,1.0080157286
2023-09-20 17:30:00+00:00,0.9889326445,1.0082971154
2023-09-21 06:00:00+00:00,0.9896300845,1.0078487146
2023-09-21 06:30:00+00:00,0.9904019180,1.0077974555
2023-09-21 07:00:00+00:00,0.9898439661,1.0077974555
2023-09-21 07:30:00+00:00,0.9908482796,1.0077974555
2023-09-21 08:00:00+00:00,0.9910714604,1.0077974555
2023-09-21 08:30:00+00:00,0.9908854764,1.0077974555
2023-09-21 09:00:00+00:00,0.9911644524,1.0077974555
2023-09-21 09:30:00+00:00,0.9906808940,1.0077974555
2023-09-21 10:00:00+00:00,0.9913597355,1.0077974555
2023-09-21 10:30:00+00:00,0.9904205164,1.0077974555
2023-09-21 11:00:00+00:00,0.9893790061,1.0077974555
2023-09-21 11:30:00+00:00,0.9890442350,1.0077974555
2023-09-21 12:00:00+00:00,0.9887466606,1.0077974555
2023-09-21 12:30:00+00:00,0.9896486829,1.0077974555
2023-09-21 13:00:00+00:00,0.9907180908,1.0077974555
2023-09-21 13:30:00+00:00,0.9895277933,1.0077974555
2023-09-21 14:00:00+00:00,0.9915085228,1.0077974555
2023-09-21 14:30:00+00:00,0.9912853420,1.0077974555
2023-09-21 15:00:00+00:00,0.9913039404,1.0077974555
2023-09-21 15:30:00+00:00,0.9916201132,1.0077974555
2023-09-21 16:00:00+00:00,0.9912388460,1.0077974555
2023-09-21 16:30:00+00:00,0.9909226733,1.0077974555
2023-09-21 17:00:00+00:00,0.9920757739,1.0077974555
2023-09-21 17:30:00+00:00,0.9918525932,1.0077974555
2023-09-22 06:00:00+00:00,0.9922344582,1.0077974555
2023-09-22 06:30:00+00:00,0.9928305403,1.0077974555
2023-09-22 07:00:00+00:00,0.9894403237,1.0077974555
2023-09-22 07:30:00+00:00,0.9915172971,1.0077974555
2023-09-22 08:00:00+00:00,0.9913962180,1.0077974555
2023-09-22 08:30:00+00:00,0.9915638660,1.0077974555
2023-09-22 09:00:00+00:00,0.9906231741,1.0077974555
2023-09-22 09:30:00+00:00,0.9908373911,1.0077974555
2023-09-22 10:00:00+00:00,0.9908746462,1.0077974555
2023-09-22 10:30:00+00:00,0.9905766052,1.0077974555
2023-09-22 11:00:00+00:00,0.9909212151,1.0077974555
2023-09-22 11:30:00+00:00,0.9906511154,1.0077974555
2023-09-22 12:00:00+00:00,0.9926256372,1.0077974555
2023-09-22 12:30:00+00:00,0.9924579891,1.0077974555
2023-09-22 13:00:00+00:00,0.9917873968,1.0077974555
2023-09-22 13:30:00+00:00,0.9929236782,1.0077974555
2023-09-22 14:00:00+00:00,0.9933893673,1.0077974555
2023-09-22 14:30:00+00:00,0.9926908337,1.0077974555
2023-09-22 15:00:00+00:00,0.9926070097,1.0077974555
2023-09-22 15:30:00+00:00,0.9927932853,1.0077974555
2023-09-22 16:00:00+00:00,0.9924393616,1.0077974555
2023-09-22 16:30:00+00:00,0.9924579891,1.0077974555
2023-09-22 17:00:00+00:00,0.9925604407,1.0077974555
2023-09-22 17:30:00+00:00,0.9921040654,1.0077974555
2023-09-25 06:00:00+00:00,0.9922159138,1.0077974555
2023-09-25 06:30:00+00:00,0.9922998000,1.0077974555
2023-09-25 07:00:00+00:00,0.9921040654,1.0077974555
2023-09-25 07:30:00+00:00,0.9915541444,1.0077974555
2023-09-25 08:00:00+00:00,0.9907339233,1.0077974555
2023-09-25 08:30:00+00:00,0.9903983783,1.0077974555
2023-09-25 09:00:00+00:00,0.9908178095,1.0077974555
2023-09-25 09:30:00+00:00,0.9912372408,1.0077974555
2023-09-25 10:00:00+00:00,0.9918710481,1.0077974555
2023-09-25 10:30:00+00:00,0.9914609375,1.0077974555
2023-09-25 11:00:00+00:00,0.9913956926,1.0077974555
2023-09-25 11:30:00+00:00,0.9908457716,1.0077974555
2023-09-25 12:00:00+00:00,0.9905661508,1.0077974555
2023-09-25 12:30:00+00:00,0.9900721540,1.0077974555
2023-09-25 13:00:00+00:00,0.9889816327,1.0077974555
2023-09-25 13:30:00+00:00,0.9881800529,1.0077974555
2023-09-25 14:00:00+00:00,0.9865675728,1.0077974555
2023-09-25 14:30:00+00:00,0.9858871621,1.0077974555
2023-09-25 15:00:00+00:00,0.9868005902,1.0077974555
2023-09-25 15:30:00+00:00,0.9870802110,1.0077974555
2023-09-25 16:00:00+00:00,0.9874064353,1.0077974555
2023-09-25 16:30:00+00:00,0.9869870041,1.0077974555
2023-09-25 17:00:00+00:00,0.9876860562,1.0077974555
2023-09-25 17:30:00+00:00,0.9875089630,1.0077974555
2023-09-26 06:00:00+00:00,0.9868747367,1.0077974555
2023-09-26 06:30:00+00:00,0.9859886853,1.0077974555
2023-09-26 07:00:00+00:00,0.9869120441,1.0077974555
2023-09-26 07:30:00+00:00,0.9872664647,1.0077974555
2023-09-26 08:00:00+00:00,0.9884043413,1.0077974555
2023-09-26 08:30:00+00:00,0.9882737653,1.0077974555
2023-09-26 09:00:00+00:00,0.9887028007,1.0077974555
2023-09-26 09:30:00+00:00,0.9884043413,1.0077974555
2023-09-26 10:00:00+00:00,0.9886841470,1.0077974555
2023-09-26 10:30:00+00:00,0.9882924190,1.0077974555
2023-09-26 11:00:00+00:00,0.9886188590,1.0077974555
2023-09-26 11:30:00+00:00,0.9886095321,1.0077974555
2023-09-26 12:00:00+00:00,0.9890572213,1.0077974555
2023-09-26 12:30:00+00:00,0.9891971241,1.0077974555
2023-09-26 13:00:00+00:00,0.9881245355,1.0077974555
2023-09-26 13:30:00+00:00,0.9879379984,1.0077974555
2023-09-26 14:00:00+00:00,0.9875555973,1.0077974555
2023-09-26 14:30:00+00:00,0.9871545424,1.0077974555
2023-09-26 15:00:00+00:00,0.9863151253,1.0077974555
2023-09-26 15:30:00+00:00,0.9861099344,1.0077974555
2023-09-26 16:00:00+00:00,0.9860166659,1.0077974555
2023-09-26 16:30:00+00:00,0.9857741676,1.0077974555
2023-09-26 17:00:00+00:00,0.9861845493,1.0077974555
2023-09-26 17:30:00+00:00,0.9859513779,1.0077974555
2023-09-27 06:00:00+00:00,0.9864088699,1.0077974555
2023-09-27 06:30:00+00:00,0.9868103425,1.0077974555
2023-09-27 07:00:00+00:00,0.9870997763,1.0077974555
2023-09-27 07:30:00+00:00,0.9864368796,1.0077974555
2023-09-27 08:00:00+00:00,0.9867076402,1.0077974555
2023-09-27 08:30:00+00:00,0.9859420413,1.0077974555
2023-09-27 09:00:00+00:00,0.9856619441,1.0077974555
2023-09-27 09:30:00+00:00,0.9859607144,1.0077974555
2023-09-27 10:00:00+00:00,0.9857553099,1.0077974555
2023-09-27 10:30:00+00:00,0.9854005201,1.0077974555
2023-09-27 11:00:00+00:00,0.9839253417,1.0077974555
2023-09-27 11:30:00+00:00,0.9840373806,1.0077974555
2023-09-27 12:00:00+00:00,0.9842427852,1.0077974555
2023-09-27 12:30:00+00:00,0.9847096138,1.0077974555
2023-09-27 13:00:00+00:00,0.9831597427,1.0077974555
2023-09-27 13:30:00+00:00,0.9822447587,1.0077974555
2023-09-27 14:00:00+00:00,0.9820206809,1.0077974555
2023-09-27 14:30:00+00:00,0.9811710528,1.0077974555
2023-09-27 15:00:00+00:00,0.9821887392,1.0077974555
2023-09-27 15:30:00+00:00,0.9811710528,1.0077974555
2023-09-27 16:00:00+00:00,0.9808069265,1.0077974555
2023-09-27 16:30:00+00:00,0.9806201950,1.0077974555
2023-09-27 17:00:00+00:00,0.9798265864,1.0077974555
2023-09-27 17:30:00+00:00,0.9802467321,1.0077974555
2023-09-28 06:00:00+00:00,0.9797150590,1.0077974555
2023-09-28 06:30:00+00:00,0.9789688510,1.0077974555
2023-09-28 07:00:00+00:00,0.9803213529,1.0077974555
2023-09-28 07:30:00+00:00,0.9802000941,1.0077974555
2023-09-28 08:00:00+00:00,0.9809089916,1.0077974555
2023-09-28 08:30:00+00:00,0.9809649572,1.0077974555
2023-09-28 09:00:00+00:00,0.9818883896,1.0077974555
2023-09-28 09:30:00+00:00,0.9830729946,1.0077974555
2023-09-28 10:00:00+00:00,0.9824573731,1.0077974555
2023-09-28 10:30:00+00:00,0.9831196327,1.0077974555
2023-09-28 11:00:00+00:00,0.9831942535,1.0077974555
2023-09-28 11:30:00+00:00,0.9832782019,1.0077974555
2023-09-28 12:00:00+00:00,0.9829050979,1.0077974555
2023-09-28 12:30:00+00:00,0.9810862161,1.0077974555
2023-09-28 13:00:00+00:00,0.9836979438,1.0077974555
2023-09-28 13:30:00+00:00,0.9840244098,1.0077974555
2023-09-28 14:00:00+00:00,0.9845933933,1.0077974555
2023-09-28 14:30:00+00:00,0.9852743081,1.0077974555
2023-09-28 15:00:00+00:00,0.9857686709,1.0077974555
2023-09-28 15:30:00+00:00,0.9865242064,1.0077974555
2023-09-28 16:00:00+00:00,0.9862257232,1.0077974555
2023-09-28 16:30:00+00:00,0.9848079281,1.0077974555
2023-09-28 17:00:00+00:00,0.9848452385,1.0077974555
2023-09-28 17:30:00+00:00,0.9841549962,1.0077974555
2023-09-29 06:00:00+00:00,0.9850110582,1.0077974555
2023-09-29 06:30:00+00:00,0.9854204792,1.0077974555
2023-09-29 07:00:00+00:00,0.9859880855,1.0077974555
2023-09-29 07:30:00+00:00,0.9869278928,1.0077974555
2023-09-29 08:00:00+00:00,0.9867045723,1.0077974555
2023-09-29 08:30:00+00:00,0.9871884334,1.0077974555
2023-09-29 09:00:00+00:00,0.9870395531,1.0077974555
2023-09-29 09:30:00+00:00,0.9876629896,1.0077974555
2023-09-29 10:00:00+00:00,0.9872070435,1.0077974555
2023-09-29 10:30:00+00:00,0.9871884334,1.0077974555
2023-09-29 11:00:00+00:00,0.9859787805,1.0077974555
2023-09-29 11:30:00+00:00,0.9858112901,1.0077974555
2023-09-29 12:00:00+00:00,0.9864626417,1.0077974555
2023-09-29 12:30:00+00:00,0.9863230663,1.0077974555
2023-09-29 13:00:00+00:00,0.9850854983,1.0077974555
2023-09-29 13:30:00+00:00,0.9845644171,1.0077974555
2023-09-29 14:00:00+00:00,0.9837176600,1.0077974555
2023-09-29 14:30:00+00:00,0.9851320234,1.0077974555
2023-09-29 15:00:00+00:00,0.9842387413,1.0077974555
2023-09-29 15:30:00+00:00,0.9847877376,1.0077974555
2023-09-29 16:00:00+00:00,0.9849738380,1.0077974555
2023-09-29 16:30:00+00:00,0.9842573513,1.0077974555
2023-09-29 17:00:00+00:00,0.9836153048,1.0077974555
2023-09-29 17:30:00+00:00,0.9830756135,1.0077974555
2023-10-02 06:00:00+00:00,0.9837457908,1.0077974555
2023-10-02 06:30:00+00:00,0.9856818585,1.0077974555
2023-10-02 07:00:00+00:00,0.9851233774,1.0077974555
2023-10-02 07:30:00+00:00,0.9840808794,1.0077974555
2023-10-02 08:00:00+00:00,0.9836061704,1.0077974555
2023-10-02 08:30:00+00:00,0.9831221535,1.0077974555
2023-10-02 09:00:00+00:00,0.9818190310,1.0077974555
2023-10-02 09:30:00+00:00,0.9809813094,1.0077974555
2023-10-02 10:00:00+00:00,0.9806927608,1.0077974555
2023-10-02 10:30:00+00:00,0.9810278495,1.0077974555
2023-10-02 11:00:00+00:00,0.9806555288,1.0077974555
2023-10-02 11:30:00+00:00,0.9802645920,1.0077974555
2023-10-02 12:00:00+00:00,0.9805903726,1.0077974555
2023-10-02 12:30:00+00:00,0.9800970477,1.0077974555
2023-10-02 13:00:00+00:00,0.9795199506,1.0077974555
2023-10-02 13:30:00+00:00,0.9788683893,1.0077974555
2023-10-02 14:00:00+00:00,0.9784029884,1.0077974555
2023-10-02 14:30:00+00:00,0.9769323216,1.0077974555
2023-10-02 15:00:00+00:00,0.9782540601,1.0077974555
2023-10-02 15:30:00+00:00,0.9772487942,1.0077974555
2023-10-02 16:00:00+00:00,0.9769416296,1.0077974555
2023-10-02 16:30:00+00:00,0.9763366084,1.0077974555
2023-10-02 17:00:00+00:00,0.9776955790,1.0077974555
2023-10-02 17:30:00+00:00,0.9769695536,1.0077974555
2023-10-03 06:00:00+00:00,0.9772682697,1.0077974555
2023-10-03 06:30:00+00:00,0.9776416647,1.0077974555
2023-10-03 07:00:00+00:00,0.9774736369,1.0077974555
2023-10-03 07:30:00+00:00,0.9785284780,1.0077974555
2023-10-03 08:00:00+00:00,0.9788925382,1.0077974555
2023-10-03 08:30:00+00:00,0.9787898546,1.0077974555
2023-10-03 09:00:00+00:00,0.9787431802,1.0077974555
2023-10-03 09:30:00+00:00,0.9786498314,1.0077974555
2023-10-03 10:00:00+00:00,0.9783137758,1.0077974555
2023-10-03 10:30:00+00:00,0.9779217110,1.0077974555
2023-10-03 11:00:00+00:00,0.9777350135,1.0077974555
2023-10-03 11:30:00+00:00,0.9776976739,1.0077974555
2023-10-03 12:00:00+00:00,0.9779403807,1.0077974555
2023-10-03 12:30:00+00:00,0.9770068930,1.0077974555
2023-10-03 13:00:00+00:00,0.9773709532,1.0077974555
2023-10-03 13:30:00+00:00,0.9784071246,1.0077974555
2023-10-03 14:00:00+00:00,0.9770255628,1.0077974555
2023-10-03 14:30:00+00:00,0.9778843714,1.0077974555
2023-10-03 15:00:00+00:00,0.9764281306,1.0077974555
2023-10-03 15:30:00+00:00,0.9757466846,1.0077974555
2023-10-03 16:00:00+00:00,0.9776043251,1.0077974555
2023-10-03 16:30:00+00:00,0.9766521676,1.0077974555
2023-10-03 17:00:00+00:00,0.9776790040,1.0077974555
2023-10-03 17:30:00+00:00,0.9773056089,1.0077974555
2023-10-04 06:00:00+00:00,0.9761759810,1.0077974555
2023-10-04 06:30:00+00:00,0.9765680833,1.0077974555
2023-10-04 07:00:00+00:00,0.9774736528,1.0077974555
2023-10-04 07:30:00+00:00,0.9788366750,1.0077974555
2023-10-04 08:00:00+00:00,0.9787433173,1.0077974555
2023-10-04 08:30:00+00:00,0.9789673758,1.0077974555
2023-10-04 09:00:00+00:00,0.9796955657,1.0077974555
2023-10-04 09:30:00+00:00,0.9801063395,1.0077974555
2023-10-04 10:00:00+00:00,0.9812079603,1.0077974555
2023-10-04 10:30:00+00:00,0.9805731280,1.0077974555
2023-10-04 11:00:00+00:00,0.9811799530,1.0077974555
2023-10-04 11:30:00+00:00,0.9800783323,1.0077974555
2023-10-04 12:00:00+00:00,0.9815440480,1.0077974555
2023-10-04 12:30:00+00:00,0.9826083257,1.0077974555
2023-10-04 13:00:00+00:00,0.9817027561,1.0077974555
2023-10-04 13:30:00+00:00,0.9809465589,1.0077974555
2023-10-04 14:00:00+00:00,0.9788180035,1.0077974555
2023-10-04 14:30:00+00:00,0.9796022081,1.0077974555
2023-10-04 15:00:00+00:00,0.9815907268,1.0077974555
2023-10-04 15:30:00+00:00,0.9819174787,1.0077974555
2023-10-04 16:00:00+00:00,0.9817307633,1.0077974555
2023-10-04 16:30:00+00:00,0.9813946756,1.0077974555
2023-10-04 17:00:00+00:00,0.9804704345,1.0077974555
2023-10-04 17:30:00+00:00,0.9805171134,1.0077974555
2023-10-05 06:00:00+00:00,0.9802467493,1.0077974555
2023-10-05 06:30:00+00:00,0.9795755007,1.0077974555
2023-10-05 07:00:00+00:00,0.9794356572,1.0077974555
2023-10-05 07:30:00+00:00,0.9797153441,1.0077974555
2023-10-05 08:00:00+00:00,0.9801721661,1.0077974555
2023-10-05 08:30:00+00:00,0.9793051367,1.0077974555
2023-10-05 09:00:00+00:00,0.9801162287,1.0077974555
2023-10-05 09:30:00+00:00,0.9796407610,1.0077974555
2023-10-05 10:00:00+00:00,0.9803026867,1.0077974555
2023-10-05 10:30:00+00:00,0.9806569568,1.0077974555
2023-10-05 11:00:00+00:00,0.9804891446,1.0077974555
2023-10-05 11:30:00+00:00,0.9811231017,1.0077974555
2023-10-05 12:00:00+00:00,0.9805077905,1.0077974555
2023-10-05 12:30:00+00:00,0.9803026867,1.0077974555
2023-10-05 13:00:00+00:00,0.9814960176,1.0077974555
2023-10-05 13:30:00+00:00,0.9812536223,1.0077974555
2023-10-05 14:00:00+00:00,0.9814960176,1.0077974555
2023-10-05 14:30:00+00:00,0.9817197671,1.0077974555
2023-10-05 15:00:00+00:00,0.9814680489,1.0077974555
2023-10-05 15:30:00+00:00,0.9813188825,1.0077974555
2023-10-05 16:00:00+00:00,0.9825308592,1.0077974555
2023-10-05 16:30:00+00:00,0.9822604952,1.0077974555
2023-10-05 17:00:00+00:00,0.9822418494,1.0077974555
2023-10-05 17:30:00+00:00,0.9824283073,1.0077974555
2023-10-06 06:00:00+00:00,0.9824469577,1.0077974555
2023-10-06 06:30:00+00:00,0.9823910065,1.0077974555
2023-10-06 07:00:00+00:00,0.9831743232,1.0077974555
2023-10-06 07:30:00+00:00,0.9838177618,1.0077974555
2023-10-06 08:00:00+00:00,0.9835473311,1.0077974555
2023-10-06 08:30:00+00:00,0.9836592335,1.0077974555
2023-10-06 09:00:00+00:00,0.9836778839,1.0077974555
2023-10-06 09:30:00+00:00,0.9840788674,1.0077974555
2023-10-06 10:00:00+00:00,0.9846290541,1.0077974555
2023-10-06 10:30:00+00:00,0.9842467210,1.0077974555
2023-10-06 11:00:00+00:00,0.9842746966,1.0077974555
2023-10-06 11:30:00+00:00,0.9853004684,1.0077974555
2023-10-06 12:00:00+00:00,0.9842373958,1.0077974555
2023-10-06 12:30:00+00:00,0.9788008051,1.0077974555
2023-10-06 13:00:00+00:00,0.9801716092,1.0077974555
2023-10-06 13:30:00+00:00,0.9802555360,1.0077974555
2023-10-06 14:00:00+00:00,0.9822977545,1.0077974555
2023-10-06 14:30:00+00:00,0.9826707625,1.0077974555
2023-10-06 15:00:00+00:00,0.9873893131,1.0077974555
2023-10-06 15:30:00+00:00,0.9879861258,1.0077974555
2023-10-06 16:00:00+00:00,0.9866432972,1.0077974555
2023-10-06 16:30:00+00:00,0.9865407200,1.0077974555
2023-10-06 17:00:00+00:00,0.9873333618,1.0077974555
2023-10-06 17:30:00+00:00,0.9873706626,1.0077974555
2023-10-09 06:00:00+00:00,0.9864912535,1.0077974555
2023-10-09 06:30:00+00:00,0.9857989526,1.0077974555
2023-10-09 07:00:00+00:00,0.9857147539,1.0077974555
2023-10-09 07:30:00+00:00,0.9844798390,1.0077974555
2023-10-09 08:00:00+00:00,0.9849195435,1.0077974555
2023-10-09 08:30:00+00:00,0.9862105910,1.0077974555
2023-10-09 09:00:00+00:00,0.9862760789,1.0077974555
2023-10-09 09:30:00+00:00,0.9854621577,1.0077974555
2023-10-09 10:00:00+00:00,0.9847511460,1.0077974555
2023-10-09 10:30:00+00:00,0.9849569652,1.0077974555
2023-10-09 11:00:00+00:00,0.9856399106,1.0077974555
2023-10-09 11:30:00+00:00,0.9849663206,1.0077974555
2023-10-09 12:00:00+00:00,0.9851440735,1.0077974555
2023-10-09 12:30:00+00:00,0.9854247360,1.0077974555
2023-10-09 13:00:00+00:00,0.9866783618,1.0077974555
2023-10-09 13:30:00+00:00,0.9872864639,1.0077974555
2023-10-09 14:00:00+00:00,0.9868280485,1.0077974555
2023-10-09 14:30:00+00:00,0.9865660968,1.0077974555
2023-10-09 15:00:00+00:00,0.9867532052,1.0077974555
2023-10-09 15:30:00+00:00,0.9860421935,1.0077974555
2023-10-09 16:00:00+00:00,0.9860421935,1.0077974555
2023-10-09 16:30:00+00:00,0.9856492660,1.0077974555
2023-10-09 17:00:00+00:00,0.9859112177,1.0077974555
2023-10-09 17:30:00+00:00,0.9882500718,1.0077974555
2023-10-10 06:00:00+00:00,0.9880442156,1.0077974555
2023-10-10 06:30:00+00:00,0.9882500718,1.0077974555
2023-10-10 07:00:00+00:00,0.9880535727,1.0077974555
2023-10-10 07:30:00+00:00,0.9892232102,1.0077974555
2023-10-10 08:00:00+00:00,0.9907858458,1.0077974555
2023-10-10 08:30:00+00:00,0.9922642675,1.0077974555
2023-10-10 09:00:00+00:00,0.9928818361,1.0077974555
2023-10-10 09:30:00+00:00,0.9920396971,1.0077974555
2023-10-10 10:00:00+00:00,0.9914501999,1.0077974555
2023-10-10 10:30:00+00:00,0.9911227014,1.0077974555
2023-10-10 11:00:00+00:00,0.9899156355,1.0077974555
2023-10-10 11:30:00+00:00,0.9895974941,1.0077974555
2023-10-10 12:00:00+00:00,0.9898969213,1.0077974555
2023-10-10 12:30:00+00:00,0.9912349865,1.0077974555
2023-10-10 13:00:00+00:00,0.9911133442,1.0077974555
2023-10-10 13:30:00+00:00,0.9913098433,1.0077974555
2023-10-10 14:00:00+00:00,0.9921519823,1.0077974555
2023-10-10 14:30:00+00:00,0.9915999134,1.0077974555
2023-10-10 15:00:00+00:00,0.9920022687,1.0077974555
2023-10-10 15:30:00+00:00,0.9934619762,1.0077974555
2023-10-10 16:00:00+00:00,0.9931625490,1.0077974555
2023-10-10 16:30:00+00:00,0.9934713333,1.0077974555
2023-10-10 17:00:00+00:00,0.9920396971,1.0077974555
2023-10-10 17:30:00+00:00,0.9913753430,1.0077974555
2023-10-11 06:00:00+00:00,0.9918990095,1.0077974555
2023-10-11 06:30:00+00:00,0.9922169498,1.0077974555
2023-10-11 07:00:00+00:00,0.9920486284,1.0077974555
2023-10-11 07:30:00+00:00,0.9912163729,1.0077974555
2023-10-11 08:00:00+00:00,0.9915343132,1.0077974555
2023-10-11 08:30:00+00:00,0.9920299261,1.0077974555
2023-10-11 09:00:00+00:00,0.9921140867,1.0077974555
2023-10-11 09:30:00+00:00,0.9916465274,1.0077974555
2023-10-11 10:00:00+00:00,0.9913566407,1.0077974555
2023-10-11 10:30:00+00:00,0.9913940454,1.0077974555
2023-10-11 11:00:00+00:00,0.9911883193,1.0077974555
2023-10-11 11:30:00+00:00,0.9915997715,1.0077974555
2023-10-11 12:00:00+00:00,0.9915249620,1.0077974555
2023-10-11 12:30:00+00:00,0.9925909972,1.0077974555
2023-10-11 13:00:00+00:00,0.9929369911,1.0077974555
2023-10-11 13:30:00+00:00,0.9939188657,1.0077974555
2023-10-11 14:00:00+00:00,0.9935074135,1.0077974555
2023-10-11 14:30:00+00:00,0.9934887111,1.0077974555
2023-10-11 15:00:00+00:00,0.9929089376,1.0077974555
2023-10-11 15:30:00+00:00,0.9924226759,1.0077974555
2023-10-11 16:00:00+00:00,0.9915436644,1.0077974555
2023-10-11 16:30:00+00:00,0.9919177119,1.0077974555
2023-10-11 17:00:00+00:00,0.9912818312,1.0077974555
2023-10-11 17:30:00+00:00,0.9905898434,1.0077974555
2023-10-12 06:00:00+00:00,0.9904407621,1.0077974555
2023-10-12 06:30:00+00:00,0.9909811820,1.0077974555
2023-10-12 07:00:00+00:00,0.9900307883,1.0077974555
2023-10-12 07:30:00+00:00,0.9895462738,1.0077974555
2023-10-12 08:00:00+00:00,0.9900960113,1.0077974555
2023-10-12 08:30:00+00:00,0.9901425993,1.0077974555
2023-10-12 09:00:00+00:00,0.9896580848,1.0079672092
2023-10-12 09:30:00+00:00,0.9893599220,1.0081857456
2023-10-12 10:00:00+00:00,0.9896394496,1.0079423639
2023-10-12 10:30:00+00:00,0.9893971924,1.0081532873
2023-10-12 11:00:00+00:00,0.9894903682,1.0080721516
2023-10-12 11:30:00+00:00,0.9894903682,1.0080721516
2023-10-12 12:00:00+00:00,0.9900960113,1.0075451146
2023-10-12 12:30:00+00:00,0.9859590031,1.0102322836
2023-10-12 13:00:00+00:00,0.9851017852,1.0104860236
2023-10-12 13:30:00+00:00,0.9829494227,1.0104565226
2023-10-12 14:00:00+00:00,0.9832475854,1.0104565226
2023-10-12 14:30:00+00:00,0.9835364306,1.0104565226
2023-10-12 15:00:00+00:00,0.9828096589,1.0104565226
2023-10-12 15:30:00+00:00,0.9832103151,1.0104565226
2023-10-12 16:00:00+00:00,0.9833593965,1.0104565226
2023-10-12 16:30:00+00:00,0.9828748820,1.0104565226
2023-10-12 17:00:00+00:00,0.9821201575,1.0104565226
2023-10-12 17:30:00+00:00,0.9815704200,1.0104565226
2023-10-13 06:00:00+00:00,0.9809655749,1.0104565226
2023-10-13 06:30:00+00:00,0.9804816989,1.0104565226
2023-10-13 07:00:00+00:00,0.9815983359,1.0104565226
2023-10-13 07:30:00+00:00,0.9818868004,1.0104565226
2023-10-13 08:00:00+00:00,0.9822310968,1.0104565226
2023-10-13 08:30:00+00:00,0.9820636013,1.0104565226
2023-10-13 09:00:00+00:00,0.9811516811,1.0104565226
2023-10-13 09:30:00+00:00,0.9797931061,1.0104565226
2023-10-13 10:00:00+00:00,0.9790393762,1.0104565226
2023-10-13 10:30:00+00:00,0.9787323010,1.0104565226
2023-10-13 11:00:00+00:00,0.9793092301,1.0104565226
2023-10-13 11:30:00+00:00,0.9793464514,1.0104565226
2023-10-13 12:00:00+00:00,0.9802397609,1.0104565226
2023-10-13 12:30:00+00:00,0.9805468361,1.0104565226
2023-10-13 13:00:00+00:00,0.9790486814,1.0104565226
2023-10-13 13:30:00+00:00,0.9795325575,1.0104565226
2023-10-13 14:00:00+00:00,0.9777924648,1.0104565226
2023-10-13 14:30:00+00:00,0.9773830313,1.0104565226
2023-10-13 15:00:00+00:00,0.9771503986,1.0104565226
2023-10-13 15:30:00+00:00,0.9771224826,1.0104565226
2023-10-13 16:00:00+00:00,0.9782670356,1.0104565226
2023-10-13 16:30:00+00:00,0.9779041286,1.0104565226
2023-10-13 17:00:00+00:00,0.9775784428,1.0104565226
2023-10-13 17:30:00+00:00,0.9775412215,1.0104565226
2023-10-16 06:00:00+00:00,0.9773741141,1.0104565226
2023-10-16 06:30:00+00:00,0.9780332600,1.0104565226
2023-10-16 07:00:00+00:00,0.9772070067,1.0104565226
2023-10-16 07:30:00+00:00,0.9779775575,1.0104565226
2023-10-16 08:00:00+00:00,0.9780611112,1.0104565226
2023-10-16 08:30:00+00:00,0.9785902847,1.0104565226
2023-10-16 09:00:00+00:00,0.9783396236,1.0104565226
2023-10-16 09:30:00+00:00,0.9777640314,1.0104565226
2023-10-16 10:00:00+00:00,0.9776897615,1.0104565226
2023-10-16 10:30:00+00:00,0.9778011664,1.0104565226
2023-10-16 11:00:00+00:00,0.9776340590,1.0104565226
2023-10-16 11:30:00+00:00,0.9782003675,1.0104565226
2023-10-16 12:00:00+00:00,0.9778011664,1.0104565226
2023-10-16 12:30:00+00:00,0.9786738385,1.0104565226
2023-10-16 13:00:00+00:00,0.9783303399,1.0104565226
2023-10-16 13:30:00+00:00,0.9775783565,1.0104565226
2023-10-16 14:00:00+00:00,0.9784510286,1.0104565226
2023-10-16 14:30:00+00:00,0.9793979706,1.0104565226
2023-10-16 15:00:00+00:00,0.9790359045,1.0104565226
2023-10-16 15:30:00+00:00,0.9789523508,1.0104565226
2023-10-16 16:00:00+00:00,0.9789244996,1.0104565226
2023-10-16 16:30:00+00:00,0.9792030119,1.0104565226
2023-10-16 17:00:00+00:00,0.9791380257,1.0104565226
2023-10-16 17:30:00+00:00,0.9798992928,1.0104565226
2023-10-17 06:00:00+00:00,0.9794718031,1.0104565226
2023-10-17 06:30:00+00:00,0.9792487650,1.0104565226
2023-10-17 07:00:00+00:00,0.9803267825,1.0104565226
2023-10-17 07:30:00+00:00,0.9803081960,1.0104565226
2023-10-17 08:00:00+00:00,0.9795833222,1.0104565226
2023-10-17 08:30:00+00:00,0.9791372460,1.0104565226
2023-10-17 09:00:00+00:00,0.9804383015,1.0104565226
2023-10-17 09:30:00+00:00,0.9808100317,1.0104565226
2023-10-17 10:00:00+00:00,0.9808100317,1.0104565226
2023-10-17 10:30:00+00:00,0.9807542722,1.0104565226
2023-10-17 11:00:00+00:00,0.9823527118,1.0104565226
2023-10-17 11:30:00+00:00,0.9827802015,1.0104565226
2023-10-17 12:00:00+00:00,0.9822597793,1.0104565226
2023-10-17 12:30:00+00:00,0.9801687972,1.0104565226
2023-10-17 13:00:00+00:00,0.9804011286,1.0104565226
2023-10-17 13:30:00+00:00,0.9803453691,1.0104565226
2023-10-17 14:00:00+00:00,0.9832355710,1.0104565226
2023-10-17 14:30:00+00:00,0.9827802015,1.0104565226
2023-10-17 15:00:00+00:00,0.9832355710,1.0104565226
2023-10-17 15:30:00+00:00,0.9843786412,1.0104565226
2023-10-17 16:00:00+00:00,0.9843786412,1.0104565226
2023-10-17 16:30:00+00:00,0.9831891047,1.0104565226
2023-10-17 17:00:00+00:00,0.9828731341,1.0104565226
2023-10-17 17:30:00+00:00,0.9820367412,1.0104565226
2023-10-18 06:00:00+00:00,0.9826956083,1.0104565226
2023-10-18 06:30:00+00:00,0.9817119476,1.0104565226
2023-10-18 07:00:00+00:00,0.9812943558,1.0104565226
2023-10-18 07:30:00+00:00,0.9817026678,1.0104565226
2023-10-18 08:00:00+00:00,0.9812757962,1.0104565226
2023-10-18 08:30:00+00:00,0.9821202596,1.0104565226
2023-10-18 09:00:00+00:00,0.9815541907,1.0104565226
2023-10-18 09:30:00+00:00,0.9808025255,1.0104565226
2023-10-18 10:00:00+00:00,0.9797817455,1.0104565226
2023-10-18 10:30:00+00:00,0.9795775895,1.0104565226
2023-10-18 11:00:00+00:00,0.9800508602,1.0104565226
2023-10-18 11:30:00+00:00,0.9800137410,1.0104565226
2023-10-18 12:00:00+00:00,0.9806540484,1.0104565226
2023-10-18 12:30:00+00:00,0.9796703877,1.0104565226
2023-10-18 13:00:00+00:00,0.9792991950,1.0104565226
2023-10-18 13:30:00+00:00,0.9790950390,1.0104565226
2023-10-18 14:00:00+00:00,0.9782969747,1.0104565226
2023-10-18 14:30:00+00:00,0.9778608232,1.0104565226
2023-10-18 15:00:00+00:00,0.9774432314,1.0104565226
2023-10-18 15:30:00+00:00,0.9772854745,1.0104565226
2023-10-18 16:00:00+00:00,0.9769328414,1.0104565226
2023-10-18 16:30:00+00:00,0.9778144241,1.0104565226
2023-10-18 17:00:00+00:00,0.9790115207,1.0104565226
2023-10-18 17:30:00+00:00,0.9790393602,1.0104565226
2023-10-19 06:00:00+00:00,0.9790672443,1.0104565226
2023-10-19 06:30:00+00:00,0.9796806949,1.0104565226
2023-10-19 07:00:00+00:00,0.9798201155,1.0104565226
2023-10-19 07:30:00+00:00,0.9794483272,1.0104565226
2023-10-19 08:00:00+00:00,0.9797364632,1.0104565226
2023-10-19 08:30:00+00:00,0.9792810225,1.0104565226
2023-10-19 09:00:00+00:00,0.9794948008,1.0104565226
2023-10-19 09:30:00+00:00,0.9800896620,1.0104565226
2023-10-19 10:00:00+00:00,0.9802197879,1.0104565226
2023-10-19 10:30:00+00:00,0.9807124074,1.0104565226
2023-10-19 11:00:00+00:00,0.9810284274,1.0104565226
2023-10-19 11:30:00+00:00,0.9813258581,1.0104565226
2023-10-19 12:00:00+00:00,0.9820973187,1.0104565226
2023-10-19 12:30:00+00:00,0.9830360841,1.0104565226
2023-10-19 13:00:00+00:00,0.9822274446,1.0104565226
2023-10-19 13:30:00+00:00,0.9829524318,1.0104565226
2023-10-19 14:00:00+00:00,0.9825062858,1.0104565226
2023-10-19 14:30:00+00:00,0.9823575705,1.0104565226
2023-10-19 15:00:00+00:00,0.9827479482,1.0104565226
2023-10-19 15:30:00+00:00,0.9824319282,1.0104565226
2023-10-19 16:00:00+00:00,0.9841979224,1.0104565226
2023-10-19 16:30:00+00:00,0.9849229096,1.0104565226
2023-10-19 17:00:00+00:00,0.9849229096,1.0104565226
2023-10-19 17:30:00+00:00,0.9851088037,1.0104565226
2023-10-20 06:00:00+00:00,0.9846709237,1.0104565226
2023-10-20 06:30:00+00:00,0.9851553866,1.0104565226
2023-10-20 07:00:00+00:00,0.9848106726,1.0104565226
2023-10-20 07:30:00+00:00,0.9848199892,1.0104565226
2023-10-20 08:00:00+00:00,0.9863851772,1.0104565226
2023-10-20 08:30:00+00:00,0.9864131270,1.0104565226
2023-10-20 09:00:00+00:00,0.9857795985,1.0104565226
2023-10-20 09:30:00+00:00,0.9866274087,1.0104565226
2023-10-20 10:00:00+00:00,0.9863292776,1.0104565226
2023-10-20 10:30:00+00:00,0.9861988453,1.0104565226
2023-10-20 11:00:00+00:00,0.9867578410,1.0104565226
2023-10-20 11:30:00+00:00,0.9867205746,1.0104565226
2023-10-20 12:00:00+00:00,0.9849504216,1.0104565226
2023-10-20 12:30:00+00:00,0.9860497797,1.0104565226
2023-10-20 13:00:00+00:00,0.9860311465,1.0104565226
2023-10-20 13:30:00+00:00,0.9856118998,1.0104565226
2023-10-20 14:00:00+00:00,0.9859379806,1.0104565226
2023-10-20 14:30:00+00:00,0.9864224435,1.0104565226
2023-10-20 15:00:00+00:00,0.9871677711,1.0104565226
2023-10-20 15:30:00+00:00,0.9867392078,1.0104565226
2023-10-20 16:00:00+00:00,0.9862361117,1.0104565226
2023-10-20 16:30:00+00:00,0.9865901423,1.0104565226
2023-10-20 17:00:00+00:00,0.9873354699,1.0104565226
2023-10-20 17:30:00+00:00,0.9871491380,1.0104565226
2023-10-23 06:00:00+00:00,0.9870184837,1.0104565226
2023-10-23 06:30:00+00:00,0.9876157604,1.0104565226
2023-10-23 07:00:00+00:00,0.9878864015,1.0104565226
2023-10-23 07:30:00+00:00,0.9890156278,1.0104565226
2023-10-23 08:00:00+00:00,0.9896502343,1.0104565226
2023-10-23 08:30:00+00:00,0.9895009151,1.0104565226
2023-10-23 09:00:00+00:00,0.9906114765,1.0104565226
2023-10-23 09:30:00+00:00,0.9886143324,1.0104565226
2023-10-23 10:00:00+00:00,0.9890249602,1.0104565226
2023-10-23 10:30:00+00:00,0.9896502343,1.0104565226
2023-10-23 11:00:00+00:00,0.9899582051,1.0104565226
2023-10-23 11:30:00+00:00,0.9894075906,1.0104565226
2023-10-23 12:00:00+00:00,0.9905554819,1.0104565226
2023-10-23 12:30:00+00:00,0.9901635190,1.0104565226
2023-10-23 13:00:00+00:00,0.9893142662,1.0104565226
2023-10-23 13:30:00+00:00,0.9897248939,1.0104565226
2023-10-23 14:00:00+00:00,0.9917220381,1.0104565226
2023-10-23 14:30:00+00:00,0.9919273520,1.0104565226
2023-10-23 15:00:00+00:00,0.9928046022,1.0104565226
2023-10-23 15:30:00+00:00,0.9934765386,1.0104565226
2023-10-23 16:00:00+00:00,0.9938031743,1.0104565226
2023-10-23 16:30:00+00:00,0.9952777012,1.0104565226
2023-10-23 17:00:00+00:00,0.9956230018,1.0104565226
2023-10-23 17:30:00+00:00,0.9956136694,1.0104565226
2023-10-24 06:00:00+00:00,0.9960517688,1.0104565226
2023-10-24 06:30:00+00:00,0.9960144838,1.0104565226
2023-10-24 07:00:00+00:00,0.9953060676,1.0104565226
2023-10-24 07:30:00+00:00,0.9939358416,1.0104565226
2023-10-24 08:00:00+00:00,0.9928638961,1.0104565226
2023-10-24 08:30:00+00:00,0.9927520410,1.0104565226
2023-10-24 09:00:00+00:00,0.9923512266,1.0104565226
2023-10-24 09:30:00+00:00,0.9915029914,1.0104565226
2023-10-24 10:00:00+00:00,0.9913724937,1.0104565226
2023-10-24 10:30:00+00:00,0.9904217246,1.0104565226
2023-10-24 11:00:00+00:00,0.9910555707,1.0104565226
2023-10-24 11:30:00+00:00,0.9913538512,1.0104565226
2023-10-24 12:00:00+00:00,0.9903657971,1.0104565226
2023-10-24 12:30:00+00:00,0.9895268832,1.0104565226
2023-10-24 13:00:00+00:00,0.9897878786,1.0104565226
2023-10-24 13:30:00+00:00,0.9891353901,1.0104565226
2023-10-24 14:00:00+00:00,0.9892845303,1.0104565226
2023-10-24 14:30:00+00:00,0.9880354807,1.0104565226
2023-10-24 15:00:00+00:00,0.9867864311,1.0104565226
2023-10-24 15:30:00+00:00,0.9874855260,1.0104565226
2023-10-24 16:00:00+00:00,0.9877744852,1.0104565226
2023-10-24 16:30:00+00:00,0.9868330374,1.0104565226
2023-10-24 17:00:00+00:00,0.9871313179,1.0104565226
2023-10-24 17:30:00+00:00,0.9870194627,1.0104565226
2023-10-25 06:00:00+00:00,0.9872615367,1.0104565226
2023-10-25 06:30:00+00:00,0.9862280670,1.0104565226
2023-10-25 07:00:00+00:00,0.9852690816,1.0104565226
2023-10-25 07:30:00+00:00,0.9857252979,1.0104565226
2023-10-25 08:00:00+00:00,0.9862001354,1.0104565226
2023-10-25 08:30:00+00:00,0.9855297766,1.0104565226
2023-10-25 09:00:00+00:00,0.9838631903,1.0104565226
2023-10-25 09:30:00+00:00,0.9840214695,1.0104565226
2023-10-25 10:00:00+00:00,0.9845335490,1.0104565226
2023-10-25 10:30:00+00:00,0.9845242385,1.0104565226
2023-10-25 11:00:00+00:00,0.9847104493,1.0104565226
2023-10-25 11:30:00+00:00,0.9843845805,1.0104565226
2023-10-25 12:00:00+00:00,0.9842356118,1.0104565226
2023-10-25 12:30:00+00:00,0.9845894123,1.0104565226
2023-10-25 13:00:00+00:00,0.9843194067,1.0104565226
2023-10-25 13:30:00+00:00,0.9851480446,1.0104565226
2023-10-25 14:00:00+00:00,0.9848407968,1.0104565226
2023-10-25 14:30:00+00:00,0.9855297767,1.0104565226
2023-10-25 15:00:00+00:00,0.9860418563,1.0104565226
2023-10-25 15:30:00+00:00,0.9853528764,1.0104565226
2023-10-25 16:00:00+00:00,0.9852225289,1.0104565226
2023-10-25 16:30:00+00:00,0.9845521702,1.0104565226
2023-10-25 17:00:00+00:00,0.9840494011,1.0104565226
2023-10-25 17:30:00+00:00,0.9842356119,1.0104565226
2023-10-26 06:00:00+00:00,0.9842356119,1.0104565226
2023-10-26 06:30:00+00:00,0.9838715158,1.0104565226
2023-10-26 07:00:00+00:00,0.9841515897,1.0104565226
2023-10-26 07:30:00+00:00,0.9847677522,1.0104565226
2023-10-26 08:00:00+00:00,0.9844690067,1.0104565226
2023-10-26 08:30:00+00:00,0.9844970141,1.0104565226
2023-10-26 09:00:00+00:00,0.9849451323,1.0104565226
2023-10-26 09:30:00+00:00,0.9845343573,1.0104565226
2023-10-26 10:00:00+00:00,0.9846277153,1.0104565226
2023-10-26 10:30:00+00:00,0.9837314789,1.0104565226
2023-10-26 11:00:00+00:00,0.9835821062,1.0104565226
2023-10-26 11:30:00+00:00,0.9836567925,1.0104565226
2023-10-26 12:00:00+00:00,0.9837501505,1.0104565226
2023-10-26 12:30:00+00:00,0.9857853539,1.0104565226
2023-10-26 13:00:00+00:00,0.9847490806,1.0104565226
2023-10-26 13:30:00+00:00,0.9846650585,1.0104565226
2023-10-26 14:00:00+00:00,0.9840582317,1.0104565226
2023-10-26 14:30:00+00:00,0.9842542835,1.0104565226
2023-10-26 15:00:00+00:00,0.9826858697,1.0104565226
2023-10-26 15:30:00+00:00,0.9832273459,1.0104565226
2023-10-26 16:00:00+00:00,0.9835167556,1.0104565226
2023-10-26 16:30:00+00:00,0.9829286004,1.0104565226
2023-10-26 17:00:00+00:00,0.9842542834,1.0104565226
2023-10-26 17:30:00+00:00,0.9850011470,1.0104565226
2023-10-27 06:00:00+00:00,0.9838455456,1.0104565226
2023-10-27 06:30:00+00:00,0.9837709907,1.0104565226
2023-10-27 07:00:00+00:00,0.9842835559,1.0104565226
2023-10-27 07:30:00+00:00,0.9839946555,1.0104565226
2023-10-27 08:00:00+00:00,0.9839760168,1.0104565226
2023-10-27 08:30:00+00:00,0.9842928752,1.0104565226
2023-10-27 09:00:00+00:00,0.9845351788,1.0104565226
2023-10-27 09:30:00+00:00,0.9845351788,1.0104565226
2023-10-27 10:00:00+00:00,0.9839573780,1.0104565226
2023-10-27 10:30:00+00:00,0.9837337132,1.0104565226
2023-10-27 11:00:00+00:00,0.9827085829,1.0104565226
2023-10-27 11:30:00+00:00,0.9820096304,1.0104565226
2023-10-27 12:00:00+00:00,0.9826153892,1.0104565226
2023-10-27 12:30:00+00:00,0.9837430326,1.0104565226
2023-10-27 13:00:00+00:00,0.9859517225,1.0104565226
2023-10-27 13:30:00+00:00,0.9859983193,1.0104565226
2023-10-27 14:00:00+00:00,0.9861194711,1.0104565226
2023-10-27 14:30:00+00:00,0.9858398901,1.0104565226
2023-10-27 15:00:00+00:00,0.9873496275,1.0104565226
2023-10-27 15:30:00+00:00,0.9870327691,1.0104565226
2023-10-27 16:00:00+00:00,0.9869022979,1.0104565226
2023-10-27 16:30:00+00:00,0.9862779004,1.0104565226
2023-10-27 17:00:00+00:00,0.9851502570,1.0104565226
2023-10-27 17:30:00+00:00,0.9847961211,1.0104565226
2023-10-30 06:00:00+00:00,0.9850012539,1.0104565226
2023-10-30 06:30:00+00:00,0.9851224688,1.0104565226
2023-10-30 07:00:00+00:00,0.9846189610,1.0104565226
2023-10-30 07:30:00+00:00,0.9843392344,1.0104565226
2023-10-30 08:00:00+00:00,0.9835373515,1.0104565226
2023-10-30 08:30:00+00:00,0.9846376094,1.0104565226
2023-10-30 09:00:00+00:00,0.9866889378,1.0104565226
2023-10-30 09:30:00+00:00,0.9867448831,1.0104565226
2023-10-30 10:00:00+00:00,0.9864092112,1.0104565226
2023-10-30 10:30:00+00:00,0.9860269182,1.0104565226
2023-10-30 11:00:00+00:00,0.9863159690,1.0104565226
2023-10-30 11:30:00+00:00,0.9870152855,1.0104565226
2023-10-30 12:00:00+00:00,0.9872017699,1.0104565226
2023-10-30 12:30:00+00:00,0.9890199927,1.0104565226
2023-10-30 13:00:00+00:00,0.9884698637,1.0104565226
2023-10-30 13:30:00+00:00,0.9892624224,1.0104565226
2023-10-30 14:00:00+00:00,0.9880689223,1.0104565226
2023-10-30 14:30:00+00:00,0.9888708052,1.0104565226
2023-10-30 15:00:00+00:00,0.9906051101,1.0104565226
2023-10-30 15:30:00+00:00,0.9901668718,1.0104565226
2023-10-30 16:00:00+00:00,0.9889826959,1.0104565226
2023-10-30 16:30:00+00:00,0.9890386412,1.0104565226
2023-10-30 17:00:00+00:00,0.9894116100,1.0104565226
2023-10-30 17:30:00+00:00,0.9894395826,1.0104565226
2023-10-31 06:00:00+00:00,0.9898223373,1.0104565226
2023-10-31 06:30:00+00:00,0.9904011371,1.0104565226
2023-10-31 07:00:00+00:00,0.9905691758,1.0104565226
2023-10-31 07:30:00+00:00,0.9915587367,1.0104565226
2023-10-31 08:00:00+00:00,0.9925669686,1.0104565226
2023-10-31 08:30:00+00:00,0.9937992521,1.0104565226
2023-10-31 09:00:00+00:00,0.9930244072,1.0104565226
2023-10-31 09:30:00+00:00,0.9959464126,1.0104565226
2023-10-31 10:00:00+00:00,0.9953862837,1.0104565226
2023-10-31 10:30:00+00:00,0.9955729934,1.0104565226
2023-10-31 11:00:00+00:00,0.9950315355,1.0104565226
2023-10-31 11:30:00+00:00,0.9947701420,1.0104565226
2023-10-31 12:00:00+00:00,0.9948168194,1.0104565226
2023-10-31 12:30:00+00:00,0.9918294657,1.0104565226
2023-10-31 13:00:00+00:00,0.9902237631,1.0104565226
2023-10-31 13:30:00+00:00,0.9898970213,1.0104565226
2023-10-31 14:00:00+00:00,0.9902704405,1.0104565226
2023-10-31 14:30:00+00:00,0.9897756601,1.0104565226
2023-10-31 15:00:00+00:00,0.9879925832,1.0104565226
2023-10-31 15:30:00+00:00,0.9865175773,1.0104565226
2023-10-31 16:00:00+00:00,0.9860508033,1.0104565226
2023-10-31 16:30:00+00:00,0.9865362483,1.0104565226
2023-10-31 17:00:00+00:00,0.9871990674,1.0104565226
2023-10-31 17:30:00+00:00,0.9872457448,1.0104565226
2023-11-01 06:00:00+00:00,0.9874045561,1.0104565226
2023-11-01 06:30:00+00:00,0.9878155971,1.0104565226
2023-11-01 07:00:00+00:00,0.9872831122,1.0104565226
2023-11-01 07:30:00+00:00,0.9869281223,1.0104565226
2023-11-01 08:00:00+00:00,0.9863302445,1.0104565226
2023-11-01 08:30:00+00:00,0.9863395863,1.0104565226
2023-11-01 09:00:00+00:00,0.9857790758,1.0104565226
2023-11-01 09:30:00+00:00,0.9854894788,1.0104565226
2023-11-01 10:00:00+00:00,0.9854054022,1.0104565226
2023-11-01 10:30:00+00:00,0.9853960604,1.0104565226
2023-11-01 11:00:00+00:00,0.9848448918,1.0104565226
2023-11-01 11:30:00+00:00,0.9849102847,1.0104565226
2023-11-01 12:00:00+00:00,0.9851158052,1.0104565226
2023-11-01 12:30:00+00:00,0.9844992437,1.0104565226
2023-11-01 13:00:00+00:00,0.9831446767,1.0104565226
2023-11-01 13:30:00+00:00,0.9837705800,1.0104565226
2023-11-01 14:00:00+00:00,0.9864423465,1.0104565226
2023-11-01 14:30:00+00:00,0.9858071013,1.0104565226
2023-11-01 15:00:00+00:00,0.9847888406,1.0104565226
2023-11-01 15:30:00+00:00,0.9843871414,1.0104565226
2023-11-01 16:00:00+00:00,0.9844338506,1.0104565226
2023-11-01 16:30:00+00:00,0.9840508352,1.0104565226
2023-11-01 17:00:00+00:00,0.9840134678,1.0104565226
2023-11-01 17:30:00+00:00,0.9841816209,1.0104565226
2023-11-02 06:00:00+00:00,0.9843952262,1.0104565226
2023-11-02 06:30:00+00:00,0.9844416621,1.0104565226
2023-11-02 07:00:00+00:00,0.9847945752,1.0104565226
2023-11-02 07:30:00+00:00,0.9847760008,1.0104565226
2023-11-02 08:00:00+00:00,0.9843209287,1.0104565226
2023-11-02 08:30:00+00:00,0.9844788109,1.0104565226
2023-11-02 09:00:00+00:00,0.9860947811,1.0104565226
2023-11-02 09:30:00+00:00,0.9866520123,1.0104565226
2023-11-02 10:00:00+00:00,0.9870420740,1.0104565226
2023-11-02 10:30:00+00:00,0.9876550283,1.0104565226
2023-11-02 11:00:00+00:00,0.9876364539,1.0104565226
2023-11-02 11:30:00+00:00,0.9875807308,1.0104565226
2023-11-02 12:00:00+00:00,0.9887787777,1.0104565226
2023-11-02 12:30:00+00:00,0.9904226096,1.0104565226
2023-11-02 13:00:00+00:00,0.9895774757,1.0104565226
2023-11-02 13:30:00+00:00,0.9888623624,1.0104565226
2023-11-02 14:00:00+00:00,0.9873764127,1.0104565226
2023-11-02 14:30:00+00:00,0.9881286748,1.0104565226
2023-11-02 15:00:00+00:00,0.9867913200,1.0104565226
2023-11-02 15:30:00+00:00,0.9860576324,1.0104565226
2023-11-02 16:00:00+00:00,0.9858533143,1.0104565226
2023-11-02 16:30:00+00:00,0.9858811759,1.0104565226
2023-11-02 17:00:00+00:00,0.9867170226,1.0104565226
2023-11-02 17:30:00+00:00,0.9870792228,1.0104565226
2023-11-03 06:00:00+00:00,0.9871906522,1.0104565226
2023-11-03 06:30:00+00:00,0.9872092238,1.0104565226
2023-11-03 07:00:00+00:00,0.9873206533,1.0104565226
2023-11-03 07:30:00+00:00,0.9870235081,1.0104565226
2023-11-03 08:00:00+00:00,0.9865777903,1.0104565226
2023-11-03 08:30:00+00:00,0.9868192207,1.0104565226
2023-11-03 09:00:00+00:00,0.9873392249,1.0104565226
2023-11-03 09:30:00+00:00,0.9887692361,1.0104565226
2023-11-03 10:00:00+00:00,0.9884535194,1.0104565226
2023-11-03 10:30:00+00:00,0.9882956610,1.0104565226
2023-11-03 11:00:00+00:00,0.9891406676,1.0104565226
2023-11-03 11:30:00+00:00,0.9886299493,1.0104565226
2023-11-03 12:00:00+00:00,0.9892520971,1.0104565226
2023-11-03 12:30:00+00:00,0.9944521382,1.0104565226
2023-11-03 13:00:00+00:00,0.9943407088,1.0104565226
2023-11-03 13:30:00+00:00,0.9951764297,1.0104565226
2023-11-03 14:00:00+00:00,0.9934957021,1.0104565226
2023-11-03 14:30:00+00:00,0.9954271460,1.0104565226
2023-11-03 15:00:00+00:00,0.9960121506,1.0104565226
2023-11-03 15:30:00+00:00,0.9965878695,1.0104565226
2023-11-03 16:00:00+00:00,0.9969407294,1.0104565226
2023-11-03 16:30:00+00:00,0.9972378746,1.0104565226
2023-11-03 17:00:00+00:00,0.9966807273,1.0104565226
2023-11-03 17:30:00+00:00,0.9969778725,1.0104565226
2023-11-06 07:00:00+00:00,0.9972378794,1.0104565226
2023-11-06 07:30:00+00:00,0.9966807218,1.0104565226
2023-11-06 08:00:00+00:00,0.9980829018,1.0104565226
2023-11-06 08:30:00+00:00,0.9982686210,1.0104565226
2023-11-06 09:00:00+00:00,0.9978878967,1.0104565226
2023-11-06 09:30:00+00:00,0.9979807563,1.0104565226
2023-11-06 10:00:00+00:00,0.9985286279,1.0104565226
2023-11-06 10:30:00+00:00,0.9981107597,1.0104565226
2023-11-06 11:00:00+00:00,0.9978321809,1.0104565226
2023-11-06 11:30:00+00:00,0.9983800526,1.0104565226
2023-11-06 12:00:00+00:00,0.9983893386,1.0104565226
2023-11-06 12:30:00+00:00,0.9976464617,1.0104565226
2023-11-06 13:00:00+00:00,0.9974050268,1.0104565226
2023-11-06 13:30:00+00:00,0.9970893041,1.0104565226
2023-11-06 14:00:00+00:00,0.9974421706,1.0104565226
2023-11-06 14:30:00+00:00,0.9972100216,1.0104565226
2023-11-06 15:00:00+00:00,0.9967457235,1.0104565226
2023-11-06 15:30:00+00:00,0.9976650336,1.0104565226
2023-11-06 16:00:00+00:00,0.9975350302,1.0104565226
2023-11-06 16:30:00+00:00,0.9978786107,1.0104565226
2023-11-06 17:00:00+00:00,0.9969778725,1.0104565226
2023-11-06 17:30:00+00:00,0.9969035849,1.0104565226
2023-11-06 18:00:00+00:00,0.9964950026,1.0104565226
2023-11-06 18:30:00+00:00,0.9969128708,1.0104565226
2023-11-07 07:00:00+00:00,0.9964843235,1.0104565226
2023-11-07 07:30:00+00:00,0.9965495372,1.0104565226
2023-11-07 08:00:00+00:00,0.9969221871,1.0104565226
2023-11-07 08:30:00+00:00,0.9971737257,1.0104565226
2023-11-07 09:00:00+00:00,0.9962421011,1.0104565226
2023-11-07 09:30:00+00:00,0.9953104765,1.0104565226
2023-11-07 10:00:00+00:00,0.9965215884,1.0104565226
2023-11-07 10:30:00+00:00,0.9951427840,1.0104565226
2023-11-07 11:00:00+00:00,0.9947328692,1.0104565226
2023-11-07 11:30:00+00:00,0.9944161168,1.0104565226
2023-11-07 12:00:00+00:00,0.9950496216,1.0104565226
2023-11-07 12:30:00+00:00,0.9948632966,1.0104565226
2023-11-07 13:00:00+00:00,0.9947701342,1.0104565226
2023-11-07 13:30:00+00:00,0.9946210742,1.0104565226
2023-11-07 14:00:00+00:00,0.9940527832,1.0104565226
2023-11-07 14:30:00+00:00,0.9946210742,1.0104565226
2023-11-07 15:00:00+00:00,0.9953477415,1.0104565226
2023-11-07 15:30:00+00:00,0.9954409039,1.0104565226
2023-11-07 16:00:00+00:00,0.9954502202,1.0104565226
2023-11-07 16:30:00+00:00,0.9955247501,1.0104565226
2023-11-07 17:00:00+00:00,0.9946024418,1.0104565226
2023-11-07 17:30:00+00:00,0.9947235530,1.0104565226
2023-11-07 18:00:00+00:00,0.9957017588,1.0104565226
2023-11-07 18:30:00+00:00,0.9967451784,1.0104565226
2023-11-08 07:00:00+00:00,0.9962972786,1.0104565226
2023-11-08 07:30:00+00:00,0.9966145410,1.0104565226
2023-11-08 08:00:00+00:00,0.9964279160,1.0104565226
2023-11-08 08:30:00+00:00,0.9958867036,1.0104565226
2023-11-08 09:00:00+00:00,0.9953174975,1.0104565226
2023-11-08 09:30:00+00:00,0.9952148538,1.0104565226
2023-11-08 10:00:00+00:00,0.9950188976,1.0104565226
2023-11-08 10:30:00+00:00,0.9954761288,1.0104565226
2023-11-08 11:00:00+00:00,0.9961386473,1.0104565226
2023-11-08 11:30:00+00:00,0.9963159410,1.0104565226
2023-11-08 12:00:00+00:00,0.9960453349,1.0104565226
2023-11-08 12:30:00+00:00,0.9954761288,1.0104565226
2023-11-08 13:00:00+00:00,0.9951588664,1.0104565226
2023-11-08 13:30:00+00:00,0.9955881037,1.0104565226
2023-11-08 14:00:00+00:00,0.9960546661,1.0104565226
2023-11-08 14:30:00+00:00,0.9975476656,1.0104565226
2023-11-08 15:00:00+00:00,0.9977716156,1.0104565226
2023-11-08 15:30:00+00:00,0.9989473527,1.0104565226
2023-11-08 16:00:00+00:00,0.9991619714,1.0104565226
2023-11-08 16:30:00+00:00,0.9997964963,1.0104565226
2023-11-08 17:00:00+00:00,0.9990406652,1.0104565226
2023-11-08 17:30:00+00:00,0.9991713027,1.0104565226
2023-11-08 18:00:00+00:00,0.9990313340,1.0104565226
2023-11-08 18:30:00+00:00,0.9993206027,1.0104565226
2023-11-09 07:00:00+00:00,0.9991152807,1.0104565226
2023-11-09 07:30:00+00:00,0.9991152807,1.0104565226
2023-11-09 08:00:00+00:00,0.9982473288,1.0104565226
2023-11-09 08:30:00+00:00,0.9987792993,1.0104565226
2023-11-09 09:00:00+00:00,0.9989472900,1.0104565226
2023-11-09 09:30:00+00:00,0.9983966539,1.0104565226
2023-11-09 10:00:00+00:00,0.9977246911,1.0104565226
2023-11-09 10:30:00+00:00,0.9973607113,1.0104565226
2023-11-09 11:00:00+00:00,0.9968847377,1.0104565226
2023-11-09 11:30:00+00:00,0.9975380348,1.0104565226
2023-11-09 12:00:00+00:00,0.9975846989,1.0104565226
2023-11-09 12:30:00+00:00,0.9977153583,1.0104565226
2023-11-09 13:00:00+00:00,0.9982566616,1.0104565226
2023-11-09 13:30:00+00:00,0.9993206026,1.0104565226
2023-11-09 14:00:00+00:00,0.9990126197,1.0104565226
2023-11-09 14:30:00+00:00,1.0008698501,1.0104565226
2023-11-09 15:00:00+00:00,0.9994699277,1.0104565226
2023-11-09 15:30:00+00:00,1.0000298967,1.0104565226
2023-11-09 16:00:00+00:00,0.9997499122,1.0104565226
2023-11-09 16:30:00+00:00,0.9995165918,1.0104565226
2023-11-09 17:00:00+00:00,0.9992459401,1.0104565226
2023-11-09 17:30:00+00:00,0.9990592838,1.0104565226
2023-11-09 18:00:00+00:00,0.9984619836,1.0104565226
2023-11-09 18:30:00+00:00,0.9980980037,1.0104565226
2023-11-10 07:00:00+00:00,0.9977611120,1.0104565226
2023-11-10 07:30:00+00:00,0.9978640511,1.0104565226
2023-11-10 08:00:00+00:00,0.9991086790,1.0104565226
2023-11-10 08:30:00+00:00,0.9986220576,1.0104565226
2023-11-10 09:00:00+00:00,0.9983038821,1.0104565226
2023-11-10 09:30:00+00:00,0.9991835439,1.0104565226
2023-11-10 10:00:00+00:00,0.9987905035,1.0104565226
2023-11-10 10:30:00+00:00,1.0001006381,1.0104565226
2023-11-10 11:00:00+00:00,0.9994268546,1.0104565226
2023-11-10 11:30:00+00:00,0.9991648276,1.0104565226
2023-11-10 12:00:00+00:00,0.9998198950,1.0104565226
2023-11-10 12:30:00+00:00,0.9996140166,1.0104565226
2023-11-10 13:00:00+00:00,0.9999228341,1.0104565226
2023-11-10 13:30:00+00:00,1.0002597259,1.0104565226
2023-11-10 14:00:00+00:00,0.9996982396,1.0104565226
2023-11-10 14:30:00+00:00,0.9988092196,1.0104565226
2023-11-10 15:00:00+00:00,0.9982945239,1.0104565226
2023-11-10 15:30:00+00:00,0.9985097603,1.0104565226
2023-11-10 16:00:00+00:00,0.9986220576,1.0104565226
2023-11-10 16:30:00+00:00,0.9984629698,1.0104565226
2023-11-10 17:00:00+00:00,0.9981354362,1.0104565226
2023-11-10 17:30:00+00:00,0.9993894221,1.0104565226
2023-11-10 18:00:00+00:00,0.9994081383,1.0104565226
2023-11-10 18:30:00+00:00,0.9995578680,1.0104565226
2023-11-13 07:00:00+00:00,1.0000908359,1.0104565226
2023-11-13 07:30:00+00:00,0.9998103265,1.0104565226
2023-11-13 08:00:00+00:00,0.9998477277,1.0104565226
2023-11-13 08:30:00+00:00,0.9996887724,1.0104565226
2023-11-13 09:00:00+00:00,1.0002965428,1.0104565226
2023-11-13 09:30:00+00:00,0.9995298171,1.0104565226
2023-11-13 10:00:00+00:00,0.9995111164,1.0104565226
2023-11-13 10:30:00+00:00,1.0002497912,1.0104565226
2023-11-13 11:00:00+00:00,0.9992493077,1.0104565226
2023-11-13 11:30:00+00:00,0.9993054095,1.0104565226
2023-11-13 12:00:00+00:00,0.9981179197,1.0104565226
2023-11-13 12:30:00+00:00,0.9979776650,1.0104565226
2023-11-13 13:00:00+00:00,0.9975475506,1.0104565226
2023-11-13 13:30:00+00:00,0.9979402637,1.0104565226
2023-11-13 14:00:00+00:00,0.9981833719,1.0104565226
2023-11-13 14:30:00+00:00,0.9983329769,1.0104565226
2023-11-13 15:00:00+00:00,0.9989126963,1.0104565226
2023-11-13 15:30:00+00:00,0.9994456642,1.0104565226
2023-11-13 16:00:00+00:00,1.0001001861,1.0104565226
2023-11-13 16:30:00+00:00,1.0004180968,1.0104565226
2023-11-13 17:00:00+00:00,1.0007453577,1.0104565226
2023-11-13 17:30:00+00:00,1.0000908358,1.0104565226
2023-11-13 18:00:00+00:00,0.9999786321,1.0104565226
2023-11-13 18:30:00+00:00,1.0006331540,1.0104565226
2023-11-14 07:00:00+00:00,1.0011755938,1.0104565226
2023-11-14 07:30:00+00:00,1.0013065276,1.0104565226
2023-11-14 08:00:00+00:00,1.0007921449,1.0104565226
2023-11-14 08:30:00+00:00,1.0005396299,1.0104565226
2023-11-14 09:00:00+00:00,1.0015496902,1.0104565226
2023-11-14 09:30:00+00:00,1.0022230638,1.0104565226
2023-11-14 10:00:00+00:00,1.0033360007,1.0104565226
2023-11-14 10:30:00+00:00,1.0027561512,1.0104565226
2023-11-14 11:00:00+00:00,1.0025036361,1.0104565226
2023-11-14 11:30:00+00:00,1.0025223409,1.0104565226
2023-11-14 12:00:00+00:00,1.0029244946,1.0104565226
2023-11-14 12:30:00+00:00,1.0026906843,1.0104565226
2023-11-14 13:00:00+00:00,1.0030554283,1.0104565226
2023-11-14 13:30:00+00:00,1.0090783808,1.0104565226
2023-11-14 14:00:00+00:00,1.0113323119,1.0104565226
2023-11-14 14:30:00+00:00,1.0131747369,1.0104565226
2023-11-14 15:00:00+00:00,1.0136330051,1.0104565226
2023-11-14 15:30:00+00:00,1.0135862430,1.0104565226
2023-11-14 16:00:00+00:00,1.0150171619,1.0104565226
2023-11-14 16:30:00+00:00,1.0157092403,1.0104565226
2023-11-14 17:00:00+00:00,1.0155689541,1.0104565226
2023-11-14 17:30:00+00:00,1.0168876441,1.0104565226
2023-11-14 18:00:00+00:00,1.0165509573,1.0104565226
2023-11-14 18:30:00+00:00,1.0165883669,1.0104565226
2023-11-15 07:00:00+00:00,1.0162050345,1.0104565226
2023-11-15 07:30:00+00:00,1.0165790174,1.0104565226
2023-11-15 08:00:00+00:00,1.0168875533,1.0104565226
2023-11-15 08:30:00+00:00,1.0163172293,1.0104565226
2023-11-15 09:00:00+00:00,1.0146717046,1.0104565226
2023-11-15 09:30:00+00:00,1.0146343063,1.0104565226
2023-11-15 10:00:00+00:00,1.0146904037,1.0104565226
2023-11-15 10:30:00+00:00,1.0150830858,1.0104565226
2023-11-15 11:00:00+00:00,1.0155973123,1.0104565226
2023-11-15 11:30:00+00:00,1.0159432465,1.0104565226
2023-11-15 12:00:00+00:00,1.0150082892,1.0104565226
2023-11-15 12:30:00+00:00,1.0157188567,1.0104565226
2023-11-15 13:00:00+00:00,1.0162143841,1.0104565226
2023-11-15 13:30:00+00:00,1.0152887764,1.0104565226
2023-11-15 14:00:00+00:00,1.0142509738,1.0104565226
2023-11-15 14:30:00+00:00,1.0131383747,1.0104565226
2023-11-15 15:00:00+00:00,1.0138489422,1.0104565226
2023-11-15 15:30:00+00:00,1.0158684499,1.0104565226
2023-11-15 16:00:00+00:00,1.0156814584,1.0104565226
2023-11-15 16:30:00+00:00,1.0146343063,1.0104565226
2023-11-15 17:00:00+00:00,1.0146530054,1.0104052328
2023-11-15 17:30:00+00:00,1.0148212978,1.0101978760
2023-11-15 18:00:00+00:00,1.0141668277,1.0108408494
2023-11-15 18:30:00+00:00,1.0140733319,1.0109327701
2023-11-16 07:00:00+00:00,1.0140078427,1.0109181986
2023-11-16 07:30:00+00:00,1.0142417329,1.0107207497
2023-11-16 08:00:00+00:00,1.0150650267,1.0098875616
2023-11-16 08:30:00+00:00,1.0155515184,1.0094090383
2023-11-16 09:00:00+00:00,1.0156076521,1.0093538534
2023-11-16 09:30:00+00:00,1.0151772940,1.0097770927
2023-11-16 10:00:00+00:00,1.0149621150,1.0099888462
2023-11-16 10:30:00+00:00,1.0146159574,1.0103296806
2023-11-16 11:00:00+00:00,1.0157573418,1.0092067234
2023-11-16 11:30:00+00:00,1.0152895613,1.0096666480
2023-11-16 12:00:00+00:00,1.0144288451,1.0105140117
2023-11-16 12:30:00+00:00,1.0143914227,1.0105508860
2023-11-16 13:00:00+00:00,1.0149340481,1.0100164728
2023-11-16 13:30:00+00:00,1.0179839772,1.0084743941
2023-11-16 14:00:00+00:00,1.0162906117,1.0096572355
2023-11-16 14:30:00+00:00,1.0175349079,1.0084796618
2023-11-16 15:00:00+00:00,1.0189195382,1.0071968325
2023-11-16 15:30:00+00:00,1.0177407312,1.0082887572
2023-11-16 16:00:00+00:00,1.0156076521,1.0102708577
2023-11-16 16:30:00+00:00,1.0150650267,1.0107763628
2023-11-16 17:00:00+00:00,1.0157760531,1.0101140831
2023-11-16 17:30:00+00:00,1.0160192990,1.0098877198
2023-11-16 18:00:00+00:00,1.0159444541,1.0099573588
2023-11-16 18:30:00+00:00,1.0159350985,1.0099660644
2023-11-17 07:00:00+00:00,1.0149614156,1.0103794116
2023-11-17 07:30:00+00:00,1.0147273572,1.0105200471
2023-11-17 08:00:00+00:00,1.0145962845,1.0106167106
2023-11-17 08:30:00+00:00,1.0156635907,1.0096652899
2023-11-17 09:00:00+00:00,1.0160942581,1.0092819198
2023-11-17 09:30:00+00:00,1.0160848958,1.0092902507
2023-11-17 10:00:00+00:00,1.0174049850,1.0081170345
2023-11-17 10:30:00+00:00,1.0177607538,1.0078013420
2023-11-17 11:00:00+00:00,1.0180509861,1.0075439584
2023-11-17 11:30:00+00:00,1.0173300863,1.0081835227
2023-11-17 12:00:00+00:00,1.0170211293,1.0084578848
2023-11-17 12:30:00+00:00,1.0170679409,1.0084163046
2023-11-17 13:00:00+00:00,1.0178262901,1.0080374451
2023-11-17 13:30:00+00:00,1.0177982031,1.0079972659
2023-11-17 14:00:00+00:00,1.0176109564,1.0079972659
2023-11-17 14:30:00+00:00,1.0176390434,1.0079972659
2023-11-17 15:00:00+00:00,1.0186033639,1.0079972659
2023-11-17 15:30:00+00:00,1.0192587274,1.0079972659
2023-11-17 16:00:00+00:00,1.0187718860,1.0079972659
2023-11-17 16:30:00+00:00,1.0184910159,1.0079972659
2023-11-17 17:00:00+00:00,1.0188467847,1.0079972659
2023-11-17 17:30:00+00:00,1.0195864092,1.0079972659
2023-11-17 18:00:00+00:00,1.0199702650,1.0079972659
2023-11-17 18:30:00+00:00,1.0208128752,1.0079972659
2023-11-20 07:00:00+00:00,1.0205884611,1.0079972659
2023-11-20 07:30:00+00:00,1.0207287199,1.0079972659
2023-11-20 08:00:00+00:00,1.0215889738,1.0079972659
2023-11-20 08:30:00+00:00,1.0210185881,1.0079972659
2023-11-20 09:00:00+00:00,1.0223931243,1.0079972659
2023-11-20 09:30:00+00:00,1.0226549407,1.0079972659
2023-11-20 10:00:00+00:00,1.0216918303,1.0079972659
2023-11-20 10:30:00+00:00,1.0216637786,1.0079972659
2023-11-20 11:00:00+00:00,1.0215141692,1.0079972659
2023-11-20 11:30:00+00:00,1.0213645598,1.0079972659
2023-11-20 12:00:00+00:00,1.0214206633,1.0079972659
2023-11-20 12:30:00+00:00,1.0220097502,1.0079972659
2023-11-20 13:00:00+00:00,1.0220378020,1.0079972659
2023-11-20 13:30:00+00:00,1.0217011809,1.0079972659
2023-11-20 14:00:00+00:00,1.0212710539,1.0079972659
2023-11-20 14:30:00+00:00,1.0230009124,1.0079972659
2023-11-20 15:00:00+00:00,1.0220191008,1.0079972659
2023-11-20 15:30:00+00:00,1.0227858489,1.0079972659
2023-11-20 16:00:00+00:00,1.0232159759,1.0079972659
2023-11-20 16:30:00+00:00,1.0233655852,1.0079972659
2023-11-20 17:00:00+00:00,1.0234216888,1.0079972659
2023-11-20 17:30:00+00:00,1.0227297454,1.0079972659
2023-11-20 18:00:00+00:00,1.0236928557,1.0079972659
2023-11-20 18:30:00+00:00,1.0234403899,1.0079972659
2023-11-21 07:00:00+00:00,1.0237485820,1.0079972659
2023-11-21 07:30:00+00:00,1.0230014498,1.0079972659
2023-11-21 08:00:00+00:00,1.0233843550,1.0079972659
2023-11-21 08:30:00+00:00,1.0222636567,1.0079972659
2023-11-21 09:00:00+00:00,1.0222263001,1.0079665061
2023-11-21 09:30:00+00:00,1.0220581953,1.0081087788
2023-11-21 10:00:00+00:00,1.0225064746,1.0075898305
2023-11-21 10:30:00+00:00,1.0221982826,1.0079465543
2023-11-21 11:00:00+00:00,1.0218620731,1.0083359743
2023-11-21 11:30:00+00:00,1.0216285943,1.0086065689
2023-11-21 12:00:00+00:00,1.0225064746,1.0075898305
2023-11-21 12:30:00+00:00,1.0224784572,1.0076222503
2023-11-21 13:00:00+00:00,1.0234310507,1.0065210605
2023-11-21 13:30:00+00:00,1.0221796043,1.0079681815
2023-11-21 14:00:00+00:00,1.0231788936,1.0073350769
2023-11-21 14:30:00+00:00,1.0229360756,1.0072800540
2023-11-21 15:00:00+00:00,1.0218433947,1.0072800540
2023-11-21 15:30:00+00:00,1.0211803149,1.0072800540
2023-11-21 16:00:00+00:00,1.0204051652,1.0072800540
2023-11-21 16:30:00+00:00,1.0201063123,1.0072800540
2023-11-21 17:00:00+00:00,1.0200596166,1.0072800540
2023-11-21 17:30:00+00:00,1.0199288684,1.0072800540
2023-11-21 18:00:00+00:00,1.0185279955,1.0072800540
2023-11-21 18:30:00+00:00,1.0187894918,1.0072800540
2023-11-22 07:00:00+00:00,1.0197428282,1.0072800540
2023-11-22 07:30:00+00:00,1.0201260320,1.0072800540
2023-11-22 08:00:00+00:00,1.0188175311,1.0072800540
2023-11-22 08:30:00+00:00,1.0173968729,1.0072800540
2023-11-22 09:00:00+00:00,1.0183875950,1.0072800540
2023-11-22 09:30:00+00:00,1.0190044598,1.0072800540
2023-11-22 10:00:00+00:00,1.0186025630,1.0072800540
2023-11-22 10:30:00+00:00,1.0188549168,1.0072800540
2023-11-22 11:00:00+00:00,1.0192474671,1.0072800540
2023-11-22 11:30:00+00:00,1.0187614524,1.0072800540
2023-11-22 12:00:00+00:00,1.0191726956,1.0072800540
2023-11-22 12:30:00+00:00,1.0193876636,1.0072800540
2023-11-22 13:00:00+00:00,1.0202568821,1.0072800540
2023-11-22 13:30:00+00:00,1.0183969414,1.0072800540
2023-11-22 14:00:00+00:00,1.0165743865,1.0072800540
2023-11-22 14:30:00+00:00,1.0164341900,1.0072800540
2023-11-22 15:00:00+00:00,1.0151537284,1.0072800540
2023-11-22 15:30:00+00:00,1.0155649715,1.0072800540
2023-11-22 16:00:00+00:00,1.0157892860,1.0072800540
2023-11-22 16:30:00+00:00,1.0159762147,1.0072800540
2023-11-22 17:00:00+00:00,1.0171164799,1.0072800540
2023-11-22 17:30:00+00:00,1.0167706617,1.0072800540
2023-11-22 18:00:00+00:00,1.0174342586,1.0072800540
2023-11-22 18:30:00+00:00,1.0173407943,1.0072800540
2023-11-23 07:00:00+00:00,1.0176951872,1.0072800540
2023-11-23 07:30:00+00:00,1.0178257530,1.0072800540
2023-11-23 08:00:00+00:00,1.0173501204,1.0072800540
2023-11-23 08:30:00+00:00,1.0182081243,1.0072800540
2023-11-23 09:00:00+00:00,1.0173128159,1.0072800540
2023-11-23 09:30:00+00:00,1.0187117353,1.0072800540
2023-11-23 10:00:00+00:00,1.0182547550,1.0072800540
2023-11-23 10:30:00+00:00,1.0183293640,1.0072800540
2023-11-23 11:00:00+00:00,1.0182081243,1.0072800540
2023-11-23 11:30:00+00:00,1.0179283405,1.0072800540
2023-11-23 12:00:00+00:00,1.0170143798,1.0072800540
2023-11-23 12:30:00+00:00,1.0168744879,1.0072800540
2023-11-23 13:00:00+00:00,1.0167345959,1.0072800540
2023-11-23 13:30:00+00:00,1.0167066175,1.0072800540
2023-11-23 14:00:00+00:00,1.0158019830,1.0072800540
2023-11-23 14:30:00+00:00,1.0162030066,1.0072800540
2023-11-23 15:00:00+00:00,1.0172848376,1.0072800540
2023-11-23 15:30:00+00:00,1.0174620340,1.0072800540
2023-11-23 16:00:00+00:00,1.0170143798,1.0072800540
2023-11-23 16:30:00+00:00,1.0171356195,1.0072800540
2023-11-23 17:00:00+00:00,1.0170983150,1.0072800540
2023-11-23 17:30:00+00:00,1.0171076411,1.0072800540
2023-11-23 18:00:00+00:00,1.0169770753,1.0072800540
2023-11-23 18:30:00+00:00,1.0168651618,1.0072800540
2023-11-24 07:00:00+00:00,1.0165575124,1.0072800540
2023-11-24 07:30:00+00:00,1.0169210980,1.0072800540
2023-11-24 08:00:00+00:00,1.0171541658,1.0072800540
2023-11-24 08:30:00+00:00,1.0179745642,1.0072800540
2023-11-24 09:00:00+00:00,1.0171541658,1.0072800540
2023-11-24 09:30:00+00:00,1.0164549626,1.0072800540
2023-11-24 10:00:00+00:00,1.0169956797,1.0072800540
2023-11-24 10:30:00+00:00,1.0170889067,1.0072800540
2023-11-24 11:00:00+00:00,1.0173872334,1.0072800540
2023-11-24 11:30:00+00:00,1.0174991060,1.0072800540
2023-11-24 12:00:00+00:00,1.0185432493,1.0072800540
2023-11-24 12:30:00+00:00,1.0177414963,1.0072800540
2023-11-24 13:00:00+00:00,1.0170516159,1.0072800540
2023-11-24 13:30:00+00:00,1.0182262771,1.0072800540
2023-11-24 14:00:00+00:00,1.0180771138,1.0072800540
2023-11-24 14:30:00+00:00,1.0196060381,1.0072800540
2023-11-24 15:00:00+00:00,1.0196992652,1.0072800540
2023-11-24 15:30:00+00:00,1.0198857193,1.0072800540
2023-11-24 16:00:00+00:00,1.0194848428,1.0072800540
2023-11-24 16:30:00+00:00,1.0192890660,1.0072800540
2023-11-24 17:00:00+00:00,1.0192238070,1.0072800540
2023-11-24 17:30:00+00:00,1.0199603010,1.0072800540
2023-11-24 18:00:00+00:00,1.0204077910,1.0072800540
2023-11-24 18:30:00+00:00,1.0206222133,1.0072800540
2023-11-27 07:00:00+00:00,1.0210323189,1.0072800540
2023-11-27 07:30:00+00:00,1.0203798783,1.0072800540
2023-11-27 08:00:00+00:00,1.0203239548,1.0072800540
2023-11-27 08:30:00+00:00,1.0199604521,1.0072800540
2023-11-27 09:00:00+00:00,1.0204171606,1.0072800540
2023-11-27 09:30:00+00:00,1.0204637635,1.0072800540
2023-11-27 10:00:00+00:00,1.0205942516,1.0072800540
2023-11-27 10:30:00+00:00,1.0210509601,1.0072800540
2023-11-27 11:00:00+00:00,1.0207433809,1.0072800540
2023-11-27 11:30:00+00:00,1.0209391131,1.0072800540
2023-11-27 12:00:00+00:00,1.0206781368,1.0072800540
2023-11-27 12:30:00+00:00,1.0205756104,1.0072800540
2023-11-27 13:00:00+00:00,1.0209577542,1.0072800540
2023-11-27 13:30:00+00:00,1.0200256962,1.0072800540
2023-11-27 14:00:00+00:00,1.0188047001,1.0072800540
2023-11-27 14:30:00+00:00,1.0185903267,1.0072800540
2023-11-27 15:00:00+00:00,1.0194664613,1.0072800540
2023-11-27 15:30:00+00:00,1.0189817911,1.0072800540
2023-11-27 16:00:00+00:00,1.0189072264,1.0072800540
2023-11-27 16:30:00+00:00,1.0193452937,1.0072800540
2023-11-27 17:00:00+00:00,1.0188140206,1.0072800540
2023-11-27 17:30:00+00:00,1.0191495615,1.0072800540
2023-11-27 18:00:00+00:00,1.0196062700,1.0072800540
2023-11-27 18:30:00+00:00,1.0198672462,1.0072800540
2023-11-28 07:00:00+00:00,1.0197647638,1.0072800540
2023-11-28 07:30:00+00:00,1.0188517391,1.0072800540
2023-11-28 08:00:00+00:00,1.0198951959,1.0072800540
2023-11-28 08:30:00+00:00,1.0199510954,1.0072800540
2023-11-28 09:00:00+00:00,1.0203051254,1.0072800540
2023-11-28 09:30:00+00:00,1.0205194067,1.0072800540
2023-11-28 10:00:00+00:00,1.0207150549,1.0072800540
2023-11-28 10:30:00+00:00,1.0203610249,1.0072800540
2023-11-28 11:00:00+00:00,1.0207802709,1.0072800540
2023-11-28 11:30:00+00:00,1.0201746933,1.0072800540
2023-11-28 12:00:00+00:00,1.0205194067,1.0072800540
2023-11-28 12:30:00+00:00,1.0202399094,1.0072800540
2023-11-28 13:00:00+00:00,1.0210970346,1.0072800540
2023-11-28 13:30:00+00:00,1.0222616070,1.0063491755
2023-11-28 14:00:00+00:00,1.0228299183,1.0054439619
2023-11-28 14:30:00+00:00,1.0228299183,1.0054439619
2023-11-28 15:00:00+00:00,1.0221311749,1.0064751417
2023-11-28 15:30:00+00:00,1.0230721493,1.0050868971
2023-11-28 16:00:00+00:00,1.0235938778,1.0046395732
2023-11-28 16:30:00+00:00,1.0253267614,1.0045697344
2023-11-28 17:00:00+00:00,1.0253640277,1.0045697344
2023-11-28 17:30:00+00:00,1.0236125109,1.0045697344
2023-11-28 18:00:00+00:00,1.0232398477,1.0045697344
2023-11-28 18:30:00+00:00,1.0230721493,1.0045697344
2023-11-29 07:00:00+00:00,1.0219375930,1.0045697344
2023-11-29 07:30:00+00:00,1.0215470081,1.0045697344
2023-11-29 08:00:00+00:00,1.0218073981,1.0045697344
2023-11-29 08:30:00+00:00,1.0220305894,1.0045697344
2023-11-29 09:00:00+00:00,1.0215656074,1.0045697344
2023-11-29 09:30:00+00:00,1.0205984447,1.0045697344
2023-11-29 10:00:00+00:00,1.0203380547,1.0045697344
2023-11-29 10:30:00+00:00,1.0207844375,1.0045697344
2023-11-29 11:00:00+00:00,1.0205984447,1.0045697344
2023-11-29 11:30:00+00:00,1.0215470081,1.0045697344
2023-11-29 12:00:00+00:00,1.0214075135,1.0045697344
2023-11-29 12:30:00+00:00,1.0215842067,1.0045697344
2023-11-29 13:00:00+00:00,1.0215842067,1.0045697344
2023-11-29 13:30:00+00:00,1.0204310512,1.0045697344
2023-11-29 14:00:00+00:00,1.0211378239,1.0045697344
2023-11-29 14:30:00+00:00,1.0208123365,1.0045697344
2023-11-29 15:00:00+00:00,1.0196219824,1.0045697344
2023-11-29 15:30:00+00:00,1.0206170440,1.0045697344
2023-11-29 16:00:00+00:00,1.0197056791,1.0045697344
2023-11-29 16:30:00+00:00,1.0200311666,1.0045697344
2023-11-29 17:00:00+00:00,1.0205519465,1.0045697344
2023-11-29 17:30:00+00:00,1.0207379393,1.0045697344
2023-11-29 18:00:00+00:00,1.0209704304,1.0045697344
2023-11-29 18:30:00+00:00,1.0215377085,1.0045697344
2023-11-30 07:00:00+00:00,1.0205607036,1.0045697344
2023-11-30 07:30:00+00:00,1.0190440198,1.0045697344
2023-11-30 08:00:00+00:00,1.0185415601,1.0045697344
2023-11-30 08:30:00+00:00,1.0164014543,1.0045697344
2023-11-30 09:00:00+00:00,1.0173784592,1.0045697344
2023-11-30 09:30:00+00:00,1.0165596360,1.0045697344
2023-11-30 10:00:00+00:00,1.0155454119,1.0045697344
2023-11-30 10:30:00+00:00,1.0159269090,1.0045697344
2023-11-30 11:00:00+00:00,1.0153593157,1.0045697344
2023-11-30 11:30:00+00:00,1.0157035936,1.0045697344
2023-11-30 12:00:00+00:00,1.0160292619,1.0045697344
2023-11-30 12:30:00+00:00,1.0165875504,1.0045697344
2023-11-30 13:00:00+00:00,1.0180949294,1.0045697344
2023-11-30 13:30:00+00:00,1.0157035935,1.0045697344
2023-11-30 14:00:00+00:00,1.0157873368,1.0045697344
2023-11-30 14:30:00+00:00,1.0150243425,1.0045697344
2023-11-30 15:00:00+00:00,1.0145777116,1.0045697344
2023-11-30 15:30:00+00:00,1.0152476579,1.0045697344
2023-11-30 16:00:00+00:00,1.0152476579,1.0045697344
2023-11-30 16:30:00+00:00,1.0148568559,1.0045697344
2023-11-30 17:00:00+00:00,1.0140008135,1.0045697344
2023-11-30 17:30:00+00:00,1.0132936481,1.0045697344
2023-11-30 18:00:00+00:00,1.0140659472,1.0045697344
2023-11-30 18:30:00+00:00,1.0132471241,1.0045697344
2023-12-01 07:00:00+00:00,1.0132192590,1.0045697344
2023-12-01 07:30:00+00:00,1.0119467555,1.0045697344
2023-12-01 08:00:00+00:00,1.0121046574,1.0045697344
2023-12-01 08:30:00+00:00,1.0118167187,1.0045697344
2023-12-01 09:00:00+00:00,1.0119096022,1.0045697344
2023-12-01 09:30:00+00:00,1.0122254059,1.0045697344
2023-12-01 10:00:00+00:00,1.0123368661,1.0045697344
2023-12-01 10:30:00+00:00,1.0115752217,1.0045697344
2023-12-01 11:00:00+00:00,1.0117981420,1.0045697344
2023-12-01 11:30:00+00:00,1.0121882525,1.0045697344
2023-12-01 12:00:00+00:00,1.0120860807,1.0045697344
2023-12-01 12:30:00+00:00,1.0102748532,1.0045697344
2023-12-01 13:00:00+00:00,1.0105535036,1.0045697344
2023-12-01 13:30:00+00:00,1.0094203254,1.0045697344
2023-12-01 14:00:00+00:00,1.0091602517,1.0045697344
2023-12-01 14:30:00+00:00,1.0072747174,1.0045697344
2023-12-01 15:00:00+00:00,1.0077112697,1.0045697344
2023-12-01 15:30:00+00:00,1.0066523982,1.0045697344
2023-12-01 16:00:00+00:00,1.0094574789,1.0045697344
2023-12-01 16:30:00+00:00,1.0103120067,1.0045697344
2023-12-01 17:00:00+00:00,1.0100890864,1.0045697344
2023-12-01 17:30:00+00:00,1.0107392706,1.0045697344
2023-12-01 18:00:00+00:00,1.0115566451,1.0045697344
2023-12-01 18:30:00+00:00,1.0114266082,1.0045697344
2023-12-04 07:00:00+00:00,1.0110916001,1.0045697344
2023-12-04 07:30:00+00:00,1.0100493529,1.0045697344
2023-12-04 08:00:00+00:00,1.0117150875,1.0045697344
2023-12-04 08:30:00+00:00,1.0109799309,1.0045697344
2023-12-04 09:00:00+00:00,1.0122082938,1.0045697344
2023-12-04 09:30:00+00:00,1.0119849551,1.0045697344
2023-12-04 10:00:00+00:00,1.0107565922,1.0045697344
2023-12-04 10:30:00+00:00,1.0113893852,1.0045697344
2023-12-04 11:00:00+00:00,1.0123571863,1.0045697344
2023-12-04 11:30:00+00:00,1.0114638315,1.0045697344
2023-12-04 12:00:00+00:00,1.0115848066,1.0045697344
2023-12-04 12:30:00+00:00,1.0114545257,1.0045697344
2023-12-04 13:00:00+00:00,1.0115848066,1.0045697344
2023-12-04 13:30:00+00:00,1.0101051877,1.0045697344
2023-12-04 14:00:00+00:00,1.0071087266,1.0045697344
2023-12-04 14:30:00+00:00,1.0087279323,1.0045697344
2023-12-04 15:00:00+00:00,1.0065969086,1.0045697344
2023-12-04 15:30:00+00:00,1.0064014872,1.0045697344
2023-12-04 16:00:00+00:00,1.0070342802,1.0045697344
2023-12-04 16:30:00+00:00,1.0071738669,1.0045697344
2023-12-04 17:00:00+00:00,1.0070156687,1.0045697344
2023-12-04 17:30:00+00:00,1.0074158172,1.0045697344
2023-12-04 18:00:00+00:00,1.0065038508,1.0045697344
2023-12-04 18:30:00+00:00,1.0065689912,1.0045697344
2023-12-05 07:00:00+00:00,1.0042556162,1.0045697344
2023-12-05 07:30:00+00:00,1.0040790936,1.0045697344
2023-12-05 08:00:00+00:00,1.0049709973,1.0045697344
2023-12-05 08:30:00+00:00,1.0065597006,1.0045697344
2023-12-05 09:00:00+00:00,1.0072007564,1.0045697344
2023-12-05 09:30:00+00:00,1.0063645967,1.0045697344
2023-12-05 10:00:00+00:00,1.0070706871,1.0045697344
2023-12-05 10:30:00+00:00,1.0064017593,1.0045697344
2023-12-05 11:00:00+00:00,1.0059093542,1.0045697344
2023-12-05 11:30:00+00:00,1.0051382292,1.0045697344
2023-12-05 12:00:00+00:00,1.0049338346,1.0045697344
2023-12-05 12:30:00+00:00,1.0047201494,1.0045697344
2023-12-05 13:00:00+00:00,1.0055655997,1.0045697344
2023-12-05 13:30:00+00:00,1.0060487142,1.0045697344
2023-12-05 14:00:00+00:00,1.0049431253,1.0045697344
2023-12-05 14:30:00+00:00,1.0043020696,1.0045697344
2023-12-05 15:00:00+00:00,1.0053333331,1.0045697344
2023-12-05 15:30:00+00:00,1.0039304430,1.0045697344
2023-12-05 16:00:00+00:00,1.0028620168,1.0045697344
2023-12-05 16:30:00+00:00,1.0020908917,1.0045697344
2023-12-05 17:00:00+00:00,1.0030385393,1.0045697344
2023-12-05 17:30:00+00:00,1.0026483315,1.0045697344
2023-12-05 18:00:00+00:00,1.0021837984,1.0045697344
2023-12-05 18:30:00+00:00,1.0019979851,1.0045697344
2023-12-06 07:00:00+00:00,1.0018679520,1.0045697344
2023-12-06 07:30:00+00:00,1.0022023228,1.0045697344
2023-12-06 08:00:00+00:00,1.0012920911,1.0045697344
2023-12-06 08:30:00+00:00,1.0018865282,1.0045697344
2023-12-06 09:00:00+00:00,1.0025738461,1.0045697344
2023-12-06 09:30:00+00:00,1.0022859156,1.0045697344
2023-12-06 10:00:00+00:00,1.0021465944,1.0045697344
2023-12-06 10:30:00+00:00,1.0022859156,1.0045697344
2023-12-06 11:00:00+00:00,1.0018215116,1.0045697344
2023-12-06 11:30:00+00:00,1.0012549388,1.0045697344
2023-12-06 12:00:00+00:00,1.0005861971,1.0045697344
2023-12-06 12:30:00+00:00,1.0010134487,1.0045697344
2023-12-06 13:00:00+00:00,1.0019051043,1.0045697344
2023-12-06 13:30:00+00:00,1.0029267930,1.0045697344
2023-12-06 14:00:00+00:00,1.0033261804,1.0045697344
2023-12-06 14:30:00+00:00,1.0026388626,1.0045697344
2023-12-06 15:00:00+00:00,1.0020165613,1.0045697344
2023-12-06 15:30:00+00:00,1.0022116110,1.0045697344
2023-12-06 16:00:00+00:00,1.0017936474,1.0045697344
2023-12-06 16:30:00+00:00,1.0021094421,1.0045697344
2023-12-06 17:00:00+00:00,1.0020351375,1.0045697344
2023-12-06 17:30:00+00:00,1.0013849719,1.0045697344
2023-12-06 18:00:00+00:00,1.0007719587,1.0045697344
2023-12-06 18:30:00+00:00,1.0011063295,1.0045697344
2023-12-07 07:00:00+00:00,1.0020177705,1.0045697344
2023-12-07 07:30:00+00:00,1.0026687998,1.0045697344
2023-12-07 08:00:00+00:00,1.0026874007,1.0045697344
2023-12-07 08:30:00+00:00,1.0026129973,1.0045697344
2023-12-07 09:00:00+00:00,1.0020828735,1.0045697344
2023-12-07 09:30:00+00:00,1.0025664952,1.0045697344
2023-12-07 10:00:00+00:00,1.0017666593,1.0045697344
2023-12-07 10:30:00+00:00,1.0017666593,1.0045697344
2023-12-07 11:00:00+00:00,1.0016736551,1.0045697344
2023-12-07 11:30:00+00:00,1.0017294576,1.0045697344
2023-12-07 12:00:00+00:00,1.0010040250,1.0045697344
2023-12-07 12:30:00+00:00,1.0015992517,1.0045697344
2023-12-07 13:00:00+00:00,1.0021665772,1.0045697344
2023-12-07 13:30:00+00:00,1.0035523396,1.0045697344
2023-12-07 14:00:00+00:00,1.0025850961,1.0045697344
2023-12-07 14:30:00+00:00,1.0016736551,1.0045697344
2023-12-07 15:00:00+00:00,1.0031152199,1.0045697344
2023-12-07 15:30:00+00:00,1.0029571128,1.0045697344
2023-12-07 16:00:00+00:00,1.0035337387,1.0045697344
2023-12-07 16:30:00+00:00,1.0038778542,1.0045697344
2023-12-07 17:00:00+00:00,1.0045102826,1.0045697344
2023-12-07 17:30:00+00:00,1.0057286374,1.0045697344
2023-12-07 18:00:00+00:00,1.0048915998,1.0045697344
2023-12-07 18:30:00+00:00,1.0049567027,1.0045697344
2023-12-08 07:00:00+00:00,1.0047236314,1.0045697344
2023-12-08 07:30:00+00:00,1.0049287341,1.0045697344
2023-12-08 08:00:00+00:00,1.0050778997,1.0045697344
2023-12-08 08:30:00+00:00,1.0058889877,1.0045697344
2023-12-08 09:00:00+00:00,1.0050033169,1.0045697344
2023-12-08 09:30:00+00:00,1.0047236314,1.0045697344
2023-12-08 10:00:00+00:00,1.0056093022,1.0045697344
2023-12-08 10:30:00+00:00,1.0053855538,1.0045697344
2023-12-08 11:00:00+00:00,1.0051990968,1.0045697344
2023-12-08 11:30:00+00:00,1.0052643568,1.0045697344
2023-12-08 12:00:00+00:00,1.0054974280,1.0045697344
2023-12-08 12:30:00+00:00,1.0047609228,1.0045697344
2023-12-08 13:00:00+00:00,1.0042015518,1.0045697344
2023-12-08 13:30:00+00:00,1.0019267763,1.0045697344
2023-12-08 14:00:00+00:00,1.0011995939,1.0045697344
2023-12-08 14:30:00+00:00,1.0018708392,1.0045697344
2023-12-08 15:00:00+00:00,1.0051338369,1.0045697344
2023-12-08 15:30:00+00:00,1.0039311892,1.0045697344
2023-12-08 16:00:00+00:00,1.0026166672,1.0045697344
2023-12-08 16:30:00+00:00,1.0017309964,1.0045697344
2023-12-08 17:00:00+00:00,1.0021784933,1.0045697344
2023-12-08 17:30:00+00:00,1.0027751557,1.0045697344
2023-12-08 18:00:00+00:00,1.0031014555,1.0045697344
2023-12-08 18:30:00+00:00,1.0028777071,1.0045697344
2023-12-11 07:00:00+00:00,1.0022724195,1.0045697344
2023-12-11 07:30:00+00:00,1.0015926350,1.0045697344
2023-12-11 08:00:00+00:00,1.0023748527,1.0045697344
2023-12-11 08:30:00+00:00,1.0024679739,1.0045697344
2023-12-11 09:00:00+00:00,1.0022631073,1.0045697344
2023-12-11 09:30:00+00:00,1.0026542162,1.0045697344
2023-12-11 10:00:00+00:00,1.0032501917,1.0045697344
2023-12-11 10:30:00+00:00,1.0032315675,1.0045697344
2023-12-11 11:00:00+00:00,1.0029056434,1.0045697344
2023-12-11 11:30:00+00:00,1.0027659616,1.0045697344
2023-12-11 12:00:00+00:00,1.0025238466,1.0045697344
2023-12-11 12:30:00+00:00,1.0020861771,1.0045697344
2023-12-11 13:00:00+00:00,1.0019092469,1.0045697344
2023-12-11 13:30:00+00:00,1.0023189800,1.0045697344
2023-12-11 14:00:00+00:00,1.0008662898,1.0045697344
2023-12-11 14:30:00+00:00,1.0013505199,1.0045697344
2023-12-11 15:00:00+00:00,1.0006893596,1.0045697344
2023-12-11 15:30:00+00:00,1.0005217415,1.0045697344
2023-12-11 16:00:00+00:00,1.0006614233,1.0045697344
2023-12-11 16:30:00+00:00,1.0006614233,1.0045697344
2023-12-11 17:00:00+00:00,1.0013598320,1.0045697344
2023-12-11 17:30:00+00:00,1.0005031173,1.0045697344
2023-12-11 18:00:00+00:00,1.0016671318,1.0045697344
2023-12-11 18:30:00+00:00,1.0023003558,1.0045697344
2023-12-12 07:00:00+00:00,1.0022445665,1.0045697344
2023-12-12 07:30:00+00:00,1.0021329880,1.0045697344
2023-12-12 08:00:00+00:00,1.0031000017,1.0045697344
2023-12-12 08:30:00+00:00,1.0028303537,1.0045697344
2023-12-12 09:00:00+00:00,1.0030907035,1.0045697344
2023-12-12 09:30:00+00:00,1.0035928067,1.0045697344
2023-12-12 10:00:00+00:00,1.0044296455,1.0045697344
2023-12-12 10:30:00+00:00,1.0043087688,1.0045697344
2023-12-12 11:00:00+00:00,1.0040949100,1.0045697344
2023-12-12 11:30:00+00:00,1.0038903494,1.0045697344
2023-12-12 12:00:00+00:00,1.0044668383,1.0045697344
2023-12-12 12:30:00+00:00,1.0040391208,1.0045697344
2023-12-12 13:00:00+00:00,1.0051270111,1.0045697344
2023-12-12 13:30:00+00:00,1.0020028131,1.0045697344
2023-12-12 14:00:00+00:00,1.0027001787,1.0045697344
2023-12-12 14:30:00+00:00,1.0018168489,1.0045697344
2023-12-12 15:00:00+00:00,1.0030349143,1.0045697344
2023-12-12 15:30:00+00:00,1.0027559680,1.0045697344
2023-12-12 16:00:00+00:00,1.0031836856,1.0045697344
2023-12-12 16:30:00+00:00,1.0031836856,1.0045697344
2023-12-12 17:00:00+00:00,1.0037043852,1.0045697344
2023-12-12 17:30:00+00:00,1.0031092999,1.0045697344
2023-12-12 18:00:00+00:00,1.0031464927,1.0045697344
2023-12-12 18:30:00+00:00,1.0035742103,1.0045697344
2023-12-13 07:00:00+00:00,1.0036672717,1.0045697344
2023-12-13 07:30:00+00:00,1.0037044963,1.0045697344
2023-12-13 08:00:00+00:00,1.0041139665,1.0045697344
2023-12-13 08:30:00+00:00,1.0040674358,1.0045697344
2023-12-13 09:00:00+00:00,1.0037324147,1.0045697344
2023-12-13 09:30:00+00:00,1.0038999252,1.0045697344
2023-12-13 10:00:00+00:00,1.0029600050,1.0045697344
2023-12-13 10:30:00+00:00,1.0029972295,1.0045697344
2023-12-13 11:00:00+00:00,1.0030902910,1.0045697344
2023-12-13 11:30:00+00:00,1.0035742103,1.0045697344
2023-12-13 12:00:00+00:00,1.0040395173,1.0045697344
2023-12-13 12:30:00+00:00,1.0033694752,1.0045697344
2023-12-13 13:00:00+00:00,1.0039836805,1.0045697344
2023-12-13 13:30:00+00:00,1.0051190297,1.0045697344
2023-12-13 14:00:00+00:00,1.0048770700,1.0045697344
2023-12-13 14:30:00+00:00,1.0042349463,1.0045697344
2023-12-13 15:00:00+00:00,1.0040209050,1.0045697344
2023-12-13 15:30:00+00:00,1.0045606612,1.0045697344
2023-12-13 16:00:00+00:00,1.0040302111,1.0045697344
2023-12-13 16:30:00+00:00,1.0043187015,1.0045697344
2023-12-13 17:00:00+00:00,1.0042721708,1.0045697344
2023-12-13 17:30:00+00:00,1.0036114348,1.0045697344
2023-12-13 18:00:00+00:00,1.0036114348,1.0045697344
2023-12-13 18:30:00+00:00,1.0037231085,1.0045697344
2023-12-14 07:00:00+00:00,1.0028576236,1.0045697344
2023-12-14 07:30:00+00:00,1.0018724440,1.0045697344
2023-12-14 08:00:00+00:00,1.0037231084,1.0045697344
2023-12-14 08:30:00+00:00,1.0037783522,1.0045697344
2023-12-14 09:00:00+00:00,1.0041834728,1.0045697344
2023-12-14 09:30:00+00:00,1.0039717052,1.0045697344
2023-12-14 10:00:00+00:00,1.0041650582,1.0045697344
2023-12-14 10:30:00+00:00,1.0048279828,1.0045697344
2023-12-14 11:00:00+00:00,1.0058776134,1.0045697344
2023-12-14 11:30:00+00:00,1.0063287704,1.0045697344
2023-12-14 12:00:00+00:00,1.0060341373,1.0045697344
2023-12-14 12:30:00+00:00,1.0057855406,1.0045697344
2023-12-14 13:00:00+00:00,1.0058039551,1.0045697344
2023-12-14 13:30:00+00:00,1.0076269978,1.0045697344
2023-12-14 14:00:00+00:00,1.0082899224,1.0045697344
2023-12-14 14:30:00+00:00,1.0119636297,1.0045697344
2023-12-14 15:00:00+00:00,1.0108311336,1.0045697344
2023-12-14 15:30:00+00:00,1.0122122265,1.0045697344
2023-12-14 16:00:00+00:00,1.0125068596,1.0045697344
2023-12-14 16:30:00+00:00,1.0124516159,1.0045697344
2023-12-14 17:00:00+00:00,1.0132986863,1.0045697344
2023-12-14 17:30:00+00:00,1.0132618571,1.0045697344
2023-12-14 18:00:00+00:00,1.0116229602,1.0045697344
2023-12-14 18:30:00+00:00,1.0112086323,1.0045697344
2023-12-15 07:00:00+00:00,1.0112638524,1.0045697344
2023-12-15 07:30:00+00:00,1.0117976465,1.0045697344
2023-12-15 08:00:00+00:00,1.0093771661,1.0045697344
2023-12-15 08:30:00+00:00,1.0083463911,1.0045697344
2023-12-15 09:00:00+00:00,1.0089998288,1.0045697344
2023-12-15 09:30:00+00:00,1.0087237284,1.0045697344
2023-12-15 10:00:00+00:00,1.0091654890,1.0045697344
2023-12-15 10:30:00+00:00,1.0090918623,1.0045697344
2023-12-15 11:00:00+00:00,1.0087789484,1.0045697344
2023-12-15 11:30:00+00:00,1.0094599962,1.0045697344
2023-12-15 12:00:00+00:00,1.0084936447,1.0045697344
2023-12-15 12:30:00+00:00,1.0071591592,1.0045697344
2023-12-15 13:00:00+00:00,1.0069842956,1.0045697344
2023-12-15 13:30:00+00:00,1.0046834586,1.0045697344
2023-12-15 14:00:00+00:00,1.0049595590,1.0045697344
2023-12-15 14:30:00+00:00,1.0049687624,1.0045697344
2023-12-15 15:00:00+00:00,1.0047294753,1.0045697344
2023-12-15 15:30:00+00:00,1.0046190351,1.0045697344
2023-12-15 16:00:00+00:00,1.0044625782,1.0045697344
2023-12-15 16:30:00+00:00,1.0036618870,1.0045697344
2023-12-15 17:00:00+00:00,1.0045638150,1.0045697344
2023-12-15 17:30:00+00:00,1.0041312577,1.0045697344
2023-12-15 18:00:00+00:00,1.0031372961,1.0045697344
2023-12-15 18:30:00+00:00,1.0025942986,1.0045697344
2023-12-18 07:00:00+00:00,1.0027044879,1.0045697344
2023-12-18 07:30:00+00:00,1.0028881368,1.0045697344
2023-12-18 08:00:00+00:00,1.0027504002,1.0045697344
2023-12-18 08:30:00+00:00,1.0025667513,1.0045697344
2023-12-18 09:00:00+00:00,1.0028514070,1.0045697344
2023-12-18 09:30:00+00:00,1.0026953055,1.0045697344
2023-12-18 10:00:00+00:00,1.0022086360,1.0045697344
2023-12-18 10:30:00+00:00,1.0018597031,1.0047065340
2023-12-18 11:00:00+00:00,1.0019515276,1.0045631187
2023-12-18 11:30:00+00:00,1.0020708993,1.0044375233
2023-12-18 12:00:00+00:00,1.0023739200,1.0041188420
2023-12-18 12:30:00+00:00,1.0021535413,1.0043505907
2023-12-18 13:00:00+00:00,1.0032187048,1.0032314389
2023-12-18 13:30:00+00:00,1.0028514071,1.0036170781
2023-12-18 14:00:00+00:00,1.0036227323,1.0028075698
2023-12-18 14:30:00+00:00,1.0035676377,1.0028653495
2023-12-18 15:00:00+00:00,1.0032921644,1.0031543457
2023-12-18 15:30:00+00:00,1.0021902711,1.0043119587
2023-12-18 16:00:00+00:00,1.0029248666,1.0035399271
2023-12-18 16:30:00+00:00,1.0026402108,1.0038389518
2023-12-18 17:00:00+00:00,1.0032554345,1.0034691892
2023-12-18 17:30:00+00:00,1.0034390834,1.0034249271
2023-12-18 18:00:00+00:00,1.0032370696,1.0034249271
2023-12-18 18:30:00+00:00,1.0030350559,1.0034249271
2023-12-19 07:00:00+00:00,1.0041457045,1.0034249271
2023-12-19 07:30:00+00:00,1.0031084871,1.0034249271
2023-12-19 08:00:00+00:00,1.0037418322,1.0034249271
2023-12-19 08:30:00+00:00,1.0042558514,1.0034249271
2023-12-19 09:00:00+00:00,1.0045954713,1.0034249271
2023-12-19 09:30:00+00:00,1.0043017460,1.0034249271
2023-12-19 10:00:00+00:00,1.0045403978,1.0034249271
2023-12-19 10:30:00+00:00,1.0040171996,1.0034249271
2023-12-19 11:00:00+00:00,1.0036225063,1.0034249271
2023-12-19 11:30:00+00:00,1.0039345894,1.0034249271
2023-12-19 12:00:00+00:00,1.0046505447,1.0034249271
2023-12-19 12:30:00+00:00,1.0067984107,1.0034249271
2023-12-19 13:00:00+00:00,1.0060640976,1.0034249271
2023-12-19 13:30:00+00:00,1.0062109602,1.0034249271
2023-12-19 14:00:00+00:00,1.0066882638,1.0034249271
2023-12-19 14:30:00+00:00,1.0077713757,1.0034249271
2023-12-19 15:00:00+00:00,1.0078264492,1.0034249271
2023-12-19 15:30:00+00:00,1.0083955419,1.0034249271
2023-12-19 16:00:00+00:00,1.0077163022,1.0034249271
2023-12-19 16:30:00+00:00,1.0075694396,1.0034249271
2023-12-19 17:00:00+00:00,1.0073307878,1.0034249271
2023-12-19 17:30:00+00:00,1.0073858613,1.0034249271
2023-12-19 18:00:00+00:00,1.0071472095,1.0034249271
2023-12-19 18:30:00+00:00,1.0073766824,1.0034249271
2023-12-20 07:00:00+00:00,1.0073307220,1.0034249271
2023-12-20 07:30:00+00:00,1.0080936634,1.0034249271
2023-12-20 08:00:00+00:00,1.0083694253,1.0034249271
2023-12-20 08:30:00+00:00,1.0075421395,1.0034249271
2023-12-20 09:00:00+00:00,1.0073950665,1.0034249271
2023-12-20 09:30:00+00:00,1.0078546697,1.0034249271
2023-12-20 10:00:00+00:00,1.0067056617,1.0034249271
2023-12-20 10:30:00+00:00,1.0067608141,1.0034249271
2023-12-20 11:00:00+00:00,1.0057037267,1.0034249271
2023-12-20 11:30:00+00:00,1.0053911965,1.0034249271
2023-12-20 12:00:00+00:00,1.0052073553,1.0034249271
2023-12-20 12:30:00+00:00,1.0053268521,1.0034249271
2023-12-20 13:00:00+00:00,1.0065126284,1.0034249271
2023-12-20 13:30:00+00:00,1.0075237554,1.0034249271
2023-12-20 14:00:00+00:00,1.0078179015,1.0034249271
2023-12-20 14:30:00+00:00,1.0084245777,1.0034249271
2023-12-20 15:00:00+00:00,1.0072663776,1.0034249271
2023-12-20 15:30:00+00:00,1.0087371078,1.0034249271
2023-12-20 16:00:00+00:00,1.0084337697,1.0034249271
2023-12-20 16:30:00+00:00,1.0071193045,1.0034249271
2023-12-20 17:00:00+00:00,1.0067883902,1.0034249271
2023-12-20 17:30:00+00:00,1.0072663775,1.0034249271
2023-12-20 18:00:00+00:00,1.0073858744,1.0034249271
2023-12-20 18:30:00+00:00,1.0074410268,1.0034249271
2023-12-21 07:00:00+00:00,1.0078552365,1.0034249271
2023-12-21 07:30:00+00:00,1.0076527340,1.0034249271
2023-12-21 08:00:00+00:00,1.0080669438,1.0034249271
2023-12-21 08:30:00+00:00,1.0069623844,1.0034249271
2023-12-21 09:00:00+00:00,1.0072293195,1.0034249271
2023-12-21 09:30:00+00:00,1.0073397755,1.0034249271
2023-12-21 10:00:00+00:00,1.0071925009,1.0034249271
2023-12-21 10:30:00+00:00,1.0082970604,1.0034249271
2023-12-21 11:00:00+00:00,1.0093279824,1.0034249271
2023-12-21 11:30:00+00:00,1.0106626584,1.0034249271
2023-12-21 12:00:00+00:00,1.0110768682,1.0034249271
2023-12-21 12:30:00+00:00,1.0107362957,1.0034249271
2023-12-21 13:00:00+00:00,1.0108743656,1.0034249271
2023-12-21 13:30:00+00:00,1.0116935805,1.0034249271
2023-12-21 14:00:00+00:00,1.0118960831,1.0034249271
2023-12-21 14:30:00+00:00,1.0117948318,1.0034249271
2023-12-21 15:00:00+00:00,1.0110400495,1.0034249271
2023-12-21 15:30:00+00:00,1.0115739199,1.0034249271
2023-12-21 16:00:00+00:00,1.0119697204,1.0034249271
2023-12-21 16:30:00+00:00,1.0115555106,1.0034249271
2023-12-21 17:00:00+00:00,1.0107270910,1.0034249271
2023-12-21 17:30:00+00:00,1.0112609614,1.0034249271
2023-12-21 18:00:00+00:00,1.0112609614,1.0034249271
2023-12-21 18:30:00+00:00,1.0115647153,1.0034249271
2023-12-22 07:00:00+00:00,1.0122731841,1.0034249271
2023-12-22 07:30:00+00:00,1.0121351707,1.0034249271
2023-12-22 08:00:00+00:00,1.0122271796,1.0034249271
2023-12-22 08:30:00+00:00,1.0127792333,1.0034249271
2023-12-22 09:00:00+00:00,1.0126964252,1.0034249271
2023-12-22 09:30:00+00:00,1.0125032065,1.0034249271
2023-12-22 10:00:00+00:00,1.0136901218,1.0034249271
2023-12-22 10:30:00+00:00,1.0138649388,1.0034249271
2023-12-22 11:00:00+00:00,1.0145090014,1.0034249271
2023-12-22 11:30:00+00:00,1.0144721978,1.0034249271
2023-12-22 12:00:00+00:00,1.0151438631,1.0034249271
2023-12-22 12:30:00+00:00,1.0138097335,1.0034249271
2023-12-22 13:00:00+00:00,1.0141593675,1.0034249271
2023-12-22 13:30:00+00:00,1.0147666265,1.0034249271
2023-12-22 14:00:00+00:00,1.0147666265,1.0034249271
2023-12-22 14:30:00+00:00,1.0154106891,1.0034249271
2023-12-22 15:00:00+00:00,1.0143893899,1.0034249271
2023-12-22 15:30:00+00:00,1.0131472691,1.0034249271
2023-12-22 16:00:00+00:00,1.0138465371,1.0034249271
2023-12-22 16:30:00+00:00,1.0127792334,1.0034249271
2023-12-22 17:00:00+00:00,1.0129448495,1.0034249271
2023-12-22 17:30:00+00:00,1.0135705103,1.0034249271
2023-12-22 18:00:00+00:00,1.0137177246,1.0034249271
2023-12-22 18:30:00+00:00,1.0133220861,1.0034249271
2023-12-26 07:00:00+00:00,1.0132117805,1.0034249271
2023-12-26 07:30:00+00:00,1.0131933963,1.0034249271
2023-12-26 08:00:00+00:00,1.0135794658,1.0034249271
2023-12-26 08:30:00+00:00,1.0125131786,1.0034249271
2023-12-26 09:00:00+00:00,1.0123109517,1.0034249271
2023-12-26 09:30:00+00:00,1.0124672180,1.0034249271
2023-12-26 10:00:00+00:00,1.0127889425,1.0034249271
2023-12-26 10:30:00+00:00,1.0126418684,1.0034249271
2023-12-26 11:00:00+00:00,1.0122925675,1.0034249271
2023-12-26 11:30:00+00:00,1.0124028730,1.0034249271
2023-12-26 12:00:00+00:00,1.0124212573,1.0034249271
2023-12-26 12:30:00+00:00,1.0123201439,1.0034249271
2023-12-26 13:00:00+00:00,1.0129911694,1.0034249271
2023-12-26 13:30:00+00:00,1.0127613661,1.0034249271
2023-12-26 14:00:00+00:00,1.0132117805,1.0034249271
2023-12-26 14:30:00+00:00,1.0135518893,1.0034249271
2023-12-26 15:00:00+00:00,1.0138276532,1.0034249271
2023-12-26 15:30:00+00:00,1.0134323916,1.0034249271
2023-12-26 16:00:00+00:00,1.0142596834,1.0034249271
2023-12-26 16:30:00+00:00,1.0143148362,1.0034249271
2023-12-26 17:00:00+00:00,1.0143975654,1.0034249271
2023-12-26 17:30:00+00:00,1.0143607968,1.0034249271
2023-12-26 18:00:00+00:00,1.0144435260,1.0034249271
2023-12-26 18:30:00+00:00,1.0144986788,1.0034249271
2023-12-27 07:00:00+00:00,1.0148293618,1.0034249271
2023-12-27 07:30:00+00:00,1.0142047383,1.0034249271
2023-12-27 08:00:00+00:00,1.0147283198,1.0034249271
2023-12-27 08:30:00+00:00,1.0147375054,1.0034249271
2023-12-27 09:00:00+00:00,1.0150773740,1.0034249271
2023-12-27 09:30:00+00:00,1.0154356139,1.0034249271
2023-12-27 10:00:00+00:00,1.0155917698,1.0034249271
2023-12-27 10:30:00+00:00,1.0155825841,1.0034249271
2023-12-27 11:00:00+00:00,1.0153621288,1.0034249271
2023-12-27 11:30:00+00:00,1.0158397820,1.0034249271
2023-12-27 12:00:00+00:00,1.0162255788,1.0030731619
2023-12-27 12:30:00+00:00,1.0167032320,1.0022970006
2023-12-27 13:00:00+00:00,1.0165930044,1.0024600214
2023-12-27 13:30:00+00:00,1.0168869448,1.0020253975
2023-12-27 14:00:00+00:00,1.0175207539,1.0010893077
2023-12-27 14:30:00+00:00,1.0200284333,0.9991806722
2023-12-27 15:00:00+00:00,1.0204417870,0.9986942605
2023-12-27 15:30:00+00:00,1.0202856312,0.9987335952
2023-12-27 16:00:00+00:00,1.0210572248,0.9986844560
2023-12-27 16:30:00+00:00,1.0207632844,0.9986844560
2023-12-27 17:00:00+00:00,1.0205336434,0.9986844560
2023-12-27 17:30:00+00:00,1.0201019184,0.9986844560
2023-12-27 18:00:00+00:00,1.0202488886,0.9986844560
2023-12-27 18:30:00+00:00,1.0203223737,0.9986844560
2023-12-28 07:00:00+00:00,1.0207814325,0.9986844560
2023-12-28 07:30:00+00:00,1.0206620772,0.9986844560
2023-12-28 08:00:00+00:00,1.0201754749,0.9986844560
2023-12-28 08:30:00+00:00,1.0210568677,0.9986844560
2023-12-28 09:00:00+00:00,1.0209466936,0.9986844560
2023-12-28 09:30:00+00:00,1.0218097241,0.9986844560
2023-12-28 10:00:00+00:00,1.0218097241,0.9986844560
2023-12-28 10:30:00+00:00,1.0216720065,0.9986844560
2023-12-28 11:00:00+00:00,1.0210935924,0.9986844560
2023-12-28 11:30:00+00:00,1.0209650560,0.9986844560
2023-12-28 12:00:00+00:00,1.0205059972,0.9986844560
2023-12-28 12:30:00+00:00,1.0202672867,0.9986844560
2023-12-28 13:00:00+00:00,1.0202672867,0.9986844560
2023-12-28 13:30:00+00:00,1.0166499036,0.9986844560
2023-12-28 14:00:00+00:00,1.0181923411,0.9986844560
2023-12-28 14:30:00+00:00,1.0193767127,0.9986844560
2023-12-28 15:00:00+00:00,1.0202489244,0.9986844560
2023-12-28 15:30:00+00:00,1.0197531409,0.9986844560
2023-12-28 16:00:00+00:00,1.0167692589,0.9986844560
2023-12-28 16:30:00+00:00,1.0165305483,0.9986844560
2023-12-28 17:00:00+00:00,1.0165580919,0.9986844560
2023-12-28 17:30:00+00:00,1.0167233530,0.9986844560
2023-12-28 18:00:00+00:00,1.0151992779,0.9986844560
2023-12-28 18:30:00+00:00,1.0158052355,0.9986844560
2023-12-29 07:00:00+00:00,1.0153649211,0.9986844560
2023-12-29 07:30:00+00:00,1.0151080711,0.9986844560
2023-12-29 08:00:00+00:00,1.0160253927,0.9986844560
2023-12-29 08:30:00+00:00,1.0146218906,0.9986844560
2023-12-29 09:00:00+00:00,1.0138054744,0.9986844560
2023-12-29 09:30:00+00:00,1.0135486244,0.9986844560
2023-12-29 10:00:00+00:00,1.0139338994,0.9986844560
2023-12-29 10:30:00+00:00,1.0150163390,0.9986844560
2023-12-29 11:00:00+00:00,1.0147686621,0.9986844560
2023-12-29 11:30:00+00:00,1.0160620856,0.9986844560
2023-12-29 12:00:00+00:00,1.0163281088,0.9986844560
2023-12-29 12:30:00+00:00,1.0138146476,0.9986844560
2023-12-29 13:00:00+00:00,1.0140714976,0.9986844560
2023-12-29 13:30:00+00:00,1.0135119315,0.9986844560
2023-12-29 14:00:00+00:00,1.0141724030,0.9986844560
2023-12-29 14:30:00+00:00,1.0153649211,0.9986844560
2023-12-29 15:00:00+00:00,1.0159244872,0.9986844560
2023-12-29 15:30:00+00:00,1.0134018530,0.9986844560
2023-12-29 16:00:00+00:00,1.0140072852,0.9986844560
2023-12-29 16:30:00+00:00,1.0146310639,0.9986844560
2023-12-29 17:00:00+00:00,1.0145851978,0.9986844560
2023-12-29 17:30:00+00:00,1.0149521265,0.9986844560
2023-12-29 18:00:00+00:00,1.0138605137,0.9986844560
2023-12-29 18:30:00+00:00,1.0139338995,0.9986844560
2024-01-02 07:00:00+00:00,1.0147153549,0.9986844560
2024-01-02 07:30:00+00:00,1.0127111513,0.9986844560
2024-01-02 08:00:00+00:00,1.0139614802,0.9986844560
2024-01-02 08:30:00+00:00,1.0140350289,0.9986844560
2024-01-02 09:00:00+00:00,1.0143751919,0.9986844560
2024-01-02 09:30:00+00:00,1.0127019578,0.9986844560
2024-01-02 10:00:00+00:00,1.0116630817,0.9986844560
2024-01-02 10:30:00+00:00,1.0119940511,0.9986844560
2024-01-02 11:00:00+00:00,1.0094933936,0.9986844560
2024-01-02 11:30:00+00:00,1.0084637110,0.9986844560
2024-01-02 12:00:00+00:00,1.0081419352,0.9986844560
2024-01-02 12:30:00+00:00,1.0070662847,0.9986844560
2024-01-02 13:00:00+00:00,1.0074524157,0.9986844560
2024-01-02 13:30:00+00:00,1.0069559616,0.9986844560
2024-01-02 14:00:00+00:00,1.0069008000,0.9986844560
2024-01-02 14:30:00+00:00,1.0079120954,0.9986844560
2024-01-02 15:00:00+00:00,1.0075811260,0.9986844560
2024-01-02 15:30:00+00:00,1.0061193445,0.9986844560
2024-01-02 16:00:00+00:00,1.0074340284,0.9986844560
2024-01-02 16:30:00+00:00,1.0072961245,0.9986844560
2024-01-02 17:00:00+00:00,1.0070295103,0.9986844560
2024-01-02 17:30:00+00:00,1.0067537025,0.9986844560
2024-01-02 18:00:00+00:00,1.0071214462,0.9986844560
2024-01-02 18:30:00+00:00,1.0064043459,0.9986844560
2024-01-03 07:00:00+00:00,1.0062849611,0.9986844560
2024-01-03 07:30:00+00:00,1.0065420975,0.9986844560
2024-01-03 08:00:00+00:00,1.0058625227,0.9986844560
2024-01-03 08:30:00+00:00,1.0058257890,0.9986844560
2024-01-03 09:00:00+00:00,1.0045768407,0.9995525610
2024-01-03 09:30:00+00:00,1.0043380712,0.9998357477
2024-01-03 10:00:00+00:00,1.0037044136,1.0007827199
2024-01-03 10:30:00+00:00,1.0035666620,1.0009887813
2024-01-03 11:00:00+00:00,1.0030799395,1.0017174313
2024-01-03 11:30:00+00:00,1.0027952528,1.0020040417
2024-01-03 12:00:00+00:00,1.0034197269,1.0015047382
2024-01-03 12:30:00+00:00,1.0025381164,1.0021651920
2024-01-03 13:00:00+00:00,1.0029238209,1.0018761184
2024-01-03 13:30:00+00:00,1.0029789216,1.0018348381
2024-01-03 14:00:00+00:00,1.0024279150,1.0022478201
2024-01-03 14:30:00+00:00,1.0024462819,1.0022340477
2024-01-03 15:00:00+00:00,1.0024003647,1.0022684797
2024-01-03 15:30:00+00:00,1.0014269197,1.0029990882
2024-01-03 16:00:00+00:00,1.0021707786,1.0024406811
2024-01-03 16:30:00+00:00,1.0017483402,1.0027577122
2024-01-03 17:00:00+00:00,1.0018309912,1.0026956659
2024-01-03 17:30:00+00:00,1.0016197720,1.0028542463
2024-01-03 18:00:00+00:00,1.0019871097,1.0025784920
2024-01-03 18:30:00+00:00,1.0015646714,1.0028956247
2024-01-04 07:00:00+00:00,1.0016196385,1.0028399465
2024-01-04 07:30:00+00:00,1.0020135693,1.0024925381
2024-01-04 08:00:00+00:00,1.0024991121,1.0018786748
2024-01-04 08:30:00+00:00,1.0034701975,1.0007216863
2024-01-04 09:00:00+00:00,1.0037816777,1.0003510968
2024-01-04 09:30:00+00:00,1.0047619243,0.9997104502
2024-01-04 10:00:00+00:00,1.0041664474,1.0002097493
2024-01-04 10:30:00+00:00,1.0036717435,1.0007639871
2024-01-04 11:00:00+00:00,1.0036076152,1.0008393908
2024-01-04 11:30:00+00:00,1.0029571712,1.0016047932
2024-01-04 12:00:00+00:00,1.0035526481,1.0009040309
2024-01-04 12:30:00+00:00,1.0033694244,1.0011195535
2024-01-04 13:00:00+00:00,1.0030029771,1.0015508562
2024-01-04 13:30:00+00:00,1.0028838817,1.0016312534
2024-01-04 14:00:00+00:00,1.0025082732,1.0018249966
2024-01-04 14:30:00+00:00,1.0027464640,1.0016846864
2024-01-04 15:00:00+00:00,1.0044962499,1.0011452504
2024-01-04 15:30:00+00:00,1.0036350987,1.0017486230
2024-01-04 16:00:00+00:00,1.0040565132,1.0012026218
2024-01-04 16:30:00+00:00,1.0036992270,1.0016298151
2024-01-04 17:00:00+00:00,1.0027831087,1.0027267117
2024-01-04 17:30:00+00:00,1.0032045231,1.0022218658
2024-01-04 18:00:00+00:00,1.0031037501,1.0023425474
2024-01-04 18:30:00+00:00,1.0028747205,1.0026169229
2024-01-05 07:00:00+00:00,1.0031041504,1.0024289962
2024-01-05 07:30:00+00:00,1.0024525695,1.0029989805
2024-01-05 08:00:00+00:00,1.0018927606,1.0036682961
2024-01-05 08:30:00+00:00,1.0010301043,1.0044481249
2024-01-05 09:00:00+00:00,1.0023883291,1.0035731869
2024-01-05 09:30:00+00:00,1.0015073184,1.0041216293
2024-01-05 10:00:00+00:00,1.0007731428,1.0045792625
2024-01-05 10:30:00+00:00,1.0014981412,1.0043241655
2024-01-05 11:00:00+00:00,1.0014063693,1.0042950507
2024-01-05 11:30:00+00:00,1.0016174448,1.0042950507
2024-01-05 12:00:00+00:00,1.0017734571,1.0042950507
2024-01-05 12:30:00+00:00,1.0019386466,1.0042950507
2024-01-05 13:00:00+00:00,1.0022231396,1.0042950507
2024-01-05 13:30:00+00:00,1.0022598484,1.0042950507
2024-01-05 14:00:00+00:00,1.0045174384,1.0042950507
2024-01-05 14:30:00+00:00,1.0048661718,1.0042950507
2024-01-05 15:00:00+00:00,1.0078028743,1.0042950507
2024-01-05 15:30:00+00:00,1.0075000268,1.0042950507
2024-01-05 16:00:00+00:00,1.0061142703,1.0042950507
2024-01-05 16:30:00+00:00,1.0054718667,1.0042950507
2024-01-05 17:00:00+00:00,1.0044990840,1.0042950507
2024-01-05 17:30:00+00:00,1.0045633244,1.0042950507
2024-01-05 18:00:00+00:00,1.0044623752,1.0042950507
2024-01-05 18:30:00+00:00,1.0052791456,1.0042950507
2024-01-08 07:00:00+00:00,1.0053250651,1.0042950507
2024-01-08 07:30:00+00:00,1.0052148583,1.0042950507
2024-01-08 08:00:00+00:00,1.0040209510,1.0042950507
2024-01-08 08:30:00+00:00,1.0041495256,1.0042950507
2024-01-08 09:00:00+00:00,1.0034882847,1.0042950507
2024-01-08 09:30:00+00:00,1.0044617783,1.0042950507
2024-01-08 10:00:00+00:00,1.0044985139,1.0042950507
2024-01-08 10:30:00+00:00,1.0049485252,1.0042950507
2024-01-08 11:00:00+00:00,1.0049577091,1.0042950507
2024-01-08 11:30:00+00:00,1.0045352496,1.0042950507
2024-01-08 12:00:00+00:00,1.0050036286,1.0042950507
2024-01-08 12:30:00+00:00,1.0051597549,1.0042950507
2024-01-08 13:00:00+00:00,1.0055271110,1.0042950507
2024-01-08 13:30:00+00:00,1.0057291569,1.0042950507
2024-01-08 14:00:00+00:00,1.0061608003,1.0042950507
2024-01-08 14:30:00+00:00,1.0065740759,1.0042950507
2024-01-08 15:00:00+00:00,1.0074189949,1.0042950507
2024-01-08 15:30:00+00:00,1.0074557305,1.0042950507
2024-01-08 16:00:00+00:00,1.0077679832,1.0042950507
2024-01-08 16:30:00+00:00,1.0079792130,1.0042950507
2024-01-08 17:00:00+00:00,1.0072812364,1.0042950507
2024-01-08 17:30:00+00:00,1.0069965354,1.0042950507
2024-01-08 18:00:00+00:00,1.0063169266,1.0042950507
2024-01-08 18:30:00+00:00,1.0061424325,1.0042950507
2024-01-09 07:00:00+00:00,1.0068774869,1.0042950507
2024-01-09 07:30:00+00:00,1.0067304760,1.0042950507
2024-01-09 08:00:00+00:00,1.0052419908,1.0042950507
2024-01-09 08:30:00+00:00,1.0060873034,1.0042950507
2024-01-09 09:00:00+00:00,1.0052328027,1.0042950507
2024-01-09 09:30:00+00:00,1.0055727653,1.0042950507
2024-01-09 10:00:00+00:00,1.0057657171,1.0042950507
2024-01-09 10:30:00+00:00,1.0047825819,1.0042950507
2024-01-09 11:00:00+00:00,1.0046998883,1.0042950507
2024-01-09 11:30:00+00:00,1.0043966783,1.0042950507
2024-01-09 12:00:00+00:00,1.0051317327,1.0042950507
2024-01-09 12:30:00+00:00,1.0052419909,1.0042950507
2024-01-09 13:00:00+00:00,1.0048285228,1.0042950507
2024-01-09 13:30:00+00:00,1.0057565289,1.0042950507
2024-01-09 14:00:00+00:00,1.0054257544,1.0042950507
2024-01-09 14:30:00+00:00,1.0057013998,1.0042950507
2024-01-09 15:00:00+00:00,1.0049295928,1.0042950507
2024-01-09 15:30:00+00:00,1.0031654622,1.0042950507
2024-01-09 16:00:00+00:00,1.0039188930,1.0042950507
2024-01-09 16:30:00+00:00,1.0046631355,1.0042950507
2024-01-09 17:00:00+00:00,1.0050030982,1.0042950507
2024-01-09 17:30:00+00:00,1.0046539474,1.0042950507
2024-01-09 18:00:00+00:00,1.0041210329,1.0042950507
2024-01-09 18:30:00+00:00,1.0037351294,1.0042950507
2024-01-10 07:00:00+00:00,1.0045068941,1.0042950507
2024-01-10 07:30:00+00:00,1.0038821322,1.0042950507
2024-01-10 08:00:00+00:00,1.0052235327,1.0042950507
2024-01-10 08:30:00+00:00,1.0054440369,1.0042950507
2024-01-10 09:00:00+00:00,1.0058482946,1.0042950507
2024-01-10 09:30:00+00:00,1.0057931686,1.0042950507
2024-01-10 10:00:00+00:00,1.0063628044,1.0042950507
2024-01-10 10:30:00+00:00,1.0059769221,1.0042950507
2024-01-10 11:00:00+00:00,1.0055634767,1.0042950507
2024-01-10 11:30:00+00:00,1.0056829164,1.0042950507
2024-01-10 12:00:00+00:00,1.0059401714,1.0042950507
2024-01-10 12:30:00+00:00,1.0054807876,1.0042950507
2024-01-10 13:00:00+00:00,1.0057196671,1.0042950507
2024-01-10 13:30:00+00:00,1.0051959696,1.0042950507
2024-01-10 14:00:00+00:00,1.0049570901,1.0042950507
2024-01-10 14:30:00+00:00,1.0051316559,1.0042950507
2024-01-10 15:00:00+00:00,1.0058023562,1.0042950507
2024-01-10 15:30:00+00:00,1.0076490789,1.0042950507
2024-01-10 16:00:00+00:00,1.0069600033,1.0042950507
2024-01-10 16:30:00+00:00,1.0068956895,1.0042950507
2024-01-10 17:00:00+00:00,1.0075296391,1.0042950507
2024-01-10 17:30:00+00:00,1.0076398912,1.0042950507
2024-01-10 18:00:00+00:00,1.0077685187,1.0042950507
2024-01-10 18:30:00+00:00,1.0078512077,1.0042950507
2024-01-11 07:00:00+00:00,1.0075759839,1.0042950507
2024-01-11 07:30:00+00:00,1.0072273671,1.0042950507
2024-01-11 08:00:00+00:00,1.0073558049,1.0042950507
2024-01-11 08:30:00+00:00,1.0068787503,1.0042950507
2024-01-11 09:00:00+00:00,1.0061998649,1.0042950507
2024-01-11 09:30:00+00:00,1.0058328998,1.0042950507
2024-01-11 10:00:00+00:00,1.0059980341,1.0042950507
2024-01-11 10:30:00+00:00,1.0063191286,1.0042950507
2024-01-11 11:00:00+00:00,1.0073925014,1.0042950507
2024-01-11 11:30:00+00:00,1.0071998448,1.0042950507
2024-01-11 12:00:00+00:00,1.0071539741,1.0042950507
2024-01-11 12:30:00+00:00,1.0076677252,1.0042950507
2024-01-11 13:00:00+00:00,1.0080438644,1.0042950507
2024-01-11 13:30:00+00:00,1.0036127611,1.0042950507
2024-01-11 14:00:00+00:00,1.0052732780,1.0042950507
2024-01-11 14:30:00+00:00,1.0049521835,1.0042950507
2024-01-11 15:00:00+00:00,1.0043283429,1.0042950507
2024-01-11 15:30:00+00:00,1.0042366017,1.0042950507
2024-01-11 16:00:00+00:00,1.0043283429,1.0042950507
2024-01-11 16:30:00+00:00,1.0038879848,1.0042950507
2024-01-11 17:00:00+00:00,1.0041999052,1.0042950507
2024-01-11 17:30:00+00:00,1.0046494374,1.0042950507
2024-01-11 18:00:00+00:00,1.0052365815,1.0042950507
2024-01-11 18:30:00+00:00,1.0059246410,1.0042950507
2024-01-12 07:00:00+00:00,1.0052005850,1.0042950507
2024-01-12 07:30:00+00:00,1.0051455934,1.0042950507
2024-01-12 08:00:00+00:00,1.0061537726,1.0042950507
2024-01-12 08:30:00+00:00,1.0059063104,1.0042950507
2024-01-12 09:00:00+00:00,1.0054847081,1.0042950507
2024-01-12 09:30:00+00:00,1.0047514868,1.0042950507
2024-01-12 10:00:00+00:00,1.0046048426,1.0042950507
2024-01-12 10:30:00+00:00,1.0045040246,1.0042950507
2024-01-12 11:00:00+00:00,1.0039816045,1.0042950507
2024-01-12 11:30:00+00:00,1.0035691675,1.0042950507
2024-01-12 12:00:00+00:00,1.0033400358,1.0042950507
2024-01-12 12:30:00+00:00,1.0024785008,1.0042950507
2024-01-12 13:00:00+00:00,1.0036699853,1.0042950507
2024-01-12 13:30:00+00:00,1.0040915876,1.0042950507
2024-01-12 14:00:00+00:00,1.0052464111,1.0042950507
2024-01-12 14:30:00+00:00,1.0059429713,1.0042950507
2024-01-12 15:00:00+00:00,1.0063004167,1.0042950507
2024-01-12 15:30:00+00:00,1.0051089322,1.0042950507
2024-01-12 16:00:00+00:00,1.0056680134,1.0042950507
2024-01-12 16:30:00+00:00,1.0043482150,1.0042950507
2024-01-12 17:00:00+00:00,1.0039266128,1.0042950507
2024-01-12 17:30:00+00:00,1.0035691674,1.0042950507
2024-01-12 18:00:00+00:00,1.0042932234,1.0042950507
2024-01-12 18:30:00+00:00,1.0044765288,1.0042950507
2024-01-15 07:00:00+00:00,1.0041375500,1.0042950507
2024-01-15 07:30:00+00:00,1.0035054005,1.0042950507
2024-01-15 08:00:00+00:00,1.0043299434,1.0042950507
2024-01-15 08:30:00+00:00,1.0039451567,1.0042950507
2024-01-15 09:00:00+00:00,1.0035512084,1.0042950507
2024-01-15 09:30:00+00:00,1.0029007356,1.0042950507
2024-01-15 10:00:00+00:00,1.0018654761,1.0042950507
2024-01-15 10:30:00+00:00,1.0022960707,1.0042950507
2024-01-15 11:00:00+00:00,1.0028640892,1.0042950507
2024-01-15 11:30:00+00:00,1.0027724733,1.0042950507
2024-01-15 12:00:00+00:00,1.0032488759,1.0042950507
2024-01-15 12:30:00+00:00,1.0035420467,1.0042950507
2024-01-15 13:00:00+00:00,1.0029557051,1.0042950507
2024-01-15 13:30:00+00:00,1.0032488759,1.0042950507
2024-01-15 14:00:00+00:00,1.0024609793,1.0042950507
2024-01-15 14:30:00+00:00,1.0025892415,1.0042950507
2024-01-15 15:00:00+00:00,1.0027633117,1.0042950507
2024-01-15 15:30:00+00:00,1.0031755832,1.0042950507
2024-01-15 16:00:00+00:00,1.0034229461,1.0042950507
2024-01-15 16:30:00+00:00,1.0029557051,1.0042950507
2024-01-15 17:00:00+00:00,1.0033862997,1.0042950507
2024-01-15 17:30:00+00:00,1.0030289978,1.0042950507
2024-01-15 18:00:00+00:00,1.0031939064,1.0042950507
2024-01-15 18:30:00+00:00,1.0034504308,1.0042950507
2024-01-16 07:00:00+00:00,1.0029724922,1.0042950507
2024-01-16 07:30:00+00:00,1.0035423421,1.0042950507
2024-01-16 08:00:00+00:00,1.0029081544,1.0042950507
2024-01-16 08:30:00+00:00,1.0022831577,1.0042950507
2024-01-16 09:00:00+00:00,1.0014467652,1.0042950507
2024-01-16 09:30:00+00:00,1.0005736082,1.0042950507
2024-01-16 10:00:00+00:00,1.0004633147,1.0042950507
2024-01-16 10:30:00+00:00,1.0001232430,1.0042950507
2024-01-16 11:00:00+00:00,1.0007298574,1.0042950507
2024-01-16 11:30:00+00:00,1.0011342669,1.0042950507
2024-01-16 12:00:00+00:00,1.0009320621,1.0042950507
2024-01-16 12:30:00+00:00,1.0005827993,1.0042950507
2024-01-16 13:00:00+00:00,0.9997923625,1.0042950507
2024-01-16 13:30:00+00:00,0.9994614819,1.0042950507
2024-01-16 14:00:00+00:00,1.0004173591,1.0042950507
2024-01-16 14:30:00+00:00,0.9993052328,1.0042950507
2024-01-16 15:00:00+00:00,1.0004725059,1.0042950507
2024-01-16 15:30:00+00:00,1.0005276527,1.0042950507
2024-01-16 16:00:00+00:00,1.0007758131,1.0042950507
2024-01-16 16:30:00+00:00,1.0001048608,1.0042950507
2024-01-16 17:00:00+00:00,0.9987170007,1.0042950507
2024-01-16 17:30:00+00:00,0.9984504580,1.0042950507
2024-01-16 18:00:00+00:00,0.9993695707,1.0042950507
2024-01-16 18:30:00+00:00,0.9990754546,1.0042950507
2024-01-17 07:00:00+00:00,0.9996824823,1.0042950507
2024-01-17 07:30:00+00:00,0.9997744561,1.0042950507
2024-01-17 08:00:00+00:00,1.0006206158,1.0042950507
2024-01-17 08:30:00+00:00,0.9994617450,1.0042950507
2024-01-17 09:00:00+00:00,0.9990938495,1.0042950507
2024-01-17 09:30:00+00:00,1.0003814837,1.0042950507
2024-01-17 10:00:00+00:00,1.0001239569,1.0042950507
2024-01-17 10:30:00+00:00,0.9999308117,1.0042950507
2024-01-17 11:00:00+00:00,1.0002343255,1.0042950507
2024-01-17 11:30:00+00:00,1.0005470367,1.0042950507
2024-01-17 12:00:00+00:00,1.0000871673,1.0042950507
2024-01-17 12:30:00+00:00,1.0001607465,1.0042950507
2024-01-17 13:00:00+00:00,0.9998204431,1.0042950507
2024-01-17 13:30:00+00:00,0.9992042181,1.0042950507
2024-01-17 14:00:00+00:00,0.9992685998,1.0042950507
2024-01-17 14:30:00+00:00,0.9978246099,1.0042950507
2024-01-17 15:00:00+00:00,0.9985144140,1.0042950507
2024-01-17 15:30:00+00:00,0.9978430047,1.0042950507
2024-01-17 16:00:00+00:00,0.9981741107,1.0042950507
2024-01-17 16:30:00+00:00,0.9985971905,1.0042950507
2024-01-17 17:00:00+00:00,0.9987259539,1.0042950507
2024-01-17 17:30:00+00:00,0.9994893372,1.0042950507
2024-01-17 18:00:00+00:00,0.9987075592,1.0042950507
2024-01-17 18:30:00+00:00,0.9993789685,1.0042950507
2024-01-18 07:00:00+00:00,0.9986549137,1.0042950507
2024-01-18 07:30:00+00:00,0.9979308589,1.0042950507
2024-01-18 08:00:00+00:00,0.9976742319,1.0042950507
2024-01-18 08:30:00+00:00,0.9971793083,1.0042950507
2024-01-18 09:00:00+00:00,0.9984807739,1.0042950507
2024-01-18 09:30:00+00:00,0.9976100751,1.0042950507
2024-01-18 10:00:00+00:00,0.9981691554,1.0042950507
2024-01-18 10:30:00+00:00,0.9985540960,1.0042950507
2024-01-18 11:00:00+00:00,0.9981324944,1.0042950507
2024-01-18 11:30:00+00:00,0.9980225114,1.0042950507
2024-01-18 12:00:00+00:00,0.9978025454,1.0042950507
2024-01-18 12:30:00+00:00,0.9969593423,1.0042950507
2024-01-18 13:00:00+00:00,0.9959694952,1.0042950507
2024-01-18 13:30:00+00:00,0.9946680296,1.0042950507
2024-01-18 14:00:00+00:00,0.9957311987,1.0042950507
2024-01-18 14:30:00+00:00,0.9953187624,1.0042950507
2024-01-18 15:00:00+00:00,0.9954104149,1.0042950507
2024-01-18 15:30:00+00:00,0.9946313686,1.0042950507
2024-01-18 16:00:00+00:00,0.9960611478,1.0042950507
2024-01-18 16:30:00+00:00,0.9955203980,1.0042950507
2024-01-18 17:00:00+00:00,0.9952454405,1.0042950507
2024-01-18 17:30:00+00:00,0.9953279277,1.0042950507
2024-01-18 18:00:00+00:00,0.9952362752,1.0042950507
2024-01-18 18:30:00+00:00,0.9956945378,1.0042950507
2024-01-19 07:00:00+00:00,0.9954749195,1.0042950507
2024-01-19 07:30:00+00:00,0.9955481256,1.0042950507
2024-01-19 08:00:00+00:00,0.9949075722,1.0042950507
2024-01-19 08:30:00+00:00,0.9953651103,1.0042950507
2024-01-19 09:00:00+00:00,0.9959599099,1.0042950507
2024-01-19 09:30:00+00:00,0.9958867038,1.0042950507
2024-01-19 10:00:00+00:00,0.9951820950,1.0042950507
2024-01-19 10:30:00+00:00,0.9956945378,1.0042950507
2024-01-19 11:00:00+00:00,0.9964357496,1.0042950507
2024-01-19 11:30:00+00:00,0.9962801866,1.0042950507
2024-01-19 12:00:00+00:00,0.9959141561,1.0042950507
2024-01-19 12:30:00+00:00,0.9958409500,1.0042950507
2024-01-19 13:00:00+00:00,0.9960605683,1.0042950507
2024-01-19 13:30:00+00:00,0.9956670855,1.0042950507
2024-01-19 14:00:00+00:00,0.9950356829,1.0042950507
2024-01-19 14:30:00+00:00,0.9956396333,1.0042950507
2024-01-19 15:00:00+00:00,0.9954108642,1.0042950507
2024-01-19 15:30:00+00:00,0.9958409500,1.0042950507
2024-01-19 16:00:00+00:00,0.9962069806,1.0042950507
2024-01-19 16:30:00+00:00,0.9962069806,1.0042950507
2024-01-19 17:00:00+00:00,0.9964998050,1.0042950507
2024-01-19 17:30:00+00:00,0.9964998050,1.0042950507
2024-01-19 18:00:00+00:00,0.9968475340,1.0042950507
2024-01-19 18:30:00+00:00,0.9967194233,1.0042950507
2024-01-22 07:00:00+00:00,0.9965092009,1.0042950507
2024-01-22 07:30:00+00:00,0.9960704758,1.0042950507
2024-01-22 08:00:00+00:00,0.9961984373,1.0042950507
2024-01-22 08:30:00+00:00,0.9955312095,1.0042950507
2024-01-22 09:00:00+00:00,0.9959973549,1.0042950507
2024-01-22 09:30:00+00:00,0.9959973549,1.0042950507
2024-01-22 10:00:00+00:00,0.9953392673,1.0042950507
2024-01-22 10:30:00+00:00,0.9950559240,1.0042950507
2024-01-22 11:00:00+00:00,0.9947725807,1.0042950507
2024-01-22 11:30:00+00:00,0.9953758277,1.0042950507
2024-01-22 12:00:00+00:00,0.9959882148,1.0042950507
2024-01-22 12:30:00+00:00,0.9956134705,1.0042950507
2024-01-22 13:00:00+00:00,0.9951838855,1.0042950507
2024-01-22 13:30:00+00:00,0.9955037892,1.0042950507
2024-01-22 14:00:00+00:00,0.9954855090,1.0042950507
2024-01-22 14:30:00+00:00,0.9953484074,1.0042950507
2024-01-22 15:00:00+00:00,0.9958054127,1.0042950507
2024-01-22 15:30:00+00:00,0.9949279625,1.0042950507
2024-01-22 16:00:00+00:00,0.9954398085,1.0042950507
2024-01-22 16:30:00+00:00,0.9957231518,1.0042950507
2024-01-22 17:00:00+00:00,0.9960887560,1.0042950507
2024-01-22 17:30:00+00:00,0.9959425143,1.0042950507
2024-01-22 18:00:00+00:00,0.9949919433,1.0042950507
2024-01-22 18:30:00+00:00,0.9953758277,1.0042950507
2024-01-23 07:00:00+00:00,0.9949015874,1.0042950507
2024-01-23 07:30:00+00:00,0.9948286273,1.0042950507
2024-01-23 08:00:00+00:00,0.9944273470,1.0042950507
2024-01-23 08:30:00+00:00,0.9936339064,1.0042950507
2024-01-23 09:00:00+00:00,0.9933603062,1.0042950507
2024-01-23 09:30:00+00:00,0.9929499058,1.0042950507
2024-01-23 10:00:00+00:00,0.9926854256,1.0042950507
2024-01-23 10:30:00+00:00,0.9912900645,1.0042950507
2024-01-23 11:00:00+00:00,0.9907793441,1.0042950507
2024-01-23 11:30:00+00:00,0.9910255843,1.0042950507
2024-01-23 12:00:00+00:00,0.9906425440,1.0042950507
2024-01-23 12:30:00+00:00,0.9907793441,1.0042950507
2024-01-23 13:00:00+00:00,0.9914451046,1.0042950507
2024-01-23 13:30:00+00:00,0.9917095848,1.0042950507
2024-01-23 14:00:00+00:00,0.9908705441,1.0042950507
2024-01-23 14:30:00+00:00,0.9897670233,1.0042950507
2024-01-23 15:00:00+00:00,0.9884628623,1.0042950507
2024-01-23 15:30:00+00:00,0.9877788617,1.0042950507
2024-01-23 16:00:00+00:00,0.9884628623,1.0042950507
2024-01-23 16:30:00+00:00,0.9875326215,1.0042950507
2024-01-23 17:00:00+00:00,0.9881345420,1.0042950507
2024-01-23 17:30:00+00:00,0.9878244617,1.0042950507
2024-01-23 18:00:00+00:00,0.9884263822,1.0042950507
2024-01-23 18:30:00+00:00,0.9883351821,1.0042950507
2024-01-24 07:00:00+00:00,0.9889083411,1.0042950507
2024-01-24 07:30:00+00:00,0.9892358604,1.0042950507
2024-01-24 08:00:00+00:00,0.9892449582,1.0042950507
2024-01-24 08:30:00+00:00,0.9889265366,1.0042950507
2024-01-24 09:00:00+00:00,0.9905641334,1.0042950507
2024-01-24 09:30:00+00:00,0.9918924064,1.0042950507
2024-01-24 10:00:00+00:00,0.9913738340,1.0042950507
2024-01-24 10:30:00+00:00,0.9914557139,1.0042950507
2024-01-24 11:00:00+00:00,0.9913465407,1.0042950507
2024-01-24 11:30:00+00:00,0.9910008259,1.0042950507
2024-01-24 12:00:00+00:00,0.9905732311,1.0042950507
2024-01-24 12:30:00+00:00,0.9911827810,1.0042950507
2024-01-24 13:00:00+00:00,0.9927657913,1.0042950507
2024-01-24 13:30:00+00:00,0.9939303046,1.0042950507
2024-01-24 14:00:00+00:00,0.9945216591,1.0042950507
2024-01-24 14:30:00+00:00,0.9919651885,1.0042950507
2024-01-24 15:00:00+00:00,0.9922472191,1.0042950507
2024-01-24 15:30:00+00:00,0.9917377445,1.0042950507
2024-01-24 16:00:00+00:00,0.9918742109,1.0042950507
2024-01-24 16:30:00+00:00,0.9916922557,1.0042950507
2024-01-24 17:00:00+00:00,0.9918560154,1.0042950507
2024-01-24 17:30:00+00:00,0.9921471437,1.0042950507
2024-01-24 18:00:00+00:00,0.9912009767,1.0042950507
2024-01-24 18:30:00+00:00,0.9909826304,1.0042950507
2024-01-25 07:00:00+00:00,0.9912739299,1.0042950507
2024-01-25 07:30:00+00:00,0.9911464864,1.0042950507
2024-01-25 08:00:00+00:00,0.9914286828,1.0042950507
2024-01-25 08:30:00+00:00,0.9921478284,1.0042950507
2024-01-25 09:00:00+00:00,0.9916289512,1.0042950507
2024-01-25 09:30:00+00:00,0.9918747351,1.0042950507
2024-01-25 10:00:00+00:00,0.9918110133,1.0042950507
2024-01-25 10:30:00+00:00,0.9916016418,1.0042950507
2024-01-25 11:00:00+00:00,0.9912102082,1.0042950507
2024-01-25 11:30:00+00:00,0.9917837040,1.0042950507
2024-01-25 12:00:00+00:00,0.9911828988,1.0042950507
2024-01-25 12:30:00+00:00,0.9911646926,1.0042950507
2024-01-25 13:00:00+00:00,0.9913194454,1.0042950507
2024-01-25 13:30:00+00:00,0.9903454128,1.0042950507
2024-01-25 14:00:00+00:00,0.9892803491,1.0042950507
2024-01-25 14:30:00+00:00,0.9886249252,1.0042950507
2024-01-25 15:00:00+00:00,0.9871593248,1.0042950507
2024-01-25 15:30:00+00:00,0.9860305392,1.0042950507
2024-01-25 16:00:00+00:00,0.9864583854,1.0042950507
2024-01-25 16:30:00+00:00,0.9864401791,1.0042950507
2024-01-25 17:00:00+00:00,0.9871775309,1.0042950507
2024-01-25 17:30:00+00:00,0.9865767257,1.0042950507
2024-01-25 18:00:00+00:00,0.9868680252,1.0042950507
2024-01-25 18:30:00+00:00,0.9858848895,1.0049079532
2024-01-26 07:00:00+00:00,0.9847286986,1.0052757934
2024-01-26 07:30:00+00:00,0.9849927107,1.0052440488
2024-01-26 08:00:00+00:00,0.9857392276,1.0052440488
2024-01-26 08:30:00+00:00,0.9868772108,1.0052440488
2024-01-26 09:00:00+00:00,0.9867133412,1.0052440488
2024-01-26 09:30:00+00:00,0.9872413654,1.0052440488
2024-01-26 10:00:00+00:00,0.9887890225,1.0052440488
2024-01-26 10:30:00+00:00,0.9891167617,1.0052440488
2024-01-26 11:00:00+00:00,0.9899179018,1.0052440488
2024-01-26 11:30:00+00:00,0.9900089405,1.0052440488
2024-01-26 12:00:00+00:00,0.9896356820,1.0052440488
2024-01-26 12:30:00+00:00,0.9893534622,1.0052440488
2024-01-26 13:00:00+00:00,0.9900089405,1.0052440488
2024-01-26 13:30:00+00:00,0.9897722400,1.0052440488
2024-01-26 14:00:00+00:00,0.9890621385,1.0052440488
2024-01-26 14:30:00+00:00,0.9899543173,1.0052440488
2024-01-26 15:00:00+00:00,0.9884430757,1.0052440488
2024-01-26 15:30:00+00:00,0.9890439308,1.0052440488
2024-01-26 16:00:00+00:00,0.9892806313,1.0052440488
2024-01-26 16:30:00+00:00,0.9891258656,1.0052440488
2024-01-26 17:00:00+00:00,0.9891349695,1.0052440488
2024-01-26 17:30:00+00:00,0.9890257231,1.0052440488
2024-01-26 18:00:00+00:00,0.9889893076,1.0052440488
2024-01-26 18:30:00+00:00,0.9883065177,1.0052440488
2024-01-29 07:00:00+00:00,0.9883429644,1.0052440488
2024-01-29 07:30:00+00:00,0.9874591323,1.0052440488
2024-01-29 08:00:00+00:00,0.9874955790,1.0052440488
2024-01-29 08:30:00+00:00,0.9872313405,1.0052440488
2024-01-29 09:00:00+00:00,0.9865388535,1.0052440488
2024-01-29 09:30:00+00:00,0.9863657318,1.0052440488
2024-01-29 10:00:00+00:00,0.9855730164,1.0052440488
2024-01-29 10:30:00+00:00,0.9858099198,1.0052440488
2024-01-29 11:00:00+00:00,0.9857916965,1.0052440488
2024-01-29 11:30:00+00:00,0.9861561633,1.0052440488
2024-01-29 12:00:00+00:00,0.9870308838,1.0052440488
2024-01-29 12:30:00+00:00,0.9860741583,1.0052440488
2024-01-29 13:00:00+00:00,0.9860103766,1.0052440488
2024-01-29 13:30:00+00:00,0.9859192599,1.0052440488
2024-01-29 14:00:00+00:00,0.9848987528,1.0052440488
2024-01-29 14:30:00+00:00,0.9846982960,1.0052440488
2024-01-29 15:00:00+00:00,0.9842062658,1.0052440488
2024-01-29 15:30:00+00:00,0.9838326873,1.0052440488
2024-01-29 16:00:00+00:00,0.9847529661,1.0052440488
2024-01-29 16:30:00+00:00,0.9846071793,1.0052440488
2024-01-29 17:00:00+00:00,0.9854181180,1.0052440488
2024-01-29 17:30:00+00:00,0.9851174329,1.0052440488
2024-01-29 18:00:00+00:00,0.9851447679,1.0052440488
2024-01-29 18:30:00+00:00,0.9851174329,1.0052440488
2024-01-30 07:00:00+00:00,0.9850263448,1.0052440488
2024-01-30 07:30:00+00:00,0.9858279198,1.0052440488
2024-01-30 08:00:00+00:00,0.9855455468,1.0052440488
2024-01-30 08:30:00+00:00,0.9857641582,1.0052440488
2024-01-30 09:00:00+00:00,0.9856821789,1.0052440488
2024-01-30 09:30:00+00:00,0.9862104897,1.0052440488
2024-01-30 10:00:00+00:00,0.9863926658,1.0052440488
2024-01-30 10:30:00+00:00,0.9872488937,1.0052440488
2024-01-30 11:00:00+00:00,0.9877225516,1.0052440488
2024-01-30 11:30:00+00:00,0.9875677019,1.0052440488
2024-01-30 12:00:00+00:00,0.9877498780,1.0052440488
2024-01-30 12:30:00+00:00,0.9881051215,1.0052440488
2024-01-30 13:00:00+00:00,0.9875039402,1.0052440488
2024-01-30 13:30:00+00:00,0.9869027590,1.0052440488
2024-01-30 14:00:00+00:00,0.9883328416,1.0052440488
2024-01-30 14:30:00+00:00,0.9883510592,1.0052440488
2024-01-30 15:00:00+00:00,0.9872306760,1.0052440488
2024-01-30 15:30:00+00:00,0.9871213703,1.0052440488
2024-01-30 16:00:00+00:00,0.9873308729,1.0052440488
2024-01-30 16:30:00+00:00,0.9876861163,1.0052440488
2024-01-30 17:00:00+00:00,0.9876770075,1.0052440488
2024-01-30 17:30:00+00:00,0.9872853288,1.0052440488
2024-01-30 18:00:00+00:00,0.9869665206,1.0052440488
2024-01-30 18:30:00+00:00,0.9870120646,1.0052440488
2024-01-31 07:00:00+00:00,0.9875048588,1.0052440488
2024-01-31 07:30:00+00:00,0.9870485679,1.0052440488
2024-01-31 08:00:00+00:00,0.9872858391,1.0052440488
2024-01-31 08:30:00+00:00,0.9873223424,1.0052440488
2024-01-31 09:00:00+00:00,0.9888007251,1.0052440488
2024-01-31 09:30:00+00:00,0.9876326203,1.0052440488
2024-01-31 10:00:00+00:00,0.9882896793,1.0052440488
2024-01-31 10:30:00+00:00,0.9879155207,1.0052440488
2024-01-31 11:00:00+00:00,0.9891931353,1.0052440488
2024-01-31 11:30:00+00:00,0.9891475062,1.0052440488
2024-01-31 12:00:00+00:00,0.9887368444,1.0052440488
2024-01-31 12:30:00+00:00,0.9889467382,1.0052440488
2024-01-31 13:00:00+00:00,0.9897315586,1.0052440488
2024-01-31 13:30:00+00:00,0.9908449085,1.0052440488
2024-01-31 14:00:00+00:00,0.9915658482,1.0052440488
2024-01-31 14:30:00+00:00,0.9928890920,1.0052440488
2024-01-31 15:00:00+00:00,0.9914472126,1.0052440488
2024-01-31 15:30:00+00:00,0.9911916897,1.0052440488
2024-01-31 16:00:00+00:00,0.9898775718,1.0052440488
2024-01-31 16:30:00+00:00,0.9905620082,1.0052440488
2024-01-31 17:00:00+00:00,0.9896220488,1.0052440488
2024-01-31 17:30:00+00:00,0.9901330947,1.0052440488
2024-01-31 18:00:00+00:00,0.9899597041,1.0052440488
2024-01-31 18:30:00+00:00,0.9898410685,1.0052440488
2024-02-01 07:00:00+00:00,0.9887225211,1.0052440488
2024-02-01 07:30:00+00:00,0.9895843527,1.0052440488
2024-02-01 08:00:00+00:00,0.9886308369,1.0052440488
2024-02-01 08:30:00+00:00,0.9894376579,1.0052440488
2024-02-01 09:00:00+00:00,0.9900611106,1.0052440488
2024-02-01 09:30:00+00:00,0.9900611106,1.0052440488
2024-02-01 10:00:00+00:00,0.9898777422,1.0052440488
2024-02-01 10:30:00+00:00,0.9895660159,1.0052440488
2024-02-01 11:00:00+00:00,0.9907304053,1.0052440488
2024-02-01 11:30:00+00:00,0.9909779527,1.0052440488
2024-02-01 12:00:00+00:00,0.9915280580,1.0052440488
2024-02-01 12:30:00+00:00,0.9915830685,1.0052440488
2024-02-01 13:00:00+00:00,0.9913997001,1.0052440488
2024-02-01 13:30:00+00:00,0.9914638790,1.0052440488
2024-02-01 14:00:00+00:00,0.9916380790,1.0052440488
2024-02-01 14:30:00+00:00,0.9926741107,1.0052440488
2024-02-01 15:00:00+00:00,0.9930683528,1.0052440488
2024-02-01 15:30:00+00:00,0.9926374370,1.0052440488
2024-02-01 16:00:00+00:00,0.9947095002,1.0052440488
2024-02-01 16:30:00+00:00,0.9960939318,1.0052440488
2024-02-01 17:00:00+00:00,0.9958463844,1.0052440488
2024-02-01 17:30:00+00:00,0.9968640792,1.0052440488
2024-02-01 18:00:00+00:00,0.9960022476,1.0052440488
2024-02-01 18:30:00+00:00,0.9966073633,1.0052440488
2024-02-02 07:00:00+00:00,0.9970288858,1.0052440488
2024-02-02 07:30:00+00:00,0.9970838670,1.0052440488
2024-02-02 08:00:00+00:00,0.9967356528,1.0052440488
2024-02-02 08:30:00+00:00,0.9969280869,1.0052440488
2024-02-02 09:00:00+00:00,0.9983759249,1.0052440488
2024-02-02 09:30:00+00:00,0.9979818931,1.0052440488
2024-02-02 10:00:00+00:00,0.9977253142,1.0052440488
2024-02-02 10:30:00+00:00,0.9974137541,1.0052440488
2024-02-02 11:00:00+00:00,0.9973037917,1.0052440488
2024-02-02 11:30:00+00:00,0.9973221188,1.0052440488
2024-02-02 12:00:00+00:00,0.9971846658,1.0052440488
2024-02-02 12:30:00+00:00,0.9970288858,1.0052440488
2024-02-02 13:00:00+00:00,0.9973954270,1.0052440488
2024-02-02 13:30:00+00:00,0.9903211807,1.0052440488
2024-02-02 14:00:00+00:00,0.9896155888,1.0052440488
2024-02-02 14:30:00+00:00,0.9904769607,1.0052440488
2024-02-02 15:00:00+00:00,0.9882502227,1.0052440488
2024-02-02 15:30:00+00:00,0.9898813313,1.0052440488
2024-02-02 16:00:00+00:00,0.9890474499,1.0052440488
2024-02-02 16:30:00+00:00,0.9883968392,1.0052440488
2024-02-02 17:00:00+00:00,0.9886534180,1.0052440488
2024-02-02 17:30:00+00:00,0.9881402603,1.0052440488
2024-02-02 18:00:00+00:00,0.9881310967,1.0052440488
2024-02-02 18:30:00+00:00,0.9885892733,1.0052440488
2024-02-05 07:00:00+00:00,0.9883049324,1.0052440488
2024-02-05 07:30:00+00:00,0.9888002359,1.0052440488
2024-02-05 08:00:00+00:00,0.9881306589,1.0052440488
2024-02-05 08:30:00+00:00,0.9875803216,1.0052440488
2024-02-05 09:00:00+00:00,0.9870850180,1.0052440488
2024-02-05 09:30:00+00:00,0.9863512349,1.0052440488
2024-02-05 10:00:00+00:00,0.9860393771,1.0052440488
2024-02-05 10:30:00+00:00,0.9859659988,1.0052440488
2024-02-05 11:00:00+00:00,0.9866172313,1.0052440488
2024-02-05 11:30:00+00:00,0.9864796470,1.0052440488
2024-02-05 12:00:00+00:00,0.9866814373,1.0052440488
2024-02-05 12:30:00+00:00,0.9860026879,1.0052440488
2024-02-05 13:00:00+00:00,0.9856357964,1.0052440488
2024-02-05 13:30:00+00:00,0.9848836687,1.0052440488
2024-02-05 14:00:00+00:00,0.9852689049,1.0052440488
2024-02-05 14:30:00+00:00,0.9853239386,1.0052440488
2024-02-05 15:00:00+00:00,0.9848102904,1.0052440488
2024-02-05 15:30:00+00:00,0.9837646495,1.0052440488
2024-02-05 16:00:00+00:00,0.9839480952,1.0052440488
2024-02-05 16:30:00+00:00,0.9846727060,1.0052440488
2024-02-05 17:00:00+00:00,0.9851588373,1.0050070714
2024-02-05 17:30:00+00:00,0.9850304253,1.0050764735
2024-02-05 18:00:00+00:00,0.9852505602,1.0048949649
2024-02-05 18:30:00+00:00,0.9854798674,1.0047059715
2024-02-06 07:00:00+00:00,0.9861306759,1.0044015402
2024-02-06 07:30:00+00:00,0.9855623643,1.0047403698
2024-02-06 08:00:00+00:00,0.9859840149,1.0045796091
2024-02-06 08:30:00+00:00,0.9850307179,1.0045531612
2024-02-06 09:00:00+00:00,0.9845265705,1.0045531612
2024-02-06 09:30:00+00:00,0.9834907767,1.0045531612
2024-02-06 10:00:00+00:00,0.9836191051,1.0045531612
2024-02-06 10:30:00+00:00,0.9834724441,1.0045531612
2024-02-06 11:00:00+00:00,0.9839307599,1.0045531612
2024-02-06 11:30:00+00:00,0.9843524105,1.0045531612
2024-02-06 12:00:00+00:00,0.9833532819,1.0045531612
2024-02-06 12:30:00+00:00,0.9840957536,1.0045531612
2024-02-06 13:00:00+00:00,0.9837107683,1.0045531612
2024-02-06 13:30:00+00:00,0.9836007725,1.0045531612
2024-02-06 14:00:00+00:00,0.9837932652,1.0045531612
2024-02-06 14:30:00+00:00,0.9845174042,1.0045531612
2024-02-06 15:00:00+00:00,0.9846823979,1.0045531612
2024-02-06 15:30:00+00:00,0.9847648947,1.0045531612
2024-02-06 16:00:00+00:00,0.9852507095,1.0045531612
2024-02-06 16:30:00+00:00,0.9854340358,1.0045531612
2024-02-06 17:00:00+00:00,0.9855165326,1.0045531612
2024-02-06 17:30:00+00:00,0.9854798674,1.0045531612
2024-02-06 18:00:00+00:00,0.9849940526,1.0045531612
2024-02-06 18:30:00+00:00,0.9857456906,1.0045531612
2024-02-07 07:00:00+00:00,0.9866159080,1.0045531612
2024-02-07 07:30:00+00:00,0.9867899515,1.0045531612
2024-02-07 08:00:00+00:00,0.9859197340,1.0045531612
2024-02-07 08:30:00+00:00,0.9858922535,1.0045531612
2024-02-07 09:00:00+00:00,0.9859563748,1.0045531612
2024-02-07 09:30:00+00:00,0.9864785053,1.0045531612
2024-02-07 10:00:00+00:00,0.9865334664,1.0045531612
2024-02-07 10:30:00+00:00,0.9860388165,1.0045531612
2024-02-07 11:00:00+00:00,0.9864785053,1.0045531612
2024-02-07 11:30:00+00:00,0.9866617090,1.0045531612
2024-02-07 12:00:00+00:00,0.9865426266,1.0045531612
2024-02-07 12:30:00+00:00,0.9868998737,1.0045531612
2024-02-07 13:00:00+00:00,0.9876693292,1.0045531612
2024-02-07 13:30:00+00:00,0.9865701071,1.0045531612
2024-02-07 14:00:00+00:00,0.9864693451,1.0045531612
2024-02-07 14:30:00+00:00,0.9866891895,1.0045531612
2024-02-07 15:00:00+00:00,0.9868998738,1.0045531612
2024-02-07 15:30:00+00:00,0.9853426426,1.0045531612
2024-02-07 16:00:00+00:00,0.9860479767,1.0045531612
2024-02-07 16:30:00+00:00,0.9863502627,1.0045531612
2024-02-07 17:00:00+00:00,0.9858372925,1.0045531612
2024-02-07 17:30:00+00:00,0.9860937776,1.0045531612
2024-02-07 18:00:00+00:00,0.9868815534,1.0045531612
2024-02-07 18:30:00+00:00,0.9866617090,1.0045531612
2024-02-08 07:00:00+00:00,0.9866891566,1.0045531612
2024-02-08 07:30:00+00:00,0.9863140384,1.0045531612
2024-02-08 08:00:00+00:00,0.9857467863,1.0045531612
2024-02-08 08:30:00+00:00,0.9860487108,1.0045531612
2024-02-08 09:00:00+00:00,0.9859846662,1.0045531612
2024-02-08 09:30:00+00:00,0.9865793659,1.0045531612
2024-02-08 10:00:00+00:00,0.9863780830,1.0045531612
2024-02-08 10:30:00+00:00,0.9855180557,1.0045531612
2024-02-08 11:00:00+00:00,0.9847678191,1.0045531612
2024-02-08 11:30:00+00:00,0.9847403715,1.0045531612
2024-02-08 12:00:00+00:00,0.9842097164,1.0045531612
2024-02-08 12:30:00+00:00,0.9841639702,1.0045531612
2024-02-08 13:00:00+00:00,0.9844018501,1.0045531612
2024-02-08 13:30:00+00:00,0.9829928693,1.0045531612
2024-02-08 14:00:00+00:00,0.9839077919,1.0045531612
2024-02-08 14:30:00+00:00,0.9849233560,1.0045531612
2024-02-08 15:00:00+00:00,0.9844841932,1.0045531612
2024-02-08 15:30:00+00:00,0.9845848347,1.0045531612
2024-02-08 16:00:00+00:00,0.9847037746,1.0045531612
2024-02-08 16:30:00+00:00,0.9856735926,1.0045531612
2024-02-08 17:00:00+00:00,0.9858108310,1.0045531612
2024-02-08 17:30:00+00:00,0.9856918911,1.0045531612
2024-02-08 18:00:00+00:00,0.9862591431,1.0045531612
2024-02-08 18:30:00+00:00,0.9859846663,1.0045531612
2024-02-09 07:00:00+00:00,0.9863964579,1.0045531612
2024-02-09 07:30:00+00:00,0.9865062690,1.0045531612
2024-02-09 08:00:00+00:00,0.9866892875,1.0045531612
2024-02-09 08:30:00+00:00,0.9858199497,1.0045531612
2024-02-09 09:00:00+00:00,0.9860121191,1.0045531612
2024-02-09 09:30:00+00:00,0.9852800451,1.0045531612
2024-02-09 10:00:00+00:00,0.9854264599,1.0045531612
2024-02-09 10:30:00+00:00,0.9852617432,1.0045531612
2024-02-09 11:00:00+00:00,0.9853166488,1.0045531612
2024-02-09 11:30:00+00:00,0.9857101385,1.0045531612
2024-02-09 12:00:00+00:00,0.9855820256,1.0045531612
2024-02-09 12:30:00+00:00,0.9853074979,1.0045531612
2024-02-09 13:00:00+00:00,0.9857284404,1.0045531612
2024-02-09 13:30:00+00:00,0.9867624949,1.0045531612
2024-02-09 14:00:00+00:00,0.9862134394,1.0045531612
2024-02-09 14:30:00+00:00,0.9866252310,1.0045531612
2024-02-09 15:00:00+00:00,0.9869912680,1.0045531612
2024-02-09 15:30:00+00:00,0.9870553245,1.0045531612
2024-02-09 16:00:00+00:00,0.9867533439,1.0045531612
2024-02-09 16:30:00+00:00,0.9866252310,1.0045531612
2024-02-09 17:00:00+00:00,0.9867167402,1.0045531612
2024-02-09 17:30:00+00:00,0.9869821170,1.0045531612
2024-02-09 18:00:00+00:00,0.9873390031,1.0045531612
2024-02-09 18:30:00+00:00,0.9870736263,1.0045531612
2024-02-12 07:00:00+00:00,0.9875309605,1.0045531612
2024-02-12 07:30:00+00:00,0.9881437883,1.0045531612
2024-02-12 08:00:00+00:00,0.9860674909,1.0029022880
2024-02-12 08:30:00+00:00,0.9856010100,1.0021268455
2024-02-12 09:00:00+00:00,0.9855186899,1.0019967269
2024-02-12 09:30:00+00:00,0.9850247689,1.0019328515
2024-02-12 10:00:00+00:00,0.9855369832,1.0019328515
2024-02-12 10:30:00+00:00,0.9857199169,1.0019328515
2024-02-12 11:00:00+00:00,0.9850887957,1.0019328515
2024-02-12 11:30:00+00:00,0.9850522090,1.0019328515
2024-02-12 12:00:00+00:00,0.9852625827,1.0019328515
2024-02-12 12:30:00+00:00,0.9850796490,1.0019328515
2024-02-12 13:00:00+00:00,0.9849333021,1.0019328515
2024-02-12 13:30:00+00:00,0.9845491413,1.0019328515
2024-02-12 14:00:00+00:00,0.9849515954,1.0019328515
2024-02-12 14:30:00+00:00,0.9852991695,1.0019328515
2024-02-12 15:00:00+00:00,0.9841101005,1.0019328515
2024-02-12 15:30:00+00:00,0.9848784220,1.0019328515
2024-02-12 16:00:00+00:00,0.9856650369,1.0019328515
2024-02-12 16:30:00+00:00,0.9853997830,1.0019328515
2024-02-12 17:00:00+00:00,0.9858113838,1.0019328515
2024-02-12 17:30:00+00:00,0.9862321313,1.0019328515
2024-02-12 18:00:00+00:00,0.9862321313,1.0019328515
2024-02-12 18:30:00+00:00,0.9861223711,1.0019328515
2024-02-13 07:00:00+00:00,0.9862505531,1.0019328515
2024-02-13 07:30:00+00:00,0.9861956180,1.0019328515
2024-02-13 08:00:00+00:00,0.9856371107,1.0019328515
2024-02-13 08:30:00+00:00,0.9858843188,1.0019328515
2024-02-13 09:00:00+00:00,0.9853532792,1.0019328515
2024-02-13 09:30:00+00:00,0.9857836044,1.0019328515
2024-02-13 10:00:00+00:00,0.9865984757,1.0019328515
2024-02-13 10:30:00+00:00,0.9862871765,1.0019328515
2024-02-13 11:00:00+00:00,0.9871020478,1.0019328515
2024-02-13 11:30:00+00:00,0.9868182162,1.0019328515
2024-02-13 12:00:00+00:00,0.9871295153,1.0019328515
2024-02-13 12:30:00+00:00,0.9875232172,1.0019328515
2024-02-13 13:00:00+00:00,0.9880817244,1.0019328515
2024-02-13 13:30:00+00:00,0.9804640519,1.0019328515
2024-02-13 14:00:00+00:00,0.9814711961,1.0019328515
2024-02-13 14:30:00+00:00,0.9813247024,1.0019328515
2024-02-13 15:00:00+00:00,0.9817367160,1.0019328515
2024-02-13 15:30:00+00:00,0.9812239880,1.0019328515
2024-02-13 16:00:00+00:00,0.9810866501,1.0019328515
2024-02-13 16:30:00+00:00,0.9814437285,1.0019328515
2024-02-13 17:00:00+00:00,0.9809218447,1.0019328515
2024-02-13 17:30:00+00:00,0.9810958060,1.0019328515
2024-02-13 18:00:00+00:00,0.9809584681,1.0019328515
2024-02-13 18:30:00+00:00,0.9804457402,1.0019328515
2024-02-14 07:00:00+00:00,0.9796223359,1.0019328515
2024-02-14 07:30:00+00:00,0.9796406338,1.0019328515
2024-02-14 08:00:00+00:00,0.9788629743,1.0019328515
2024-02-14 08:30:00+00:00,0.9791557402,1.0019328515
2024-02-14 09:00:00+00:00,0.9792197827,1.0019328515
2024-02-14 09:30:00+00:00,0.9789361657,1.0019328515
2024-02-14 10:00:00+00:00,0.9788446764,1.0019328515
2024-02-14 10:30:00+00:00,0.9792746764,1.0019328515
2024-02-14 11:00:00+00:00,0.9788812721,1.0019328515
2024-02-14 11:30:00+00:00,0.9796680806,1.0019328515
2024-02-14 12:00:00+00:00,0.9792472296,1.0019328515
2024-02-14 12:30:00+00:00,0.9794668040,1.0019328515
2024-02-14 13:00:00+00:00,0.9799791445,1.0019328515
2024-02-14 13:30:00+00:00,0.9797504211,1.0019328515
2024-02-14 14:00:00+00:00,0.9801072296,1.0019328515
2024-02-14 14:30:00+00:00,0.9804182934,1.0019328515
2024-02-14 15:00:00+00:00,0.9809489317,1.0019328515
2024-02-14 15:30:00+00:00,0.9808848892,1.0019328515
2024-02-14 16:00:00+00:00,0.9814887190,1.0019328515
2024-02-14 16:30:00+00:00,0.9820285062,1.0019328515
2024-02-14 17:00:00+00:00,0.9818180806,1.0019954138
2024-02-14 17:30:00+00:00,0.9817357402,1.0020331477
2024-02-14 18:00:00+00:00,0.9814246764,1.0023404280
2024-02-14 18:30:00+00:00,0.9814063785,1.0023585093
2024-02-15 07:00:00+00:00,0.9821288683,1.0019581820
2024-02-15 07:30:00+00:00,0.9815801419,1.0023424514
2024-02-15 08:00:00+00:00,0.9815435601,1.0023579408
2024-02-15 08:30:00+00:00,0.9813789422,1.0025203633
2024-02-15 09:00:00+00:00,0.9816715963,1.0023302300
2024-02-15 09:30:00+00:00,0.9815984328,1.0022844634
2024-02-15 10:00:00+00:00,0.9817264690,1.0022844634
2024-02-15 10:30:00+00:00,0.9817356144,1.0022844634
2024-02-15 11:00:00+00:00,0.9819459595,1.0022844634
2024-02-15 11:30:00+00:00,0.9818179234,1.0022844634
2024-02-15 12:00:00+00:00,0.9825861404,1.0022844634
2024-02-15 12:30:00+00:00,0.9826775948,1.0022844634
2024-02-15 13:00:00+00:00,0.9828056309,1.0022844634
2024-02-15 13:30:00+00:00,0.9846347190,1.0022844634
2024-02-15 14:00:00+00:00,0.9849090822,1.0022844634
2024-02-15 14:30:00+00:00,0.9855309722,1.0022844634
2024-02-15 15:00:00+00:00,0.9855584085,1.0022844634
2024-02-15 15:30:00+00:00,0.9841683015,1.0022844634
2024-02-15 16:00:00+00:00,0.9836653023,1.0022844634
2024-02-15 16:30:00+00:00,0.9840311199,1.0020679269
2024-02-15 17:00:00+00:00,0.9839945381,1.0020606506
2024-02-15 17:30:00+00:00,0.9842871922,1.0017788480
2024-02-15 18:00:00+00:00,0.9844701011,1.0016483436
2024-02-15 18:30:00+00:00,0.9846987371,1.0016036748
2024-02-16 07:00:00+00:00,0.9849274666,1.0016036748
2024-02-16 07:30:00+00:00,0.9845249026,1.0017509021
2024-02-16 08:00:00+00:00,0.9847444829,1.0016777073
2024-02-16 08:30:00+00:00,0.9853483288,1.0016564090
2024-02-16 09:00:00+00:00,0.9853025829,1.0016564090
2024-02-16 09:30:00+00:00,0.9850098091,1.0016564090
2024-02-16 10:00:00+00:00,0.9847627813,1.0016564090
2024-02-16 10:30:00+00:00,0.9852019419,1.0016564090
2024-02-16 11:00:00+00:00,0.9856685501,1.0016564090
2024-02-16 11:30:00+00:00,0.9860619648,1.0016564090
2024-02-16 12:00:00+00:00,0.9856868485,1.0016564090
2024-02-16 12:30:00+00:00,0.9852019419,1.0016564090
2024-02-16 13:00:00+00:00,0.9851287485,1.0016564090
2024-02-16 13:30:00+00:00,0.9832257192,1.0016564090
2024-02-16 14:00:00+00:00,0.9835550897,1.0016564090
2024-02-16 14:30:00+00:00,0.9834635979,1.0016564090
2024-02-16 15:00:00+00:00,0.9851378978,1.0016564090
2024-02-16 15:30:00+00:00,0.9854489699,1.0016564090
2024-02-16 16:00:00+00:00,0.9856411026,1.0016564090
2024-02-16 16:30:00+00:00,0.9852202404,1.0016564090
2024-02-16 17:00:00+00:00,0.9850189584,1.0016564090
2024-02-16 17:30:00+00:00,0.9860985616,1.0016564090
2024-02-16 18:00:00+00:00,0.9858606829,1.0016564090
2024-02-16 18:30:00+00:00,0.9867573025,1.0016564090
2024-02-19 07:00:00+00:00,0.9867938951,1.0016564090
2024-02-19 07:30:00+00:00,0.9864096724,1.0016564090
2024-02-19 08:00:00+00:00,0.9867938951,1.0016564090
2024-02-19 08:30:00+00:00,0.9860163014,1.0016564090
2024-02-19 09:00:00+00:00,0.9857144121,1.0016564090
2024-02-19 09:30:00+00:00,0.9857052639,1.0016564090
2024-02-19 10:00:00+00:00,0.9859156716,1.0016564090
2024-02-19 10:30:00+00:00,0.9857601529,1.0016564090
2024-02-19 11:00:00+00:00,0.9861901165,1.0016564090
2024-02-19 11:30:00+00:00,0.9858973753,1.0016564090
2024-02-19 12:00:00+00:00,0.9859522643,1.0016564090
2024-02-19 12:30:00+00:00,0.9852935966,1.0016564090
2024-02-19 13:00:00+00:00,0.9853850783,1.0016564090
2024-02-19 13:30:00+00:00,0.9852753003,1.0016564090
2024-02-19 14:00:00+00:00,0.9850008555,1.0016564090
2024-02-19 14:30:00+00:00,0.9849459665,1.0016564090
2024-02-19 15:00:00+00:00,0.9848087441,1.0016564090
2024-02-19 15:30:00+00:00,0.9850191518,1.0016564090
2024-02-19 16:00:00+00:00,0.9850831889,1.0016564090
2024-02-19 16:30:00+00:00,0.9852478558,1.0016564090
2024-02-19 17:00:00+00:00,0.9856046341,1.0016564090
2024-02-19 17:30:00+00:00,0.9858241900,1.0016564090
2024-02-19 18:00:00+00:00,0.9862084128,1.0016564090
2024-02-19 18:30:00+00:00,0.9860986349,1.0016564090
2024-02-20 07:00:00+00:00,0.9862359630,1.0016564090
2024-02-20 07:30:00+00:00,0.9860070828,1.0016564090
2024-02-20 08:00:00+00:00,0.9863641360,1.0018610995
2024-02-20 08:30:00+00:00,0.9865563954,1.0020901788
2024-02-20 09:00:00+00:00,0.9877923489,1.0034689460
2024-02-20 09:30:00+00:00,0.9885980075,1.0040490345
2024-02-20 10:00:00+00:00,0.9889550607,1.0041530734
2024-02-20 10:30:00+00:00,0.9891290097,1.0041159174
2024-02-20 11:00:00+00:00,0.9883416616,1.0041159174
2024-02-20 11:30:00+00:00,0.9886163179,1.0041159174
2024-02-20 12:00:00+00:00,0.9892022514,1.0041159174
2024-02-20 12:30:00+00:00,0.9885980075,1.0041159174
2024-02-20 13:00:00+00:00,0.9895867703,1.0041159174
2024-02-20 13:30:00+00:00,0.9908776551,1.0041159174
2024-02-20 14:00:00+00:00,0.9915276751,1.0041159174
2024-02-20 14:30:00+00:00,0.9914361229,1.0041159174
2024-02-20 15:00:00+00:00,0.9911248457,1.0041159174
2024-02-20 15:30:00+00:00,0.9908501894,1.0041159174
2024-02-20 16:00:00+00:00,0.9903832736,1.0041159174
2024-02-20 16:30:00+00:00,0.9899529787,1.0041159174
2024-02-20 17:00:00+00:00,0.9898064953,1.0041159174
2024-02-20 17:30:00+00:00,0.9898431162,1.0041159174
2024-02-20 18:00:00+00:00,0.9897149432,1.0041159174
2024-02-20 18:30:00+00:00,0.9896600120,1.0041159174
2024-02-21 07:00:00+00:00,0.9895043979,1.0041159174
2024-02-21 07:30:00+00:00,0.9896050893,1.0041159174
2024-02-21 08:00:00+00:00,0.9893030149,1.0041159174
2024-02-21 08:30:00+00:00,0.9885066368,1.0041159174
2024-02-21 09:00:00+00:00,0.9881313321,1.0041159174
2024-02-21 09:30:00+00:00,0.9885981745,1.0041159174
2024-02-21 10:00:00+00:00,0.9886805584,1.0041159174
2024-02-21 10:30:00+00:00,0.9887080197,1.0041159174
2024-02-21 11:00:00+00:00,0.9883235613,1.0041159174
2024-02-21 11:30:00+00:00,0.9885249443,1.0041159174
2024-02-21 12:00:00+00:00,0.9885249443,1.0041159174
2024-02-21 12:30:00+00:00,0.9888819414,1.0041159174
2024-02-21 13:00:00+00:00,0.9890375555,1.0041159174
2024-02-21 13:30:00+00:00,0.9895318592,1.0041159174
2024-02-21 14:00:00+00:00,0.9894860903,1.0041159174
2024-02-21 14:30:00+00:00,0.9898247799,1.0041159174
2024-02-21 15:00:00+00:00,0.9898522412,1.0041159174
2024-02-21 15:30:00+00:00,0.9891016319,1.0041159174
2024-02-21 16:00:00+00:00,0.9899620864,1.0041159174
2024-02-21 16:30:00+00:00,0.9901817769,1.0041159174
2024-02-21 17:00:00+00:00,0.9894677827,1.0041159174
2024-02-21 17:30:00+00:00,0.9893030148,1.0041159174
2024-02-21 18:00:00+00:00,0.9894494752,1.0041159174
2024-02-21 18:30:00+00:00,0.9896966270,1.0041159174
2024-02-22 07:00:00+00:00,0.9906645365,1.0041159174
2024-02-22 07:30:00+00:00,0.9910297854,1.0041159174
2024-02-22 08:00:00+00:00,0.9940248263,1.0041159174
2024-02-22 08:30:00+00:00,0.9927099303,1.0041159174
2024-02-22 09:00:00+00:00,0.9913402470,1.0041159174
2024-02-22 09:30:00+00:00,0.9910297854,1.0041159174
2024-02-22 10:00:00+00:00,0.9910115230,1.0041159174
2024-02-22 10:30:00+00:00,0.9913585094,1.0041159174
2024-02-22 11:00:00+00:00,0.9907101927,1.0041159174
2024-02-22 11:30:00+00:00,0.9914315592,1.0041159174
2024-02-22 12:00:00+00:00,0.9906462741,1.0041159174
2024-02-22 12:30:00+00:00,0.9901988442,1.0041159174
2024-02-22 13:00:00+00:00,0.9897514143,1.0041159174
2024-02-22 13:30:00+00:00,0.9882904188,1.0041159174
2024-02-22 14:00:00+00:00,0.9873681654,1.0041159174
2024-02-22 14:30:00+00:00,0.9878338577,1.0041159174
2024-02-22 15:00:00+00:00,0.9872859844,1.0041159174
2024-02-22 15:30:00+00:00,0.9871033599,1.0041159174
2024-02-22 16:00:00+00:00,0.9875690523,1.0041159174
2024-02-22 16:30:00+00:00,0.9874686088,1.0041159174
2024-02-22 17:00:00+00:00,0.9880986631,1.0041159174
2024-02-22 17:30:00+00:00,0.9879982197,1.0041159174
2024-02-22 18:00:00+00:00,0.9882538939,1.0041159174
2024-02-22 18:30:00+00:00,0.9884365183,1.0041159174
2024-02-23 07:00:00+00:00,0.9887286958,1.0041159174
2024-02-23 07:30:00+00:00,0.9887834791,1.0041159174
2024-02-23 08:00:00+00:00,0.9885369544,1.0041159174
2024-02-23 08:30:00+00:00,0.9883999962,1.0041159174
2024-02-23 09:00:00+00:00,0.9880530354,1.0041159174
2024-02-23 09:30:00+00:00,0.9876878135,1.0041159174
2024-02-23 10:00:00+00:00,0.9881991241,1.0041159174
2024-02-23 10:30:00+00:00,0.9882721685,1.0041159174
2024-02-23 11:00:00+00:00,0.9887834791,1.0041159174
2024-02-23 11:30:00+00:00,0.9885826071,1.0041159174
2024-02-23 12:00:00+00:00,0.9891852232,1.0041159174
2024-02-23 12:30:00+00:00,0.9894043563,1.0041159174
2024-02-23 13:00:00+00:00,0.9889660900,1.0041159174
2024-02-23 13:30:00+00:00,0.9890208733,1.0041159174
2024-02-23 14:00:00+00:00,0.9890939177,1.0041159174
2024-02-23 14:30:00+00:00,0.9884182572,1.0041159174
2024-02-23 15:00:00+00:00,0.9878978160,1.0041159174
2024-02-23 15:30:00+00:00,0.9879982520,1.0041159174
2024-02-23 16:00:00+00:00,0.9881169491,1.0041159174
2024-02-23 16:30:00+00:00,0.9886008681,1.0041159174
2024-02-23 17:00:00+00:00,0.9883543433,1.0041159174
2024-02-23 17:30:00+00:00,0.9883634739,1.0041159174
2024-02-23 18:00:00+00:00,0.9886556514,1.0041159174
2024-02-23 18:30:00+00:00,0.9885278237,1.0041159174
2024-02-26 07:00:00+00:00,0.9892036465,1.0041159174
2024-02-26 07:30:00+00:00,0.9892767085,1.0041159174
2024-02-26 08:00:00+00:00,0.9893315049,1.0041159174
2024-02-26 08:30:00+00:00,0.9892767085,1.0041159174
2024-02-26 09:00:00+00:00,0.9896237526,1.0041159174
2024-02-26 09:30:00+00:00,0.9899890622,1.0041159174
2024-02-26 10:00:00+00:00,0.9906466195,1.0041159174
2024-02-26 10:30:00+00:00,0.9907105487,1.0041159174
2024-02-26 11:00:00+00:00,0.9911397875,1.0041159174
2024-02-26 11:30:00+00:00,0.9910849910,1.0041159174
2024-02-26 12:00:00+00:00,0.9912859113,1.0041159174
2024-02-26 12:30:00+00:00,0.9908658053,1.0041159174
2024-02-26 13:00:00+00:00,0.9910393273,1.0041159174
2024-02-26 13:30:00+00:00,0.9916420882,1.0041159174
2024-02-26 14:00:00+00:00,0.9909206016,1.0041159174
2024-02-26 14:30:00+00:00,0.9905552920,1.0041159174
2024-02-26 15:00:00+00:00,0.9905096283,1.0041159174
2024-02-26 15:30:00+00:00,0.9909845308,1.0041159174
2024-02-26 16:00:00+00:00,0.9908932034,1.0041159174
2024-02-26 16:30:00+00:00,0.9912859112,1.0041159174
2024-02-26 17:00:00+00:00,0.9907927433,1.0041159174
2024-02-26 17:30:00+00:00,0.9904730973,1.0041159174
2024-02-26 18:00:00+00:00,0.9901351859,1.0041159174
2024-02-26 18:30:00+00:00,0.9904091681,1.0041159174
2024-02-27 07:00:00+00:00,0.9914497632,1.0041159174
2024-02-27 07:30:00+00:00,0.9909385937,1.0041159174
2024-02-27 08:00:00+00:00,0.9913402269,1.0041159174
2024-02-27 08:30:00+00:00,0.9910846422,1.0041159174
2024-02-27 09:00:00+00:00,0.9907469052,1.0041159174
2024-02-27 09:30:00+00:00,0.9906556249,1.0041159174
2024-02-27 10:00:00+00:00,0.9900075350,1.0041159174
2024-02-27 10:30:00+00:00,0.9905369606,1.0041159174
2024-02-27 11:00:00+00:00,0.9907925453,1.0041159174
2024-02-27 11:30:00+00:00,0.9910846422,1.0041159174
2024-02-27 12:00:00+00:00,0.9911850505,1.0041159174
2024-02-27 12:30:00+00:00,0.9909933619,1.0041159174
2024-02-27 13:00:00+00:00,0.9904548083,1.0041159174
2024-02-27 13:30:00+00:00,0.9902266077,1.0041159174
2024-02-27 14:00:00+00:00,0.9896059018,1.0041159174
2024-02-27 14:30:00+00:00,0.9895054936,1.0041159174
2024-02-27 15:00:00+00:00,0.9894050853,1.0041159174
2024-02-27 15:30:00+00:00,0.9901170714,1.0041159174
2024-02-27 16:00:00+00:00,0.9906099848,1.0041159174
2024-02-27 16:30:00+00:00,0.9909568498,1.0041159174
2024-02-27 17:00:00+00:00,0.9906191128,1.0041159174
2024-02-27 17:30:00+00:00,0.9904730644,1.0041159174
2024-02-27 18:00:00+00:00,0.9906191128,1.0041159174
2024-02-27 18:30:00+00:00,0.9903544001,1.0041159174
2024-02-28 07:00:00+00:00,0.9900432671,1.0041159174
2024-02-28 07:30:00+00:00,0.9904459097,1.0041159174
2024-02-28 08:00:00+00:00,0.9896863794,1.0041159174
2024-02-28 08:30:00+00:00,0.9891190193,1.0041159174
2024-02-28 09:00:00+00:00,0.9886706219,1.0041159174
2024-02-28 09:30:00+00:00,0.9883045831,1.0041159174
2024-02-28 10:00:00+00:00,0.9896680774,1.0041159174
2024-02-28 10:30:00+00:00,0.9897321342,1.0041159174
2024-02-28 11:00:00+00:00,0.9898236439,1.0041159174
2024-02-28 11:30:00+00:00,0.9897229832,1.0041159174
2024-02-28 12:00:00+00:00,0.9895857187,1.0041159174
2024-02-28 12:30:00+00:00,0.9891007174,1.0041159174
2024-02-28 13:00:00+00:00,0.9896040207,1.0041159174
2024-02-28 13:30:00+00:00,0.9908485524,1.0041159174
2024-02-28 14:00:00+00:00,0.9909949679,1.0041159174
2024-02-28 14:30:00+00:00,0.9910407227,1.0041159174
2024-02-28 15:00:00+00:00,0.9916446866,1.0041159174
2024-02-28 15:30:00+00:00,0.9914433653,1.0041159174
2024-02-28 16:00:00+00:00,0.9914708182,1.0041159174
2024-02-28 16:30:00+00:00,0.9921662918,1.0041159174
2024-02-28 17:00:00+00:00,0.9919649705,1.0041159174
2024-02-28 17:30:00+00:00,0.9918185550,1.0041159174
2024-02-28 18:00:00+00:00,0.9919283666,1.0041159174
2024-02-28 18:30:00+00:00,0.9914525163,1.0041159174
2024-02-29 07:00:00+00:00,0.9914342123,1.0041159174
2024-02-29 07:30:00+00:00,0.9910498291,1.0041159174
2024-02-29 08:00:00+00:00,0.9924775382,1.0041159174
2024-02-29 08:30:00+00:00,0.9918552035,1.0041159174
2024-02-29 09:00:00+00:00,0.9926056660,1.0041159174
2024-02-29 09:30:00+00:00,0.9930449611,1.0041159174
2024-02-29 10:00:00+00:00,0.9928436175,1.0041159174
2024-02-29 10:30:00+00:00,0.9918918114,1.0041159174
2024-02-29 11:00:00+00:00,0.9917819876,1.0041159174
2024-02-29 11:30:00+00:00,0.9915440361,1.0041159174
2024-02-29 12:00:00+00:00,0.9910772850,1.0041159174
2024-02-29 12:30:00+00:00,0.9910681330,1.0041159174
2024-02-29 13:00:00+00:00,0.9911413489,1.0041159174
2024-02-29 13:30:00+00:00,0.9918826594,1.0041159174
2024-02-29 14:00:00+00:00,0.9923585625,1.0041159174
2024-02-29 14:30:00+00:00,0.9926971858,1.0041159174
2024-02-29 15:00:00+00:00,0.9924226263,1.0041159174
2024-02-29 15:30:00+00:00,0.9904824061,1.0041159174
2024-02-29 16:00:00+00:00,0.9892560406,1.0041159174
2024-02-29 16:30:00+00:00,0.9889906331,1.0041159174
2024-02-29 17:00:00+00:00,0.9883225384,1.0041159174
2024-02-29 17:30:00+00:00,0.9884140582,1.0041159174
2024-02-29 18:00:00+00:00,0.9889082652,1.0041159174
2024-02-29 18:30:00+00:00,0.9892560406,1.0041159174
2024-03-01 07:00:00+00:00,0.9896861797,1.0041159174
2024-03-01 07:30:00+00:00,0.9895580532,1.0041159174
2024-03-01 08:00:00+00:00,0.9899241291,1.0041159174
2024-03-01 08:30:00+00:00,0.9894482304,1.0041159174
2024-03-01 09:00:00+00:00,0.9895580532,1.0039685288
2024-03-01 09:30:00+00:00,0.9898326101,1.0034766384
2024-03-01 10:00:00+00:00,0.9884964331,1.0055119650
2024-03-01 10:30:00+00:00,0.9893750153,1.0041728944
2024-03-01 11:00:00+00:00,0.9897685468,1.0038026859
2024-03-01 11:30:00+00:00,0.9901163190,1.0037319609
2024-03-01 12:00:00+00:00,0.9903634202,1.0037319609
2024-03-01 12:30:00+00:00,0.9896038127,1.0037319609
2024-03-01 13:00:00+00:00,0.9894299266,1.0037319609
2024-03-01 13:30:00+00:00,0.9895946608,1.0037319609
2024-03-01 14:00:00+00:00,0.9896495722,1.0037319609
2024-03-01 14:30:00+00:00,0.9884415217,1.0037319609
2024-03-01 15:00:00+00:00,0.9920290654,1.0037319609
2024-03-01 15:30:00+00:00,0.9916263820,1.0037319609
2024-03-01 16:00:00+00:00,0.9906928884,1.0037319609
2024-03-01 16:30:00+00:00,0.9912236985,1.0037319609
2024-03-01 17:00:00+00:00,0.9916995971,1.0037319609
2024-03-01 17:30:00+00:00,0.9918551794,1.0037319609
2024-03-01 18:00:00+00:00,0.9918002680,1.0037319609
2024-03-01 18:30:00+00:00,0.9920656730,1.0037319609
2024-03-04 07:00:00+00:00,0.9921662799,1.0037319609
2024-03-04 07:30:00+00:00,0.9926967522,1.0037319609
2024-03-04 08:00:00+00:00,0.9916266614,1.0037319609
2024-03-04 08:30:00+00:00,0.9918736054,1.0037319609
2024-03-04 09:00:00+00:00,0.9919833583,1.0037319609
2024-03-04 09:30:00+00:00,0.9922668867,1.0037319609
2024-03-04 10:00:00+00:00,0.9923309092,1.0037319609
2024-03-04 10:30:00+00:00,0.9926784601,1.0037319609
2024-03-04 11:00:00+00:00,0.9926784601,1.0037319609
2024-03-04 11:30:00+00:00,0.9929254041,1.0037319609
2024-03-04 12:00:00+00:00,0.9925961454,1.0037319609
2024-03-04 12:30:00+00:00,0.9916815379,1.0037319609
2024-03-04 13:00:00+00:00,0.9917364143,1.0037319609
2024-03-04 13:30:00+00:00,0.9922303024,1.0037319609
2024-03-04 14:00:00+00:00,0.9924040778,1.0037319609
2024-03-04 14:30:00+00:00,0.9932455168,1.0037319609
2024-03-04 15:00:00+00:00,0.9932729550,1.0037319609
2024-03-04 15:30:00+00:00,0.9935564834,1.0037319609
2024-03-04 16:00:00+00:00,0.9932455168,1.0037319609
2024-03-04 16:30:00+00:00,0.9933918540,1.0037319609
2024-03-04 17:00:00+00:00,0.9931906403,1.0037319609
2024-03-04 17:30:00+00:00,0.9930808874,1.0037319609
2024-03-04 18:00:00+00:00,0.9930443031,1.0037319609
2024-03-04 18:30:00+00:00,0.9929345502,1.0037319609
2024-03-05 07:00:00+00:00,0.9929803215,1.0037319609
2024-03-05 07:30:00+00:00,0.9929070874,1.0037319609
2024-03-05 08:00:00+00:00,0.9930352470,1.0037580813
2024-03-05 08:30:00+00:00,0.9929803215,1.0036274042
2024-03-05 09:00:00+00:00,0.9937401246,1.0046285305
2024-03-05 09:30:00+00:00,0.9933739545,1.0041460310
2024-03-05 10:00:00+00:00,0.9934746513,1.0042787129
2024-03-05 10:30:00+00:00,0.9932549491,1.0039892302
2024-03-05 11:00:00+00:00,0.9934014172,1.0041822165
2024-03-05 11:30:00+00:00,0.9932274864,1.0039530463
2024-03-05 12:00:00+00:00,0.9930901725,1.0037721310
2024-03-05 12:30:00+00:00,0.9929803215,1.0036274042
2024-03-05 13:00:00+00:00,0.9927606194,1.0033379652
2024-03-05 13:30:00+00:00,0.9929070875,1.0035309224
2024-03-05 14:00:00+00:00,0.9932549491,1.0039892302
2024-03-05 14:30:00+00:00,0.9928246992,1.0034223829
2024-03-05 15:00:00+00:00,0.9947928640,1.0053363103
2024-03-05 15:30:00+00:00,0.9951956512,1.0054937839
2024-03-05 16:00:00+00:00,0.9947745555,1.0054500334
2024-03-05 16:30:00+00:00,0.9942619172,1.0054500334
2024-03-05 17:00:00+00:00,0.9944633108,1.0054500334
2024-03-05 17:30:00+00:00,0.9941520661,1.0054500334
2024-03-05 18:00:00+00:00,0.9935845024,1.0054500334
2024-03-05 18:30:00+00:00,0.9934929598,1.0054500334
2024-03-06 07:00:00+00:00,0.9938131610,1.0054500334
2024-03-06 07:30:00+00:00,0.9937308236,1.0054500334
2024-03-06 08:00:00+00:00,0.9941150651,1.0054500334
2024-03-06 08:30:00+00:00,0.9947463190,1.0054500334
2024-03-06 09:00:00+00:00,0.9945359010,1.0054500334
2024-03-06 09:30:00+00:00,0.9950573716,1.0054500334
2024-03-06 10:00:00+00:00,0.9951122632,1.0054500334
2024-03-06 10:30:00+00:00,0.9951305604,1.0054500334
2024-03-06 11:00:00+00:00,0.9946731301,1.0054500334
2024-03-06 11:30:00+00:00,0.9949841827,1.0054500334
2024-03-06 12:00:00+00:00,0.9948926966,1.0054500334
2024-03-06 12:30:00+00:00,0.9943437802,1.0054500334
2024-03-06 13:00:00+00:00,0.9948926966,1.0054500334
2024-03-06 13:30:00+00:00,0.9958258546,1.0054500334
2024-03-06 14:00:00+00:00,0.9958350032,1.0054500334
2024-03-06 14:30:00+00:00,0.9960088267,1.0054500334
2024-03-06 15:00:00+00:00,0.9963107307,1.0054500334
2024-03-06 15:30:00+00:00,0.9976647246,1.0054500334
2024-03-06 16:00:00+00:00,0.9977287648,1.0054500334
2024-03-06 16:30:00+00:00,0.9983142757,1.0054500334
2024-03-06 17:00:00+00:00,0.9979117370,1.0054500334
2024-03-06 17:30:00+00:00,0.9974177122,1.0054500334
2024-03-06 18:00:00+00:00,0.9979117370,1.0054500334
2024-03-06 18:30:00+00:00,0.9974726038,1.0054500334
2024-03-07 07:00:00+00:00,0.9969876743,1.0054500334
2024-03-07 07:30:00+00:00,0.9967406347,1.0054500334
2024-03-07 08:00:00+00:00,0.9966857370,1.0054500334
2024-03-07 08:30:00+00:00,0.9971249185,1.0054500334
2024-03-07 09:00:00+00:00,0.9972530131,1.0054500334
2024-03-07 09:30:00+00:00,0.9974634542,1.0054500334
2024-03-07 10:00:00+00:00,0.9967772332,1.0054500334
2024-03-07 10:30:00+00:00,0.9969968239,1.0054500334
2024-03-07 11:00:00+00:00,0.9970883201,1.0054500334
2024-03-07 11:30:00+00:00,0.9967589340,1.0054500334
2024-03-07 12:00:00+00:00,0.9972530131,1.0054500334
2024-03-07 12:30:00+00:00,0.9967955324,1.0054500334
2024-03-07 13:00:00+00:00,0.9955969330,1.0054500334
2024-03-07 13:30:00+00:00,0.9947643181,1.0054500334
2024-03-07 14:00:00+00:00,0.9973994069,1.0054500334
2024-03-07 14:30:00+00:00,0.9987352505,1.0054500334
2024-03-07 15:00:00+00:00,0.9983052186,1.0054500334
2024-03-07 15:30:00+00:00,1.0000527949,1.0054500334
2024-03-07 16:00:00+00:00,1.0006383702,1.0054500334
2024-03-07 16:30:00+00:00,1.0009860555,1.0054500334
2024-03-07 17:00:00+00:00,1.0006658191,1.0054500334
2024-03-07 17:30:00+00:00,1.0006932679,1.0054500334
2024-03-07 18:00:00+00:00,1.0011507486,1.0054500334
2024-03-07 18:30:00+00:00,1.0011690478,1.0054500334
2024-03-08 07:00:00+00:00,1.0002728935,1.0054500334
2024-03-08 07:30:00+00:00,0.9998339607,1.0054500334
2024-03-08 08:00:00+00:00,0.9997882385,1.0054500334
2024-03-08 08:30:00+00:00,1.0000168494,1.0054500334
2024-03-08 09:00:00+00:00,0.9997150831,1.0054500334
2024-03-08 09:30:00+00:00,0.9999711272,1.0054500334
2024-03-08 10:00:00+00:00,0.9994681834,1.0054500334
2024-03-08 10:30:00+00:00,0.9998065274,1.0054500334
2024-03-08 11:00:00+00:00,1.0001723047,1.0054500334
2024-03-08 11:30:00+00:00,0.9999071161,1.0054500334
2024-03-08 12:00:00+00:00,0.9995779166,1.0054500334
2024-03-08 12:30:00+00:00,0.9996602165,1.0054500334
2024-03-08 13:00:00+00:00,1.0004466377,1.0054500334
2024-03-08 13:30:00+00:00,1.0020743467,1.0054500334
2024-03-08 14:00:00+00:00,1.0018823136,1.0054500334
2024-03-08 14:30:00+00:00,1.0020286245,1.0054500334
2024-03-08 15:00:00+00:00,1.0014982474,1.0054500334
2024-03-08 15:30:00+00:00,1.0023212463,1.0054500334
2024-03-08 16:00:00+00:00,1.0006295264,1.0054500334
2024-03-08 16:30:00+00:00,1.0004374933,1.0054500334
2024-03-08 17:00:00+00:00,1.0007941262,1.0054500334
2024-03-08 17:30:00+00:00,1.0003460490,1.0054500334
2024-03-08 18:00:00+00:00,0.9999528384,1.0054500334
2024-03-08 18:30:00+00:00,1.0001448715,1.0054500334
2024-03-11 06:00:00+00:00,0.9998157982,1.0054500334
2024-03-11 06:30:00+00:00,1.0001997170,1.0054500334
2024-03-11 07:00:00+00:00,1.0006384812,1.0054500334
2024-03-11 07:30:00+00:00,1.0001997170,1.0054500334
2024-03-11 08:00:00+00:00,1.0003276899,1.0054500334
2024-03-11 08:30:00+00:00,1.0004373810,1.0054500334
2024-03-11 09:00:00+00:00,1.0003368308,1.0054500334
2024-03-11 09:30:00+00:00,0.9995324296,1.0054500334
2024-03-11 10:00:00+00:00,0.9998889256,1.0054500334
2024-03-11 10:30:00+00:00,1.0001722942,1.0054500334
2024-03-11 11:00:00+00:00,1.0000168985,1.0054500334
2024-03-11 11:30:00+00:00,1.0002911262,1.0054500334
2024-03-11 12:00:00+00:00,0.9999437711,1.0054500334
2024-03-11 12:30:00+00:00,0.9990571017,1.0054500334
2024-03-11 13:00:00+00:00,0.9988102968,1.0054500334
2024-03-11 13:30:00+00:00,0.9981521504,1.0054500334
2024-03-11 14:00:00+00:00,0.9983349688,1.0054500334
2024-03-11 14:30:00+00:00,0.9986091965,1.0054500334
2024-03-11 15:00:00+00:00,0.9981704322,1.0054500334
2024-03-11 15:30:00+00:00,0.9988560014,1.0054500334
2024-03-11 16:00:00+00:00,0.9988468605,1.0054500334
2024-03-11 16:30:00+00:00,0.9988468605,1.0054500334
2024-03-11 17:00:00+00:00,0.9988834242,1.0054500334
2024-03-11 17:30:00+00:00,0.9986823239,1.0054500334
2024-03-12 06:00:00+00:00,0.9985179859,1.0054500334
2024-03-12 06:30:00+00:00,0.9986640641,1.0054862690
2024-03-12 07:00:00+00:00,0.9983719076,1.0049837907
2024-03-12 07:30:00+00:00,0.9980797511,1.0045474536
2024-03-12 08:00:00+00:00,0.9975684771,1.0037840125
2024-03-12 08:30:00+00:00,0.9974223989,1.0035659212
2024-03-12 09:00:00+00:00,0.9976049967,1.0038385377
2024-03-12 09:30:00+00:00,0.9979336728,1.0043293083
2024-03-12 10:00:00+00:00,0.9980067119,1.0044383791
2024-03-12 10:30:00+00:00,0.9982714788,1.0048337929
2024-03-12 11:00:00+00:00,0.9983171283,1.0049019728
2024-03-12 11:30:00+00:00,0.9982258293,1.0047656145
2024-03-12 12:00:00+00:00,0.9984449467,1.0050928846
2024-03-12 12:30:00+00:00,0.9970024239,1.0029389949
2024-03-12 13:00:00+00:00,0.9965367994,1.0025288979
2024-03-12 13:30:00+00:00,0.9961442141,1.0024663069
2024-03-12 14:00:00+00:00,0.9964820200,1.0024663069
2024-03-12 14:30:00+00:00,0.9967285271,1.0024663069
2024-03-12 15:00:00+00:00,0.9960894347,1.0028811594
2024-03-12 15:30:00+00:00,0.9967650467,1.0025950841
2024-03-12 16:00:00+00:00,0.9967102673,1.0025635143
2024-03-12 16:30:00+00:00,0.9967741766,1.0025635143
2024-03-12 17:00:00+00:00,0.9967376570,1.0025635143
2024-03-12 17:30:00+00:00,0.9969202548,1.0025635143
2024-03-13 06:00:00+00:00,0.9967834255,1.0025635143
2024-03-13 06:30:00+00:00,0.9968472792,1.0024452708
2024-03-13 07:00:00+00:00,0.9963638156,1.0031117179
2024-03-13 07:30:00+00:00,0.9967378157,1.0025471831
2024-03-13 08:00:00+00:00,0.9970114744,1.0021344443
2024-03-13 08:30:00+00:00,0.9968107914,1.0024370918
2024-03-13 09:00:00+00:00,0.9962178643,1.0033321679
2024-03-13 09:30:00+00:00,0.9964276692,1.0030152964
2024-03-13 10:00:00+00:00,0.9970844500,1.0020244285
2024-03-13 10:30:00+00:00,0.9970844500,1.0020244285
2024-03-13 11:00:00+00:00,0.9978324503,1.0008979256
2024-03-13 11:30:00+00:00,0.9981334749,1.0004451723
2024-03-13 12:00:00+00:00,0.9979236699,1.0007606915
2024-03-13 12:30:00+00:00,0.9976408893,1.0011862191
2024-03-13 13:00:00+00:00,0.9977229869,1.0010626478
2024-03-13 13:30:00+00:00,0.9976864990,1.0011175652
2024-03-13 14:00:00+00:00,0.9978324503,1.0009378208
2024-03-13 14:30:00+00:00,0.9981243529,1.0005752874
2024-03-13 15:00:00+00:00,0.9985165970,0.9999508607
2024-03-13 15:30:00+00:00,0.9982703042,1.0003209447
2024-03-13 16:00:00+00:00,0.9983615237,1.0001894122
2024-03-13 16:30:00+00:00,0.9987720117,1.0001196024
2024-03-13 17:00:00+00:00,0.9995200121,1.0001196024
2024-03-13 17:30:00+00:00,0.9994926462,1.0001196024
2024-03-14 06:00:00+00:00,0.9995840108,1.0001196024
2024-03-14 06:30:00+00:00,0.9993281899,0.9998612075
2024-03-14 07:00:00+00:00,0.9997119213,1.0003741612
2024-03-14 07:30:00+00:00,0.9990997782,0.9994554790
2024-03-14 08:00:00+00:00,0.9997484672,1.0004290168
2024-03-14 08:30:00+00:00,0.9993281898,1.0000471451
2024-03-14 09:00:00+00:00,0.9995931473,0.9999841582
2024-03-14 09:30:00+00:00,0.9996662390,0.9999841582
2024-03-14 10:00:00+00:00,0.9995566014,0.9999841582
2024-03-14 10:30:00+00:00,0.9995017826,0.9999841582
2024-03-14 11:00:00+00:00,0.9996571025,1.0000377148
2024-03-14 11:30:00+00:00,0.9996753755,1.0000021506
2024-03-14 12:00:00+00:00,0.9990540959,0.9990700715
2024-03-14 12:30:00+00:00,0.9986246821,0.9984260097
2024-03-14 13:00:00+00:00,0.9976379440,0.9976230799
2024-03-14 13:30:00+00:00,0.9969801185,0.9977754111
2024-03-14 14:00:00+00:00,0.9963040202,0.9981387485
2024-03-14 14:30:00+00:00,0.9956736042,0.9985960629
2024-03-14 15:00:00+00:00,0.9945772285,0.9994215535
2024-03-14 15:30:00+00:00,0.9947508213,0.9992907448
2024-03-14 16:00:00+00:00,0.9950705976,0.9990498857
2024-03-14 16:30:00+00:00,0.9947051390,0.9993251642
2024-03-14 17:00:00+00:00,0.9945041368,0.9993693044
2024-03-14 17:30:00+00:00,0.9946411838,0.9993377124
2024-03-15 06:00:00+00:00,0.9947600605,0.9993377124
2024-03-15 06:30:00+00:00,0.9948972259,0.9993377124
2024-03-15 07:00:00+00:00,0.9950526800,0.9991539788
2024-03-15 07:30:00+00:00,0.9949978138,0.9991665370
2024-03-15 08:00:00+00:00,0.9952995777,0.9987121670
2024-03-15 08:30:00+00:00,0.9951807010,0.9988911201
2024-03-15 09:00:00+00:00,0.9956470634,0.9981893795
2024-03-15 09:30:00+00:00,0.9965706438,0.9974290437
2024-03-15 10:00:00+00:00,0.9962140137,0.9977957901
2024-03-15 10:30:00+00:00,0.9959305386,0.9981902842
2024-03-15 11:00:00+00:00,0.9956379191,0.9984887693
2024-03-15 11:30:00+00:00,0.9961682919,0.9980567832
2024-03-15 12:00:00+00:00,0.9958025175,0.9983317224
2024-03-15 12:30:00+00:00,0.9955830529,0.9984967708
2024-03-15 13:00:00+00:00,0.9953178665,0.9986962892
2024-03-15 13:30:00+00:00,0.9955098980,0.9985518011
2024-03-15 14:00:00+00:00,0.9956470634,0.9984486251
2024-03-15 14:30:00+00:00,0.9956379191,0.9984555027
2024-03-15 15:00:00+00:00,0.9955647642,0.9985105277
2024-03-15 15:30:00+00:00,0.9956196303,0.9984692583
2024-03-15 16:00:00+00:00,0.9956927852,0.9984142386
2024-03-15 16:30:00+00:00,0.9954367431,0.9986068384
2024-03-15 17:00:00+00:00,0.9953818770,0.9986481211
2024-03-15 17:30:00+00:00,0.9952538559,0.9987444627
2024-03-18 06:00:00+00:00,0.9953087050,0.9986905344
2024-03-18 06:30:00+00:00,0.9954184030,0.9985374327
2024-03-18 07:00:00+00:00,0.9959486102,0.9976928778
2024-03-18 07:30:00+00:00,0.9957383556,0.9980088955
2024-03-18 08:00:00+00:00,0.9960400253,0.9975555309
2024-03-18 08:30:00+00:00,0.9958754782,0.9978027781
2024-03-18 09:00:00+00:00,0.9961314403,0.9974182155
2024-03-18 09:30:00+00:00,0.9963782609,0.9970476211
2024-03-18 10:00:00+00:00,0.9963691194,0.9970613427
2024-03-18 10:30:00+00:00,0.9964148270,0.9969927377
2024-03-18 11:00:00+00:00,0.9968261947,0.9966177828
2024-03-18 11:30:00+00:00,0.9966433646,0.9967919872
2024-03-18 12:00:00+00:00,0.9967530626,0.9965959706
2024-03-18 12:30:00+00:00,0.9957109312,0.9977379585
2024-03-18 13:00:00+00:00,0.9955281011,0.9978438457
2024-03-18 13:30:00+00:00,0.9954366861,0.9979125720
2024-03-18 14:00:00+00:00,0.9955463841,0.9978301018
2024-03-18 14:30:00+00:00,0.9951167334,0.9981532010
2024-03-18 15:00:00+00:00,0.9953452710,0.9979813093
2024-03-18 15:30:00+00:00,0.9950893089,0.9981738326
2024-03-18 16:00:00+00:00,0.9938094983,0.9991377507
2024-03-18 16:30:00+00:00,0.9939100548,0.9990619357
2024-03-18 17:00:00+00:00,0.9938826303,0.9990826112
2024-03-18 17:30:00+00:00,0.9935718192,0.9993170033
2024-03-19 06:00:00+00:00,0.9938736165,0.9991715698
2024-03-19 06:30:00+00:00,0.9938827619,0.9991103383
2024-03-19 07:00:00+00:00,0.9934803654,0.9996673452
2024-03-19 07:30:00+00:00,0.9927121539,1.0005059809
2024-03-19 08:00:00+00:00,0.9923097574,1.0007768084
2024-03-19 08:30:00+00:00,0.9920536869,1.0009705438
2024-03-19 09:00:00+00:00,0.9917701803,1.0011851386
2024-03-19 09:30:00+00:00,0.9910659865,1.0017186291
2024-03-19 10:00:00+00:00,0.9915415459,1.0013582771
2024-03-19 10:30:00+00:00,0.9917610349,1.0011920627
2024-03-19 11:00:00+00:00,0.9919073609,1.0010812889
2024-03-19 11:30:00+00:00,0.9923097574,1.0008973155
2024-03-19 12:00:00+00:00,0.9920719777,1.0010720200
2024-03-19 12:30:00+00:00,0.9924377927,1.0004710168
2024-03-19 13:00:00+00:00,0.9926389909,1.0001668536
2024-03-19 13:30:00+00:00,0.9926664270,1.0001253888
2024-03-19 14:00:00+00:00,0.9934254932,0.9994854439
2024-03-19 14:30:00+00:00,0.9934072024,0.9994727719
2024-03-19 15:00:00+00:00,0.9928036077,1.0000257279
2024-03-19 15:30:00+00:00,0.9930505328,0.9998233928
2024-03-19 16:00:00+00:00,0.9933157487,0.9996231710
2024-03-19 16:30:00+00:00,0.9934986562,0.9995207797
2024-03-19 17:00:00+00:00,0.9935535285,0.9994189734
2024-03-19 17:30:00+00:00,0.9935169470,0.9994267033
2024-03-20 06:00:00+00:00,0.9936449563,0.9992668700
2024-03-20 06:30:00+00:00,0.9939466925,0.9988939928
2024-03-20 07:00:00+00:00,0.9938278267,0.9990415848
2024-03-20 07:30:00+00:00,0.9934803728,0.9995657289
2024-03-20 08:00:00+00:00,0.9927306039,1.0000650583
2024-03-20 08:30:00+00:00,0.9922734278,0.9999947679
2024-03-20 09:00:00+00:00,0.9915328024,0.9999947679
2024-03-20 09:30:00+00:00,0.9910847697,1.0002703397
2024-03-20 10:00:00+00:00,0.9914047930,0.9997226470
2024-03-20 10:30:00+00:00,0.9911304873,1.0001377012
2024-03-20 11:00:00+00:00,0.9912402096,0.9999716451
2024-03-20 11:30:00+00:00,0.9914139366,0.9997088168
2024-03-20 12:00:00+00:00,0.9914139366,0.9997088168
2024-03-20 12:30:00+00:00,0.9913773625,0.9997641395
2024-03-20 13:00:00+00:00,0.9911944920,0.9998355945
2024-03-20 13:30:00+00:00,0.9915876635,0.9993579230
2024-03-20 14:00:00+00:00,0.9920174091,0.9986769516
2024-03-20 14:30:00+00:00,0.9920539832,0.9985860374
2024-03-20 15:00:00+00:00,0.9924928723,0.9985193127
2024-03-20 15:30:00+00:00,0.9924928723,0.9985193127
2024-03-20 16:00:00+00:00,0.9928220391,0.9985193127
2024-03-20 16:30:00+00:00,0.9930597707,0.9986319266
2024-03-20 17:00:00+00:00,0.9933706505,0.9990341863
2024-03-20 17:30:00+00:00,0.9934529422,0.9991583302
2024-03-21 06:00:00+00:00,0.9938255393,0.9993764000
2024-03-21 06:30:00+00:00,0.9939982063,0.9992168675
2024-03-21 07:00:00+00:00,0.9939709431,0.9991635530
2024-03-21 07:30:00+00:00,0.9931803102,1.0000268975
2024-03-21 08:00:00+00:00,0.9918171500,1.0010053312
2024-03-21 08:30:00+00:00,0.9898269362,1.0025144695
2024-03-21 09:00:00+00:00,0.9907993238,1.0017764652
2024-03-21 09:30:00+00:00,0.9917444482,1.0013867536
2024-03-21 10:00:00+00:00,0.9923169755,1.0013551703
2024-03-21 10:30:00+00:00,0.9923351510,1.0012782530
2024-03-21 11:00:00+00:00,0.9914809039,1.0019251996
2024-03-21 11:30:00+00:00,0.9914536407,1.0019458629
2024-03-21 12:00:00+00:00,0.9918535010,1.0017610421
2024-03-21 12:30:00+00:00,0.9916172199,1.0017277088
2024-03-21 13:00:00+00:00,0.9901631825,1.0017277088
2024-03-21 13:30:00+00:00,0.9892725845,1.0017277088
2024-03-21 14:00:00+00:00,0.9883456356,1.0023653696
2024-03-21 14:30:00+00:00,0.9886546186,1.0018321283
2024-03-21 15:00:00+00:00,0.9873187216,1.0027851055
2024-03-21 15:30:00+00:00,0.9869824755,1.0027215913
2024-03-21 16:00:00+00:00,0.9870006509,1.0027215913
2024-03-21 16:30:00+00:00,0.9870188264,1.0027215913
2024-03-21 17:00:00+00:00,0.9868734227,1.0027215913
2024-03-21 17:30:00+00:00,0.9867371067,1.0027215913
2024-03-22 06:00:00+00:00,0.9859270823,1.0027215913
2024-03-22 06:30:00+00:00,0.9857268516,1.0027215913
2024-03-22 07:00:00+00:00,0.9850806523,1.0027215913
2024-03-22 07:30:00+00:00,0.9852080719,1.0027215913
2024-03-22 08:00:00+00:00,0.9842251209,1.0027215913
2024-03-22 08:30:00+00:00,0.9840248902,1.0027215913
2024-03-22 09:00:00+00:00,0.9848440160,1.0027215913
2024-03-22 09:30:00+00:00,0.9844253517,1.0027215913
2024-03-22 10:00:00+00:00,0.9845891769,1.0027215913
2024-03-22 10:30:00+00:00,0.9844344531,1.0027215913
2024-03-22 11:00:00+00:00,0.9848531174,1.0027215913
2024-03-22 11:30:00+00:00,0.9844253517,1.0027215913
2024-03-22 12:00:00+00:00,0.9853445928,1.0027215913
2024-03-22 12:30:00+00:00,0.9853627956,1.0027215913
2024-03-22 13:00:00+00:00,0.9849168272,1.0027215913
2024-03-22 13:30:00+00:00,0.9856358376,1.0027215913
2024-03-22 14:00:00+00:00,0.9847165964,1.0027215913
2024-03-22 14:30:00+00:00,0.9843161349,1.0027215913
2024-03-22 15:00:00+00:00,0.9847712048,1.0027215913
2024-03-22 15:30:00+00:00,0.9843980475,1.0027215913
2024-03-22 16:00:00+00:00,0.9839065720,1.0027215913
2024-03-22 16:30:00+00:00,0.9834879078,1.0027215913
2024-03-22 17:00:00+00:00,0.9836335301,1.0027215913
2024-03-22 17:30:00+00:00,0.9835061106,1.0027215913
2024-03-25 06:00:00+00:00,0.9832334774,1.0027215913
2024-03-25 06:30:00+00:00,0.9830789852,1.0027215913
2024-03-25 07:00:00+00:00,0.9831698630,1.0027215913
2024-03-25 07:30:00+00:00,0.9827427376,1.0027215913
2024-03-25 08:00:00+00:00,0.9832425651,1.0027215913
2024-03-25 08:30:00+00:00,0.9827518253,1.0027215913
2024-03-25 09:00:00+00:00,0.9830608096,1.0027215913
2024-03-25 09:30:00+00:00,0.9830880730,1.0027215913
2024-03-25 10:00:00+00:00,0.9832789162,1.0027215913
2024-03-25 10:30:00+00:00,0.9831153363,1.0027215913
2024-03-25 11:00:00+00:00,0.9835697249,1.0027215913
2024-03-25 11:30:00+00:00,0.9840786403,1.0027215913
2024-03-25 12:00:00+00:00,0.9843512735,1.0027215913
2024-03-25 12:30:00+00:00,0.9842694835,1.0027215913
2024-03-25 13:00:00+00:00,0.9841422547,1.0027215913
2024-03-25 13:30:00+00:00,0.9846693455,1.0027215913
2024-03-25 14:00:00+00:00,0.9852418753,1.0027215913
2024-03-25 14:30:00+00:00,0.9850328565,1.0027215913
2024-03-25 15:00:00+00:00,0.9844966779,1.0027215913
2024-03-25 15:30:00+00:00,0.9848238377,1.0027215913
2024-03-25 16:00:00+00:00,0.9848511010,1.0027215913
2024-03-25 16:30:00+00:00,0.9848056622,1.0027215913
2024-03-25 17:00:00+00:00,0.9848601888,1.0027215913
2024-03-25 17:30:00+00:00,0.9848056622,1.0027215913
2024-03-26 06:00:00+00:00,0.9850326345,1.0027215913
2024-03-26 06:30:00+00:00,0.9851325023,1.0027342774
2024-03-26 07:00:00+00:00,0.9848328988,1.0022133367
2024-03-26 07:30:00+00:00,0.9843698753,1.0015066272
2024-03-26 08:00:00+00:00,0.9846785577,1.0019777484
2024-03-26 08:30:00+00:00,0.9850144767,1.0024905230
2024-03-26 09:00:00+00:00,0.9853594746,1.0030172474
2024-03-26 09:30:00+00:00,0.9854048691,1.0030865601
2024-03-26 10:00:00+00:00,0.9861493383,1.0039073654
2024-03-26 10:30:00+00:00,0.9855319736,1.0034024436
2024-03-26 11:00:00+00:00,0.9854956580,1.0033747129
2024-03-26 11:30:00+00:00,0.9856953936,1.0035272285
2024-03-26 12:00:00+00:00,0.9852051334,1.0031528582
2024-03-26 12:30:00+00:00,0.9852505279,1.0031875241
2024-03-26 13:00:00+00:00,0.9852868434,1.0032152565
2024-03-26 13:30:00+00:00,0.9853322379,1.0032499216
2024-03-26 14:00:00+00:00,0.9843698752,1.0028488253
2024-03-26 14:30:00+00:00,0.9842609285,1.0026944695
2024-03-26 15:00:00+00:00,0.9842790863,1.0026745190
2024-03-26 15:30:00+00:00,0.9830806725,1.0008438596
2024-03-26 16:00:00+00:00,0.9830625147,1.0007629932
2024-03-26 16:30:00+00:00,0.9830988303,1.0006959976
2024-03-26 17:00:00+00:00,0.9836254061,1.0006959976
2024-03-26 17:30:00+00:00,0.9832894870,1.0006959976
2024-03-27 06:00:00+00:00,0.9832804047,1.0006959976
2024-03-27 06:30:00+00:00,0.9838253446,1.0006959976
2024-03-27 07:00:00+00:00,0.9833893927,1.0006959976
2024-03-27 07:30:00+00:00,0.9832894871,1.0006959976
2024-03-27 08:00:00+00:00,0.9830805934,1.0006959976
2024-03-27 08:30:00+00:00,0.9835165453,1.0006959976
2024-03-27 09:00:00+00:00,0.9841250615,1.0006959976
2024-03-27 09:30:00+00:00,0.9834166396,1.0006959976
2024-03-27 10:00:00+00:00,0.9835801216,1.0006959976
2024-03-27 10:30:00+00:00,0.9838889209,1.0006959976
2024-03-27 11:00:00+00:00,0.9838980032,1.0006959976
2024-03-27 11:30:00+00:00,0.9827990411,1.0006959976
2024-03-27 12:00:00+00:00,0.9824357479,1.0006959976
2024-03-27 12:30:00+00:00,0.9826083122,1.0006959976
2024-03-27 13:00:00+00:00,0.9824720772,1.0006959976
2024-03-27 13:30:00+00:00,0.9824357479,1.0006959976
2024-03-27 14:00:00+00:00,0.9823267599,1.0006959976
2024-03-27 14:30:00+00:00,0.9822177720,1.0006959976
2024-03-27 15:00:00+00:00,0.9826173945,1.0006959976
2024-03-27 15:30:00+00:00,0.9827354648,1.0006959976
2024-03-27 16:00:00+00:00,0.9828081235,1.0006959976
2024-03-27 16:30:00+00:00,0.9829897701,1.0006959976
2024-03-27 17:00:00+00:00,0.9827627118,1.0006959976
2024-03-27 17:30:00+00:00,0.9826355592,1.0006959976
2024-03-28 06:00:00+00:00,0.9823904450,1.0006959976
2024-03-28 06:30:00+00:00,0.9820999393,1.0006959976
2024-03-28 07:00:00+00:00,0.9808471335,0.9996748760
2024-03-28 07:30:00+00:00,0.9805475494,0.9995268406
2024-03-28 08:00:00+00:00,0.9797668154,0.9994932970
2024-03-28 08:30:00+00:00,0.9797395804,0.9994932970
2024-03-28 09:00:00+00:00,0.9786138709,1.0002917454
2024-03-28 09:30:00+00:00,0.9782416604,1.0007954431
2024-03-28 10:00:00+00:00,0.9791676474,0.9993761186
2024-03-28 10:30:00+00:00,0.9794763097,0.9990763063
2024-03-28 11:00:00+00:00,0.9798939117,0.9990057865
2024-03-28 11:30:00+00:00,0.9790133163,0.9990057865
2024-03-28 12:00:00+00:00,0.9795035446,0.9990057865
2024-03-28 12:30:00+00:00,0.9812011873,0.9990057865
2024-03-28 13:00:00+00:00,0.9811648741,0.9990057865
2024-03-28 13:30:00+00:00,0.9815824761,0.9990057865
2024-03-28 14:00:00+00:00,0.9808834467,0.9990057865
2024-03-28 14:30:00+00:00,0.9804749230,0.9990057865
2024-03-28 15:00:00+00:00,0.9805838627,0.9990057865
2024-03-28 15:30:00+00:00,0.9805838627,0.9990057865
2024-03-28 16:00:00+00:00,0.9807018806,0.9990057865
2024-03-28 16:30:00+00:00,0.9803932183,0.9990057865
2024-03-28 17:00:00+00:00,0.9802933570,0.9990057865
2024-03-28 17:30:00+00:00,0.9801208692,0.9990057865
2024-03-29 06:00:00+00:00,0.9800844856,0.9990057865
2024-03-29 06:30:00+00:00,0.9801663488,0.9990057865
2024-03-29 07:00:00+00:00,0.9803209793,0.9990057865
2024-03-29 07:30:00+00:00,0.9794841554,0.9990057865
2024-03-29 08:00:00+00:00,0.9800117182,0.9990057865
2024-03-29 08:30:00+00:00,0.9804301301,0.9990057865
2024-03-29 09:00:00+00:00,0.9800753896,0.9990057865
2024-03-29 09:30:00+00:00,0.9807939666,0.9990057865
2024-03-29 10:00:00+00:00,0.9810395562,0.9990057865
2024-03-29 10:30:00+00:00,0.9810031726,0.9990057865
2024-03-29 11:00:00+00:00,0.9813942968,0.9990057865
2024-03-29 11:30:00+00:00,0.9811941867,0.9990057865
2024-03-29 12:00:00+00:00,0.9808940217,0.9990057865
2024-03-29 12:30:00+00:00,0.9822311206,0.9990057865
2024-03-29 13:00:00+00:00,0.9823038879,0.9990057865
2024-03-29 13:30:00+00:00,0.9822038329,0.9990057865
2024-03-29 14:00:00+00:00,0.9820310106,0.9990057865
2024-03-29 14:30:00+00:00,0.9820037228,0.9990057865
2024-03-29 15:00:00+00:00,0.9816125986,0.9990057865
2024-03-29 15:30:00+00:00,0.9816762700,0.9990057865
2024-03-29 16:00:00+00:00,0.9813033376,0.9990057865
2024-03-29 16:30:00+00:00,0.9813215295,0.9990057865
2024-03-29 17:00:00+00:00,0.9813215295,0.9990057865
2024-03-29 17:30:00+00:00,0.9813579131,0.9990057865
2024-04-16 06:00:00+00:00,0.9801195017,0.9990057865
2024-04-16 06:30:00+00:00,0.9806000792,0.9990057865
2024-04-16 07:00:00+00:00,0.9814503319,0.9990057865
2024-04-16 07:30:00+00:00,0.9813117037,0.9990057865
2024-04-16 08:00:00+00:00,0.9809882380,0.9990057865
2024-04-16 08:30:00+00:00,0.9811453499,0.9990057865
2024-04-16 09:00:00+00:00,0.9816998625,0.9990057865
2024-04-16 09:30:00+00:00,0.9823375520,0.9990057865
2024-04-16 10:00:00+00:00,0.9821157470,0.9990057865
2024-04-16 10:30:00+00:00,0.9820602957,0.9990057865
2024-04-16 11:00:00+00:00,0.9824761802,0.9990057865
2024-04-16 11:30:00+00:00,0.9835759634,0.9990057865
2024-04-16 12:00:00+00:00,0.9833541584,0.9990057865
2024-04-16 12:30:00+00:00,0.9832340140,0.9990057865
2024-04-16 13:00:00+00:00,0.9827811620,0.9990057865
2024-04-16 13:30:00+00:00,0.9823745195,0.9990057865
2024-04-16 14:00:00+00:00,0.9825223895,0.9990057865
2024-04-16 14:30:00+00:00,0.9825870826,0.9990057865
2024-04-16 15:00:00+00:00,0.9822266495,0.9990057865
2024-04-16 15:30:00+00:00,0.9822266495,0.9990057865
2024-04-16 16:00:00+00:00,0.9816998625,0.9990057865
2024-04-16 16:30:00+00:00,0.9819493931,0.9990057865
2024-04-16 17:00:00+00:00,0.9809327868,0.9990057865
2024-04-16 17:30:00+00:00,0.9815889600,0.9990057865
2024-04-17 06:00:00+00:00,0.9820699588,0.9990057865
2024-04-17 06:30:00+00:00,0.9837164545,0.9990057865
2024-04-17 07:00:00+00:00,0.9832909556,0.9990057865
2024-04-17 07:30:00+00:00,0.9828469567,0.9990057865
2024-04-17 08:00:00+00:00,0.9843917027,0.9990057865
2024-04-17 08:30:00+00:00,0.9842437031,0.9990057865
2024-04-17 09:00:00+00:00,0.9847339518,0.9990057865
2024-04-17 09:30:00+00:00,0.9842899530,0.9990057865
2024-04-17 10:00:00+00:00,0.9844194526,0.9990057865
2024-04-17 10:30:00+00:00,0.9841327034,0.9990057865
2024-04-17 11:00:00+00:00,0.9844194526,0.9990057865
2024-04-17 11:30:00+00:00,0.9837904543,0.9990057865
2024-04-17 12:00:00+00:00,0.9836794546,0.9990057865
2024-04-17 12:30:00+00:00,0.9837164545,0.9990057865
2024-04-17 13:00:00+00:00,0.9847709518,0.9990057865
2024-04-17 13:30:00+00:00,0.9845767023,0.9990057865
2024-04-17 14:00:00+00:00,0.9841789533,0.9990057865
2024-04-17 14:30:00+00:00,0.9837904543,0.9990057865
2024-04-17 15:00:00+00:00,0.9841604533,0.9990057865
2024-04-17 15:30:00+00:00,0.9844842025,0.9990057865
2024-04-17 16:00:00+00:00,0.9851779507,0.9990057865
2024-04-17 16:30:00+00:00,0.9851132009,0.9990057865
2024-04-17 17:00:00+00:00,0.9855849496,0.9990057865
2024-04-17 17:30:00+00:00,0.9868059465,0.9990057865
2024-04-18 06:00:00+00:00,0.9875912522,0.9990057865
2024-04-18 06:30:00+00:00,0.9872124577,0.9990057865
2024-04-18 07:00:00+00:00,0.9870276799,0.9990057865
2024-04-18 07:30:00+00:00,0.9868059465,0.9990057865
2024-04-18 08:00:00+00:00,0.9863255241,0.9990057865
2024-04-18 08:30:00+00:00,0.9865842131,0.9990057865
2024-04-18 09:00:00+00:00,0.9864918242,0.9990057865
2024-04-18 09:30:00+00:00,0.9858358629,0.9990057865
2024-04-18 10:00:00+00:00,0.9859190129,0.9990057865
2024-04-18 10:30:00+00:00,0.9863440019,0.9990057865
2024-04-18 11:00:00+00:00,0.9858820573,0.9990057865
2024-04-18 11:30:00+00:00,0.9864641075,0.9990057865
2024-04-18 12:00:00+00:00,0.9860853129,0.9990057865
2024-04-18 12:30:00+00:00,0.9851244683,0.9990057865
2024-04-18 13:00:00+00:00,0.9847733904,0.9990057865
2024-04-18 13:30:00+00:00,0.9840342792,0.9990057865
2024-04-18 14:00:00+00:00,0.9843576403,0.9990057865
2024-04-18 14:30:00+00:00,0.9842929681,0.9990057865
2024-04-18 15:00:00+00:00,0.9850690349,0.9990057865
2024-04-18 15:30:00+00:00,0.9848565404,0.9990057865
2024-04-18 16:00:00+00:00,0.9847364349,0.9990057865
2024-04-18 16:30:00+00:00,0.9842467736,0.9990057865
2024-04-18 17:00:00+00:00,0.9837755902,0.9990057865
2024-04-18 17:30:00+00:00,0.9837940680,0.9990057865
2024-04-19 06:00:00+00:00,0.9841087103,0.9990057865
2024-04-19 06:30:00+00:00,0.9851081625,0.9990057865
2024-04-19 07:00:00+00:00,0.9856819220,0.9990057865
2024-04-19 07:30:00+00:00,0.9860798521,0.9990057865
2024-04-19 08:00:00+00:00,0.9852932462,0.9990057865
2024-04-19 08:30:00+00:00,0.9851636876,0.9990057865
2024-04-19 09:00:00+00:00,0.9863112067,0.9990057865
2024-04-19 09:30:00+00:00,0.9864222569,0.9990057865
2024-04-19 10:00:00+00:00,0.9857374471,0.9990057865
2024-04-19 10:30:00+00:00,0.9853395171,0.9990057865
2024-04-19 11:00:00+00:00,0.9853857880,0.9990057865
2024-04-19 11:30:00+00:00,0.9857467013,0.9990057865
2024-04-19 12:00:00+00:00,0.9867368993,0.9990057865
2024-04-19 12:30:00+00:00,0.9869960166,0.9990057865
2024-04-19 13:00:00+00:00,0.9876067929,0.9990057865
2024-04-19 13:30:00+00:00,0.9870330333,0.9990057865
2024-04-19 14:00:00+00:00,0.9879121810,0.9990057865
2024-04-19 14:30:00+00:00,0.9873754382,0.9990057865
2024-04-19 15:00:00+00:00,0.9869404914,0.9990057865
2024-04-19 15:30:00+00:00,0.9860335812,0.9990057865
2024-04-19 16:00:00+00:00,0.9846824700,0.9990057865
2024-04-19 16:30:00+00:00,0.9859040226,0.9990057865
2024-04-19 17:00:00+00:00,0.9857004305,0.9990057865
2024-04-19 17:30:00+00:00,0.9860983605,0.9990057865
2024-04-22 06:00:00+00:00,0.9861076075,0.9990057865
2024-04-22 06:30:00+00:00,0.9861076075,0.9990057865
2024-04-22 07:00:00+00:00,0.9854418247,0.9990057865
2024-04-22 07:30:00+00:00,0.9855990234,0.9990057865
2024-04-22 08:00:00+00:00,0.9851736622,0.9990057865
2024-04-22 08:30:00+00:00,0.9854325777,0.9990057865
2024-04-22 09:00:00+00:00,0.9855435415,0.9990057865
2024-04-22 09:30:00+00:00,0.9849332406,0.9990057865
2024-04-22 10:00:00+00:00,0.9851736622,0.9990057865
2024-04-22 10:30:00+00:00,0.9848592647,0.9990057865
2024-04-22 11:00:00+00:00,0.9835924279,0.9990057865
2024-04-22 11:30:00+00:00,0.9834444762,0.9990057865
2024-04-22 12:00:00+00:00,0.9841010120,0.9990057865
2024-04-22 12:30:00+00:00,0.9838605904,0.9990057865
2024-04-22 13:00:00+00:00,0.9827139645,0.9990057865
2024-04-22 13:30:00+00:00,0.9832595365,0.9990057865
2024-04-22 14:00:00+00:00,0.9839068254,0.9990057865
2024-04-22 14:30:00+00:00,0.9843506806,0.9990057865
2024-04-22 15:00:00+00:00,0.9843229396,0.9990057865
2024-04-22 15:30:00+00:00,0.9845356203,0.9990057865
2024-04-22 16:00:00+00:00,0.9847575479,0.9990057865
2024-04-22 16:30:00+00:00,0.9847020660,0.9990057865
2024-04-22 17:00:00+00:00,0.9851736622,0.9990057865
2024-04-22 17:30:00+00:00,0.9854880596,0.9990057865
2024-04-23 06:00:00+00:00,0.9845442916,0.9990057865
2024-04-23 06:30:00+00:00,0.9849606599,0.9990057865
2024-04-23 07:00:00+00:00,0.9868481958,0.9990057865
2024-04-23 07:30:00+00:00,0.9881805741,0.9990057865
2024-04-23 08:00:00+00:00,0.9879770163,0.9990057865
2024-04-23 08:30:00+00:00,0.9873108272,0.9990057865
2024-04-23 09:00:00+00:00,0.9865521118,0.9990057865
2024-04-23 09:30:00+00:00,0.9862745329,0.9990057865
2024-04-23 10:00:00+00:00,0.9862745329,0.9990057865
2024-04-23 10:30:00+00:00,0.9858674174,0.9990057865
2024-04-23 11:00:00+00:00,0.9872738166,0.9990057865
2024-04-23 11:30:00+00:00,0.9876809322,0.9990057865
2024-04-23 12:00:00+00:00,0.9875143849,0.9990057865
2024-04-23 12:30:00+00:00,0.9874588692,0.9990057865
2024-04-23 13:00:00+00:00,0.9868667011,0.9990057865
2024-04-23 13:30:00+00:00,0.9901606364,0.9990057865
2024-04-23 14:00:00+00:00,0.9900033417,0.9990057865
2024-04-23 14:30:00+00:00,0.9898830576,0.9990057865
2024-04-23 15:00:00+00:00,0.9900588575,0.9990057865
2024-04-23 15:30:00+00:00,0.9895499630,0.9990057865
2024-04-23 16:00:00+00:00,0.9902161521,0.9990057865
2024-04-23 16:30:00+00:00,0.9900403522,0.9990057865
2024-04-23 17:00:00+00:00,0.9905307414,0.9990057865
2024-04-23 17:30:00+00:00,0.9904937309,0.9990057865
2024-04-24 06:00:00+00:00,0.9904104269,0.9990057865
2024-04-24 06:30:00+00:00,0.9898920910,0.9990057865
2024-04-24 07:00:00+00:00,0.9893274750,0.9990057865
2024-04-24 07:30:00+00:00,0.9893182190,0.9990057865
2024-04-24 08:00:00+00:00,0.9891886350,0.9990057865
2024-04-24 08:30:00+00:00,0.9888554191,0.9990057865
2024-04-24 09:00:00+00:00,0.9894478030,0.9990057865
2024-04-24 09:30:00+00:00,0.9889109551,0.9990057865
2024-04-24 10:00:00+00:00,0.9895588750,0.9990057865
2024-04-24 10:30:00+00:00,0.9893274750,0.9990057865
2024-04-24 11:00:00+00:00,0.9890035150,0.9990057865
2024-04-24 11:30:00+00:00,0.9893922670,0.9990057865
2024-04-24 12:00:00+00:00,0.9892811950,0.9990057865
2024-04-24 12:30:00+00:00,0.9891701230,0.9990057865
2024-04-24 13:00:00+00:00,0.9901327469,0.9990057865
2024-04-24 13:30:00+00:00,0.9897717630,0.9990057865
2024-04-24 14:00:00+00:00,0.9900957230,0.9990057865
2024-04-24 14:30:00+00:00,0.9892997070,0.9990057865
2024-04-24 15:00:00+00:00,0.9891701230,0.9990057865
2024-04-24 15:30:00+00:00,0.9891330990,0.9990057865
2024-04-24 16:00:00+00:00,0.9891053311,0.9990057865
2024-04-24 16:30:00+00:00,0.9895218510,0.9990057865
2024-04-24 17:00:00+00:00,0.9898920910,0.9990057865
2024-04-24 17:30:00+00:00,0.9900124190,0.9990057865
2024-04-25 06:00:00+00:00,0.9908904009,0.9990057865
2024-04-25 06:30:00+00:00,0.9907887398,0.9990057865
2024-04-25 07:00:00+00:00,0.9901972573,0.9990057865
2024-04-25 07:30:00+00:00,0.9908257075,0.9990057865
2024-04-25 08:00:00+00:00,0.9911029649,0.9990057865
2024-04-25 08:30:00+00:00,0.9912693194,0.9990057865
2024-04-25 09:00:00+00:00,0.9909920620,0.9990057865
2024-04-25 09:30:00+00:00,0.9913617386,0.9990057865
2024-04-25 10:00:00+00:00,0.9913987062,0.9990057865
2024-04-25 10:30:00+00:00,0.9911769003,0.9990057865
2024-04-25 11:00:00+00:00,0.9915280931,0.9990057865
2024-04-25 11:30:00+00:00,0.9907517722,0.9990057865
2024-04-25 12:00:00+00:00,0.9904005794,0.9990057865
2024-04-25 12:30:00+00:00,0.9881640361,0.9990057865
2024-04-25 13:00:00+00:00,0.9877204242,0.9990057865
2024-04-25 13:30:00+00:00,0.9889495988,0.9990057865
2024-04-25 14:00:00+00:00,0.9902896765,0.9990057865
2024-04-25 14:30:00+00:00,0.9899569675,0.9990057865
2024-04-25 15:00:00+00:00,0.9905114824,0.9990057865
2024-04-25 15:30:00+00:00,0.9907702561,0.9990057865
2024-04-25 16:00:00+00:00,0.9908811590,0.9990057865
2024-04-25 16:30:00+00:00,0.9917683829,0.9990057865
2024-04-25 17:00:00+00:00,0.9921565433,0.9990057865
2024-04-25 17:30:00+00:00,0.9916759638,0.9990057865
2024-04-26 06:00:00+00:00,0.9920180453,0.9990057865
2024-04-26 06:30:00+00:00,0.9925357904,0.9990057865
2024-04-26 07:00:00+00:00,0.9920827635,0.9990057865
2024-04-26 07:30:00+00:00,0.9919995544,0.9990057865
2024-04-26 08:00:00+00:00,0.9935897714,0.9990057865
2024-04-26 08:30:00+00:00,0.9930442900,0.9990057865
2024-04-26 09:00:00+00:00,0.9925357904,0.9990057865
2024-04-26 09:30:00+00:00,0.9925912630,0.9990057865
2024-04-26 10:00:00+00:00,0.9919995544,0.9990057865
2024-04-26 10:30:00+00:00,0.9918516273,0.9990057865
2024-04-26 11:00:00+00:00,0.9920735180,0.9990057865
2024-04-26 11:30:00+00:00,0.9907421736,0.9990057865
2024-04-26 12:00:00+00:00,0.9910472734,0.9990057865
2024-04-26 12:30:00+00:00,0.9907884008,0.9990057865
2024-04-26 13:00:00+00:00,0.9901874467,0.9990057865
2024-04-26 13:30:00+00:00,0.9899563105,0.9990057865
2024-04-26 14:00:00+00:00,0.9887544024,0.9990057865
2024-04-26 14:30:00+00:00,0.9874138124,0.9990057865
2024-04-26 15:00:00+00:00,0.9872936216,0.9990057865
2024-04-26 15:30:00+00:00,0.9879315575,0.9990057865
2024-04-26 16:00:00+00:00,0.9885325116,0.9990057865
2024-04-26 16:30:00+00:00,0.9887636478,0.9990057865
2024-04-26 17:00:00+00:00,0.9887266660,0.9990057865
2024-04-26 17:30:00+00:00,0.9887266660,0.9990057865
2024-04-29 06:00:00+00:00,0.9884132381,0.9990057865
2024-04-29 06:30:00+00:00,0.9877956008,0.9990057865
2024-04-29 07:00:00+00:00,0.9878693485,0.9990057865
2024-04-29 07:30:00+00:00,0.9879984071,0.9990057865
2024-04-29 08:00:00+00:00,0.9883210534,0.9990057865
2024-04-29 08:30:00+00:00,0.9868184433,0.9990057865
2024-04-29 09:00:00+00:00,0.9871964004,0.9990057865
2024-04-29 09:30:00+00:00,0.9877402900,0.9990057865
2024-04-29 10:00:00+00:00,0.9878509116,0.9990057865
2024-04-29 10:30:00+00:00,0.9880076255,0.9990057865
2024-04-29 11:00:00+00:00,0.9884962042,0.9990057865
2024-04-29 11:30:00+00:00,0.9877034161,0.9990057865
2024-04-29 12:00:00+00:00,0.9882657426,0.9990057865
2024-04-29 12:30:00+00:00,0.9866893847,0.9990057865
2024-04-29 13:00:00+00:00,0.9862745537,0.9990057865
2024-04-29 13:30:00+00:00,0.9862837722,0.9990057865
2024-04-29 14:00:00+00:00,0.9867631325,0.9990057865
2024-04-29 14:30:00+00:00,0.9875651390,0.9990057865
2024-04-29 15:00:00+00:00,0.9880352809,0.9990057865
2024-04-29 15:30:00+00:00,0.9879246593,0.9990057865
2024-04-29 16:00:00+00:00,0.9885238596,0.9990057865
2024-04-29 16:30:00+00:00,0.9887727582,0.9990057865
2024-04-29 17:00:00+00:00,0.9887727582,0.9990057865
2024-04-29 17:30:00+00:00,0.9883671456,0.9990057865
2024-04-30 06:00:00+00:00,0.9878960283,0.9990057865
2024-04-30 06:30:00+00:00,0.9888659757,0.9990057865
2024-04-30 07:00:00+00:00,0.9890137772,0.9990057865
2024-04-30 07:30:00+00:00,0.9889029261,0.9990057865
2024-04-30 08:00:00+00:00,0.9884318087,0.9990057865
2024-04-30 08:30:00+00:00,0.9894571817,0.9990057865
2024-04-30 09:00:00+00:00,0.9910090976,0.9990057865
2024-04-30 09:30:00+00:00,0.9908982464,0.9990057865
2024-04-30 10:00:00+00:00,0.9913970765,0.9990057865
2024-04-30 10:30:00+00:00,0.9910275727,0.9990057865
2024-04-30 11:00:00+00:00,0.9905656930,0.9990057865
2024-04-30 11:30:00+00:00,0.9902700900,0.9990057865
2024-04-30 12:00:00+00:00,0.9904456043,0.9990057865
2024-04-30 12:30:00+00:00,0.9884595215,0.9990057865
2024-04-30 13:00:00+00:00,0.9887089365,0.9990057865
2024-04-30 13:30:00+00:00,0.9889491140,0.9990057865
2024-04-30 14:00:00+00:00,0.9899282989,0.9990057865
2024-04-30 14:30:00+00:00,0.9876096628,0.9990057865
2024-04-30 15:00:00+00:00,0.9877205140,0.9990057865
2024-04-30 15:30:00+00:00,0.9869260808,0.9990057865
2024-04-30 16:00:00+00:00,0.9864826763,0.9990057865
2024-04-30 16:30:00+00:00,0.9864826763,0.9990057865
2024-04-30 17:00:00+00:00,0.9862979245,0.9990057865
2024-04-30 17:30:00+00:00,0.9866120026,0.9990057865
2024-05-01 06:00:00+00:00,0.9867971845,0.9990057865
2024-05-01 06:30:00+00:00,0.9862694162,0.9990057865
2024-05-01 07:00:00+00:00,0.9869453300,0.9990057865
2024-05-01 07:30:00+00:00,0.9871305119,0.9990057865
2024-05-01 08:00:00+00:00,0.9876860575,0.9990057865
2024-05-01 08:30:00+00:00,0.9878990167,0.9990057865
2024-05-01 09:00:00+00:00,0.9879823485,0.9990057865
2024-05-01 09:30:00+00:00,0.9879267940,0.9990057865
2024-05-01 10:00:00+00:00,0.9879453122,0.9990057865
2024-05-01 10:30:00+00:00,0.9878434621,0.9990057865
2024-05-01 11:00:00+00:00,0.9880193849,0.9990057865
2024-05-01 11:30:00+00:00,0.9881212349,0.9990057865
2024-05-01 12:00:00+00:00,0.9885008578,0.9990057865
2024-05-01 12:30:00+00:00,0.9892786217,0.9990057865
2024-05-01 13:00:00+00:00,0.9888897397,0.9990057865
2024-05-01 13:30:00+00:00,0.9890564034,0.9990057865
2024-05-01 14:00:00+00:00,0.9895193581,0.9990057865
2024-05-01 14:30:00+00:00,0.9891675125,0.9990057865
2024-05-01 15:00:00+00:00,0.9889730716,0.9990057865
2024-05-01 15:30:00+00:00,0.9888064079,0.9990057865
2024-05-01 16:00:00+00:00,0.9884360441,0.9990057865
2024-05-01 16:30:00+00:00,0.9880934576,0.9990057865
2024-05-01 17:00:00+00:00,0.9885378942,0.9990057865
2024-05-01 17:30:00+00:00,0.9885193760,0.9990057865
2024-05-02 06:00:00+00:00,0.9891189706,0.9990057865
2024-05-02 06:30:00+00:00,0.9886485194,0.9990057865
2024-05-02 07:00:00+00:00,0.9890175007,0.9990057865
2024-05-02 07:30:00+00:00,0.9884640287,0.9990057865
2024-05-02 08:00:00+00:00,0.9875969227,0.9990057865
2024-05-02 08:30:00+00:00,0.9874124320,0.9990057865
2024-05-02 09:00:00+00:00,0.9868497355,0.9990057865
2024-05-02 09:30:00+00:00,0.9873386358,0.9990057865
2024-05-02 10:00:00+00:00,0.9870618998,0.9990057865
2024-05-02 10:30:00+00:00,0.9873755339,0.9990057865
2024-05-02 11:00:00+00:00,0.9871172470,0.9990057865
2024-05-02 11:30:00+00:00,0.9872463904,0.9990057865
2024-05-02 12:00:00+00:00,0.9873017376,0.9990057865
2024-05-02 12:30:00+00:00,0.9871264715,0.9990057865
2024-05-02 13:00:00+00:00,0.9864899788,0.9990057865
2024-05-02 13:30:00+00:00,0.9858073633,0.9990057865
2024-05-02 14:00:00+00:00,0.9859272822,0.9990057865
2024-05-02 14:30:00+00:00,0.9859549558,0.9990057865
2024-05-02 15:00:00+00:00,0.9868220619,0.9990057865
2024-05-02 15:30:00+00:00,0.9874954528,0.9990057865
2024-05-02 16:00:00+00:00,0.9879290059,0.9990057865
2024-05-02 16:30:00+00:00,0.9885562741,0.9990057865
2024-05-02 17:00:00+00:00,0.9885747232,0.9990057865
2024-05-02 17:30:00+00:00,0.9888145610,0.9990057865
2024-05-03 06:00:00+00:00,0.9887224575,0.9990057865
2024-05-03 06:30:00+00:00,0.9882619397,0.9990057865
2024-05-03 07:00:00+00:00,0.9881974672,0.9990057865
2024-05-03 07:30:00+00:00,0.9886948264,0.9990057865
2024-05-03 08:00:00+00:00,0.9895237584,0.9990057865
2024-05-03 08:30:00+00:00,0.9894316549,0.9990057865
2024-05-03 09:00:00+00:00,0.9895974413,0.9990057865
2024-05-03 09:30:00+00:00,0.9894869170,0.9990057865
2024-05-03 10:00:00+00:00,0.9893211306,0.9990057865
2024-05-03 10:30:00+00:00,0.9895053377,0.9990057865
2024-05-03 11:00:00+00:00,0.9900026969,0.9985655981
2024-05-03 11:30:00+00:00,0.9897171759,0.9986417305
2024-05-03 12:00:00+00:00,0.9902882179,0.9986098600
2024-05-03 12:30:00+00:00,0.9941381464,0.9986098600
2024-05-03 13:00:00+00:00,0.9931342177,0.9986098600
2024-05-03 13:30:00+00:00,0.9925908068,0.9986098600
2024-05-03 14:00:00+00:00,0.9907579460,0.9986098600
2024-05-03 14:30:00+00:00,0.9915776676,0.9986098600
2024-05-03 15:00:00+00:00,0.9920473958,0.9986098600
2024-05-03 15:30:00+00:00,0.9918816093,0.9986098600
2024-05-03 16:00:00+00:00,0.9916329297,0.9986098600
2024-05-03 16:30:00+00:00,0.9913658294,0.9986098600
2024-05-03 17:00:00+00:00,0.9912921466,0.9986098600
2024-05-03 17:30:00+00:00,0.9914947744,0.9986098600
2024-05-06 06:00:00+00:00,0.9915132020,0.9986098600
2024-05-06 06:30:00+00:00,0.9916421949,0.9986098600
2024-05-06 07:00:00+00:00,0.9920844563,0.9986098600
2024-05-06 07:30:00+00:00,0.9915500571,0.9986098600
2024-05-06 08:00:00+00:00,0.9927847035,0.9986098600
2024-05-06 08:30:00+00:00,0.9921765941,0.9986098600
2024-05-06 09:00:00+00:00,0.9920568149,0.9986098600
2024-05-06 09:30:00+00:00,0.9922963732,0.9986098600
2024-05-06 10:00:00+00:00,0.9922134492,0.9986098600
2024-05-06 10:30:00+00:00,0.9925267177,0.9986098600
2024-05-06 11:00:00+00:00,0.9926464968,0.9986098600
2024-05-06 11:30:00+00:00,0.9925635728,0.9986098600
2024-05-06 12:00:00+00:00,0.9935586609,0.9986098600
2024-05-06 12:30:00+00:00,0.9939272121,0.9986098600
2024-05-06 13:00:00+00:00,0.9935586609,0.9986098600
2024-05-06 13:30:00+00:00,0.9938535019,0.9986098600
2024-05-06 14:00:00+00:00,0.9936600125,0.9986098600
2024-05-06 14:30:00+00:00,0.9932730338,0.9986098600
2024-05-06 15:00:00+00:00,0.9928768413,0.9986098600
2024-05-06 15:30:00+00:00,0.9931440409,0.9986098600
2024-05-06 16:00:00+00:00,0.9925543590,0.9986098600
2024-05-06 16:30:00+00:00,0.9927294208,0.9986098600
2024-05-06 17:00:00+00:00,0.9927478484,0.9986098600
2024-05-06 17:30:00+00:00,0.9927109932,0.9986098600
2024-05-07 06:00:00+00:00,0.9928032664,0.9986098600
2024-05-07 06:30:00+00:00,0.9931908134,0.9986098600
2024-05-07 07:00:00+00:00,0.9932092680,0.9986098600
2024-05-07 07:30:00+00:00,0.9933015411,0.9986157299
2024-05-07 08:00:00+00:00,0.9928309483,0.9978459901
2024-05-07 08:30:00+00:00,0.9932277227,0.9984415084
2024-05-07 09:00:00+00:00,0.9926464021,0.9975690449
2024-05-07 09:30:00+00:00,0.9928401756,0.9978598380
2024-05-07 10:00:00+00:00,0.9931908134,0.9983861064
2024-05-07 10:30:00+00:00,0.9936983155,0.9991479728
2024-05-07 11:00:00+00:00,0.9935968151,0.9990083696
2024-05-07 11:30:00+00:00,0.9934860873,0.9989449622
2024-05-07 12:00:00+00:00,0.9940397260,0.9989449622
2024-05-07 12:30:00+00:00,0.9942980907,0.9989449622
2024-05-07 13:00:00+00:00,0.9947410016,0.9989449622
2024-05-07 13:30:00+00:00,0.9947686835,0.9989449622
2024-05-07 14:00:00+00:00,0.9944180457,0.9989449622
2024-05-07 14:30:00+00:00,0.9945103188,0.9989449622
2024-05-07 15:00:00+00:00,0.9943349999,0.9989449622
2024-05-07 15:30:00+00:00,0.9934860873,0.9989449622
2024-05-07 16:00:00+00:00,0.9941689083,0.9989449622
2024-05-07 16:30:00+00:00,0.9938182705,0.9989449622
2024-05-07 17:00:00+00:00,0.9929416760,0.9989449622
2024-05-07 17:30:00+00:00,0.9925449016,0.9989449622
2024-05-08 06:00:00+00:00,0.9930346685,0.9989449622
2024-05-08 06:30:00+00:00,0.9929145370,0.9989449622
2024-05-08 07:00:00+00:00,0.9926003469,0.9989449622
2024-05-08 07:30:00+00:00,0.9923600839,0.9989449622
2024-05-08 08:00:00+00:00,0.9925449016,0.9989449622
2024-05-08 08:30:00+00:00,0.9928683326,0.9989449622
2024-05-08 09:00:00+00:00,0.9931363182,0.9989449622
2024-05-08 09:30:00+00:00,0.9935244354,0.9989449622
2024-05-08 10:00:00+00:00,0.9936076033,0.9989449622
2024-05-08 10:30:00+00:00,0.9932934132,0.9991167580
2024-05-08 11:00:00+00:00,0.9930993547,0.9993405141
2024-05-08 11:30:00+00:00,0.9930254276,0.9994512162
2024-05-08 12:00:00+00:00,0.9926373105,1.0000327389
2024-05-08 12:30:00+00:00,0.9932934132,0.9990500186
2024-05-08 13:00:00+00:00,0.9933858221,0.9989117370
2024-05-08 13:30:00+00:00,0.9934505083,0.9988149589
2024-05-08 14:00:00+00:00,0.9936907713,0.9984556348
2024-05-08 14:30:00+00:00,0.9933211359,0.9990085307
2024-05-08 15:00:00+00:00,0.9931640409,0.9992436666
2024-05-08 15:30:00+00:00,0.9938478663,0.9982208089
2024-05-08 16:00:00+00:00,0.9932656906,0.9990915093
2024-05-08 16:30:00+00:00,0.9930069458,0.9994788949
2024-05-08 17:00:00+00:00,0.9929237779,0.9996034651
2024-05-08 17:30:00+00:00,0.9927759237,0.9998249873
2024-05-09 06:00:00+00:00,0.9925911146,0.9998966601
2024-05-09 06:30:00+00:00,0.9921845347,0.9998298232
2024-05-09 07:00:00+00:00,0.9922399774,0.9998043522
2024-05-09 07:30:00+00:00,0.9919442828,0.9992935991
2024-05-09 08:00:00+00:00,0.9913898556,0.9984559137
2024-05-09 08:30:00+00:00,0.9913344129,0.9983721580
2024-05-09 09:00:00+00:00,0.9912697297,0.9982744460
2024-05-09 09:30:00+00:00,0.9915561838,0.9987071947
2024-05-09 10:00:00+00:00,0.9920736492,0.9994890927
2024-05-09 10:30:00+00:00,0.9919442829,0.9992935991
2024-05-09 11:00:00+00:00,0.9915377029,0.9989190386
2024-05-09 11:30:00+00:00,0.9912420083,0.9988516769
2024-05-09 12:00:00+00:00,0.9918518783,0.9988516769
2024-05-09 12:30:00+00:00,0.9942081941,0.9988516769
2024-05-09 13:00:00+00:00,0.9941065491,0.9988610623
2024-05-09 13:30:00+00:00,0.9946055336,0.9986412680
2024-05-09 14:00:00+00:00,0.9957143881,0.9986094512
2024-05-09 14:30:00+00:00,0.9957328690,0.9986094512
2024-05-09 15:00:00+00:00,0.9957790713,0.9986094512
2024-05-09 15:30:00+00:00,0.9952338845,0.9986094512
2024-05-09 16:00:00+00:00,0.9956497049,0.9986094512
2024-05-09 16:30:00+00:00,0.9957513499,0.9986094512
2024-05-09 17:00:00+00:00,0.9961024872,0.9986094512
2024-05-09 17:30:00+00:00,0.9958991972,0.9986094512
2024-05-10 06:00:00+00:00,0.9961394936,0.9986094512
2024-05-10 06:30:00+00:00,0.9960285875,0.9986094512
2024-05-10 07:00:00+00:00,0.9961857044,0.9986094512
2024-05-10 07:30:00+00:00,0.9964167586,0.9986094512
2024-05-10 08:00:00+00:00,0.9964167586,0.9986094512
2024-05-10 08:30:00+00:00,0.9963705478,0.9986094512
2024-05-10 09:00:00+00:00,0.9968049298,0.9986094512
2024-05-10 09:30:00+00:00,0.9962873682,0.9986094512
2024-05-10 10:00:00+00:00,0.9963243369,0.9986094512
2024-05-10 10:30:00+00:00,0.9961672200,0.9986094512
2024-05-10 11:00:00+00:00,0.9959361658,0.9986094512
2024-05-10 11:30:00+00:00,0.9962503996,0.9986094512
2024-05-10 12:00:00+00:00,0.9961394935,0.9986094512
2024-05-10 12:30:00+00:00,0.9954001200,0.9986094512
2024-05-10 13:00:00+00:00,0.9960285875,0.9986094512
2024-05-10 13:30:00+00:00,0.9969990153,0.9986094512
2024-05-10 14:00:00+00:00,0.9947069573,0.9986094512
2024-05-10 14:30:00+00:00,0.9948363476,0.9986094512
2024-05-10 15:00:00+00:00,0.9952984561,0.9986094512
2024-05-10 15:30:00+00:00,0.9955849634,0.9986094512
2024-05-10 16:00:00+00:00,0.9957790489,0.9986094512
2024-05-10 16:30:00+00:00,0.9959269236,0.9986094512
2024-05-10 17:00:00+00:00,0.9958160176,0.9986094512
2024-05-10 17:30:00+00:00,0.9957790489,0.9986094512
2024-05-13 06:00:00+00:00,0.9958622377,0.9986094512
2024-05-13 06:30:00+00:00,0.9955109962,0.9986094512
2024-05-13 07:00:00+00:00,0.9960748313,0.9986094512
2024-05-13 07:30:00+00:00,0.9960286153,0.9986094512
2024-05-13 08:00:00+00:00,0.9961302905,0.9986094512
2024-05-13 08:30:00+00:00,0.9967680712,0.9986094512
2024-05-13 09:00:00+00:00,0.9968327736,0.9986094512
2024-05-13 09:30:00+00:00,0.9966756393,0.9986094512
2024-05-13 10:00:00+00:00,0.9966386665,0.9986094512
2024-05-13 10:30:00+00:00,0.9965832073,0.9986094512
2024-05-13 11:00:00+00:00,0.9969344488,0.9986094512
2024-05-13 11:30:00+00:00,0.9972856904,0.9986094512
2024-05-13 12:00:00+00:00,0.9979604439,0.9986094512
2024-05-13 12:30:00+00:00,0.9980990919,0.9986094512
2024-05-13 13:00:00+00:00,0.9986167110,0.9986094512
2024-05-13 13:30:00+00:00,0.9986629270,0.9986094512
2024-05-13 14:00:00+00:00,0.9985797382,0.9986094512
2024-05-13 14:30:00+00:00,0.9986351974,0.9986094512
2024-05-13 15:00:00+00:00,0.9973596360,0.9986094512
2024-05-13 15:30:00+00:00,0.9978495255,0.9986094512
2024-05-13 16:00:00+00:00,0.9980990919,0.9986094512
2024-05-13 16:30:00+00:00,0.9976646616,0.9986094512
2024-05-13 17:00:00+00:00,0.9974890408,0.9986094512
2024-05-13 17:30:00+00:00,0.9974982840,0.9986094512
2024-05-14 06:00:00+00:00,0.9972578472,0.9986094512
2024-05-14 06:30:00+00:00,0.9976000072,0.9986094512
2024-05-14 07:00:00+00:00,0.9976739878,0.9986094512
2024-05-14 07:30:00+00:00,0.9975445218,0.9986094512
2024-05-14 08:00:00+00:00,0.9966660028,0.9986094512
2024-05-14 08:30:00+00:00,0.9972393521,0.9989662282
2024-05-14 09:00:00+00:00,0.9978034538,0.9997503231
2024-05-14 09:30:00+00:00,0.9980808808,0.9998951537
2024-05-14 10:00:00+00:00,0.9982473371,0.9998245807
2024-05-14 10:30:00+00:00,0.9984045458,0.9998245807
2024-05-14 11:00:00+00:00,0.9984600312,0.9997158285
2024-05-14 11:30:00+00:00,0.9980716333,1.0002323060
2024-05-14 12:00:00+00:00,0.9984230409,0.9997042858
2024-05-14 12:30:00+00:00,0.9990333804,0.9987883017
2024-05-14 13:00:00+00:00,1.0001800790,0.9978659439
2024-05-14 13:30:00+00:00,1.0004944963,0.9974814773
2024-05-14 14:00:00+00:00,0.9998009286,0.9984878632
2024-05-14 14:30:00+00:00,1.0010216077,0.9966620361
2024-05-14 15:00:00+00:00,1.0004390108,0.9970305044
2024-05-14 15:30:00+00:00,1.0004297632,0.9969671662
2024-05-14 16:00:00+00:00,1.0001800789,0.9969671662
2024-05-14 16:30:00+00:00,1.0003002973,0.9969671662
2024-05-14 17:00:00+00:00,1.0004944962,0.9969671662
2024-05-14 17:30:00+00:00,1.0005222389,0.9969671662
2024-05-15 06:00:00+00:00,1.0002727344,0.9969671662
2024-05-15 06:30:00+00:00,1.0008364297,0.9969671662
2024-05-15 07:00:00+00:00,1.0008087070,0.9969671662
2024-05-15 07:30:00+00:00,1.0004298298,0.9969671662
2024-05-15 08:00:00+00:00,1.0011968251,0.9969671662
2024-05-15 08:30:00+00:00,1.0007902252,0.9969671662
2024-05-15 09:00:00+00:00,1.0005222389,0.9969671662
2024-05-15 09:30:00+00:00,1.0006238889,0.9969671662
2024-05-15 10:00:00+00:00,1.0005869253,0.9969671662
2024-05-15 10:30:00+00:00,1.0002912162,0.9969671662
2024-05-15 11:00:00+00:00,1.0003374208,0.9968693277
2024-05-15 11:30:00+00:00,1.0007347798,0.9966875145
2024-05-15 12:00:00+00:00,1.0009103570,0.9965937758
2024-05-15 12:30:00+00:00,1.0036733881,0.9965937758
2024-05-15 13:00:00+00:00,1.0031558973,0.9965937758
2024-05-15 13:30:00+00:00,1.0012522705,0.9965937758
2024-05-15 14:00:00+00:00,1.0024628293,0.9965937758
2024-05-15 14:30:00+00:00,1.0033407154,0.9965937758
2024-05-15 15:00:00+00:00,1.0046344425,0.9965937758
2024-05-15 15:30:00+00:00,1.0035440155,0.9965937758
2024-05-15 16:00:00+00:00,1.0041169517,0.9965937758
2024-05-15 16:30:00+00:00,1.0046806470,0.9965937758
2024-05-15 17:00:00+00:00,1.0051149696,0.9965937758
2024-05-15 17:30:00+00:00,1.0054106787,0.9965937758
2024-05-16 06:00:00+00:00,1.0053182645,0.9965937758
2024-05-16 06:30:00+00:00,1.0051334362,0.9965937758
2024-05-16 07:00:00+00:00,1.0055955070,0.9965937758
2024-05-16 07:30:00+00:00,1.0049486078,0.9965937758
2024-05-16 08:00:00+00:00,1.0044033642,0.9965937758
2024-05-16 08:30:00+00:00,1.0048469522,0.9965937758
2024-05-16 09:00:00+00:00,1.0044495713,0.9965937758
2024-05-16 09:30:00+00:00,1.0045604683,0.9965937758
2024-05-16 10:00:00+00:00,1.0044865370,0.9965937758
2024-05-16 10:30:00+00:00,1.0047637795,0.9965937758
2024-05-16 11:00:00+00:00,1.0042185359,0.9965937758
2024-05-16 11:30:00+00:00,1.0042462601,0.9965937758
2024-05-16 12:00:00+00:00,1.0043941228,0.9965937758
2024-05-16 12:30:00+00:00,1.0039228106,0.9965937758
2024-05-16 13:00:00+00:00,1.0041168803,0.9965937758
2024-05-16 13:30:00+00:00,1.0032481872,0.9965937758
2024-05-16 14:00:00+00:00,1.0039135691,0.9965937758
2024-05-16 14:30:00+00:00,1.0045604683,0.9965937758
2024-05-16 15:00:00+00:00,1.0045327440,0.9965937758
2024-05-16 15:30:00+00:00,1.0050225391,0.9965937758
2024-05-16 16:00:00+00:00,1.0048192279,0.9965937758
2024-05-16 16:30:00+00:00,1.0048654350,0.9965937758
2024-05-16 17:00:00+00:00,1.0045974339,0.9965937758
2024-05-16 17:30:00+00:00,1.0045974339,0.9965937758
2024-05-17 06:00:00+00:00,1.0048009229,0.9965937758
2024-05-17 06:30:00+00:00,1.0047546754,0.9965937758
2024-05-17 07:00:00+00:00,1.0051524039,0.9965937758
2024-05-17 07:30:00+00:00,1.0043846954,0.9965937758
2024-05-17 08:00:00+00:00,1.0035244919,0.9965937758
2024-05-17 08:30:00+00:00,1.0030527674,0.9965937758
2024-05-17 09:00:00+00:00,1.0027937814,0.9965937758
2024-05-17 09:30:00+00:00,1.0030897654,0.9965937758
2024-05-17 10:00:00+00:00,1.0029047754,0.9965937758
2024-05-17 10:30:00+00:00,1.0024792984,0.9965937758
2024-05-17 11:00:00+00:00,1.0026735379,0.9965937758
2024-05-17 11:30:00+00:00,1.0029602724,0.9965937758
2024-05-17 12:00:00+00:00,1.0026365399,0.9965937758
2024-05-17 12:30:00+00:00,1.0029232744,0.9965937758
2024-05-17 13:00:00+00:00,1.0039222204,0.9965937758
2024-05-17 13:30:00+00:00,1.0040609629,0.9965937758
2024-05-17 14:00:00+00:00,1.0047639248,0.9965937758
2024-05-17 14:30:00+00:00,1.0060218568,0.9965937758
2024-05-17 15:00:00+00:00,1.0055316333,0.9965937758
2024-05-17 15:30:00+00:00,1.0053096453,0.9965937758
2024-05-17 16:00:00+00:00,1.0053373938,0.9965937758
2024-05-17 16:30:00+00:00,1.0053003958,0.9965937758
2024-05-17 17:00:00+00:00,1.0056981243,0.9965937758
2024-05-17 17:30:00+00:00,1.0057536213,0.9965937758
2024-05-20 06:00:00+00:00,1.0058645418,0.9965937758
2024-05-20 06:30:00+00:00,1.0055132934,0.9965937758
2024-05-20 07:00:00+00:00,1.0049124738,0.9965937758
2024-05-20 07:30:00+00:00,1.0050418811,0.9965937758
2024-05-20 08:00:00+00:00,1.0051435582,0.9965937758
2024-05-20 08:30:00+00:00,1.0051805318,0.9965937758
2024-05-20 09:00:00+00:00,1.0045519820,0.9965937758
2024-05-20 09:30:00+00:00,1.0046721459,0.9965937758
2024-05-20 10:00:00+00:00,1.0050511245,0.9965937758
2024-05-20 10:30:00+00:00,1.0048200400,0.9965937758
2024-05-20 11:00:00+00:00,1.0041452733,0.9965937758
2024-05-20 11:30:00+00:00,1.0038494851,0.9965937758
2024-05-20 12:00:00+00:00,1.0033595860,0.9965937758
2024-05-20 12:30:00+00:00,1.0036091573,0.9965937758
2024-05-20 13:00:00+00:00,1.0041637600,0.9965937758
2024-05-20 13:30:00+00:00,1.0043024107,0.9965937758
2024-05-20 14:00:00+00:00,1.0042192203,0.9965937758
2024-05-20 17:00:00+00:00,1.0043671143,0.9965937758
2024-05-20 17:30:00+00:00,1.0042192203,0.9966372988
2024-05-21 06:00:00+00:00,1.0046353869,0.9964509063
2024-05-21 06:30:00+00:00,1.0044966647,0.9964193514
2024-05-21 07:00:00+00:00,1.0045706499,0.9964193514
2024-05-21 07:30:00+00:00,1.0047556128,0.9964193514
2024-05-21 08:00:00+00:00,1.0046538832,0.9964193514
2024-05-21 08:30:00+00:00,1.0049775683,0.9965935778
2024-05-21 09:00:00+00:00,1.0056341867,0.9975073232
2024-05-21 09:30:00+00:00,1.0054492238,0.9973065978
2024-05-21 10:00:00+00:00,1.0053105016,0.9972434740
2024-05-21 10:30:00+00:00,1.0049775683,0.9972434740
2024-05-21 11:00:00+00:00,1.0048573424,0.9972434740
2024-05-21 11:30:00+00:00,1.0051070424,0.9972434740
2024-05-21 12:00:00+00:00,1.0042099722,0.9972434740
2024-05-21 12:30:00+00:00,1.0040897463,0.9972434740
2024-05-21 13:00:00+00:00,1.0041914759,0.9971045350
2024-05-21 13:30:00+00:00,1.0033961353,0.9982270222
2024-05-21 14:00:00+00:00,1.0037938056,0.9976338836
2024-05-21 14:30:00+00:00,1.0042932055,0.9968898434
2024-05-21 15:00:00+00:00,1.0038492944,0.9975511668
2024-05-21 15:30:00+00:00,1.0038030537,0.9976200966
2024-05-21 16:00:00+00:00,1.0037290685,0.9977304010
2024-05-21 16:30:00+00:00,1.0037938056,0.9976338836
2024-05-21 17:00:00+00:00,1.0035626019,0.9978608319
2024-05-21 17:30:00+00:00,1.0037290685,0.9977050953
2024-05-22 06:00:00+00:00,1.0040896565,0.9975391255
2024-05-22 06:30:00+00:00,1.0042283442,0.9975075358
2024-05-22 07:00:00+00:00,1.0034609390,0.9975075358
2024-05-22 07:30:00+00:00,1.0038862479,0.9975075358
2024-05-22 08:00:00+00:00,1.0028876965,0.9975075358
2024-05-22 08:30:00+00:00,1.0030541218,0.9975075358
2024-05-22 09:00:00+00:00,1.0026935337,0.9975075358
2024-05-22 09:30:00+00:00,1.0025918294,0.9975075358
2024-05-22 10:00:00+00:00,1.0022497331,0.9975075358
2024-05-22 10:30:00+00:00,1.0020370787,0.9975075358
2024-05-22 11:00:00+00:00,1.0014730820,0.9978654928
2024-05-22 11:30:00+00:00,1.0011032482,0.9983551157
2024-05-22 12:00:00+00:00,1.0013713777,0.9979541597
2024-05-22 12:30:00+00:00,1.0015100654,0.9977468739
2024-05-22 13:00:00+00:00,1.0021850122,0.9971796052
2024-05-22 13:30:00+00:00,1.0018429159,0.9975293063
2024-05-22 14:00:00+00:00,1.0018521617,0.9974838513
2024-05-22 14:30:00+00:00,1.0016487531,0.9977877109
2024-05-22 15:00:00+00:00,1.0019538660,0.9973319792
2024-05-22 15:30:00+00:00,1.0018983909,0.9973101156
2024-05-22 16:00:00+00:00,1.0024346500,0.9972468654
2024-05-22 16:30:00+00:00,1.0024716334,0.9972468654
2024-05-22 17:00:00+00:00,1.0024161583,0.9972468654
2024-05-22 17:30:00+00:00,1.0020370786,0.9972468654
2024-05-23 06:00:00+00:00,1.0022037114,0.9972468654
2024-05-23 06:30:00+00:00,1.0022962852,0.9972468654
2024-05-23 07:00:00+00:00,1.0010743113,0.9972468654
2024-05-23 07:30:00+00:00,1.0024814327,0.9972468654
2024-05-23 08:00:00+00:00,1.0038052377,0.9972468654
2024-05-23 08:30:00+00:00,1.0033793984,0.9972468654
2024-05-23 09:00:00+00:00,1.0033423689,0.9972468654
2024-05-23 09:30:00+00:00,1.0040551869,0.9972468654
2024-05-23 10:00:00+00:00,1.0039718705,0.9972468654
2024-05-23 10:30:00+00:00,1.0039903853,0.9972468654
2024-05-23 11:00:00+00:00,1.0038978115,0.9972468654
2024-05-23 11:30:00+00:00,1.0044902837,0.9972468654
2024-05-23 12:00:00+00:00,1.0046754313,0.9972468654
2024-05-23 12:30:00+00:00,1.0046846886,0.9972468654
2024-05-23 13:00:00+00:00,1.0053419624,0.9972468654
2024-05-23 13:30:00+00:00,1.0029628164,0.9972468654
2024-05-23 14:00:00+00:00,1.0031294492,0.9972468654
2024-05-23 14:30:00+00:00,1.0020741081,0.9972468654
2024-05-23 15:00:00+00:00,1.0020278213,0.9972468654
2024-05-23 15:30:00+00:00,1.0022314836,0.9972468654
2024-05-23 16:00:00+00:00,1.0020833655,0.9972468654
2024-05-23 16:30:00+00:00,1.0014908933,0.9972468654
2024-05-23 17:00:00+00:00,1.0014908933,0.9972468654
2024-05-23 17:30:00+00:00,1.0008984212,0.9972468654
2024-05-24 06:00:00+00:00,1.0013706086,0.9972468654
2024-05-24 06:30:00+00:00,1.0011298856,0.9972468654
2024-05-24 07:00:00+00:00,1.0017502102,0.9972468654
2024-05-24 07:30:00+00:00,1.0021761048,0.9972468654
2024-05-24 08:00:00+00:00,1.0018520546,0.9972468654
2024-05-24 08:30:00+00:00,1.0022131391,0.9972468654
2024-05-24 09:00:00+00:00,1.0026482922,0.9972468654
2024-05-24 09:30:00+00:00,1.0025927407,0.9972468654
2024-05-24 10:00:00+00:00,1.0035741499,0.9972468654
2024-05-24 10:30:00+00:00,1.0036667357,0.9972468654
2024-05-24 11:00:00+00:00,1.0033149098,0.9972468654
2024-05-24 11:30:00+00:00,1.0037130286,0.9972468654
2024-05-24 12:00:00+00:00,1.0037593214,0.9972468654
2024-05-24 12:30:00+00:00,1.0046759205,0.9972468654
2024-05-24 13:00:00+00:00,1.0047592477,0.9972468654
2024-05-24 13:30:00+00:00,1.0038704243,0.9972468654
2024-05-24 14:00:00+00:00,1.0042870603,0.9972468654
2024-05-24 14:30:00+00:00,1.0041944745,0.9972468654
2024-05-24 15:00:00+00:00,1.0048610920,0.9972468654
2024-05-24 15:30:00+00:00,1.0046666619,0.9972468654
2024-05-24 16:00:00+00:00,1.0051573665,0.9972468654
2024-05-24 16:30:00+00:00,1.0042963188,0.9972468654
2024-05-24 17:00:00+00:00,1.0046851791,0.9972468654
2024-05-24 17:30:00+00:00,1.0047592477,0.9972468654
2024-05-27 06:00:00+00:00,1.0046018083,0.9972468654
2024-05-27 06:30:00+00:00,1.0049537315,0.9972468654
2024-05-27 07:00:00+00:00,1.0047870311,0.9972468654
2024-05-27 07:30:00+00:00,1.0048889036,0.9972468654
2024-05-27 08:00:00+00:00,1.0048333368,0.9972468654
2024-05-27 08:30:00+00:00,1.0047870311,0.9972468654
2024-05-27 09:00:00+00:00,1.0052408268,0.9972468654
2024-05-27 09:30:00+00:00,1.0064262523,0.9972468654
2024-05-27 10:00:00+00:00,1.0052223045,0.9972468654
2024-05-27 10:30:00+00:00,1.0060372845,0.9965743550
2024-05-27 11:00:00+00:00,1.0058520618,0.9966116067
2024-05-27 11:30:00+00:00,1.0055186609,0.9965800375
2024-05-27 12:00:00+00:00,1.0049074258,0.9965800375
2024-05-27 12:30:00+00:00,1.0047499865,0.9965800375
2024-05-27 13:00:00+00:00,1.0050926486,0.9965800375
2024-05-27 13:30:00+00:00,1.0053241770,0.9965800375
2024-05-27 14:00:00+00:00,1.0051852599,0.9965800375
2024-05-27 14:30:00+00:00,1.0056112722,0.9965800375
2024-05-27 15:00:00+00:00,1.0055186609,0.9965800375
2024-05-27 15:30:00+00:00,1.0057224059,0.9963654979
2024-05-27 16:00:00+00:00,1.0058520618,0.9961063215
2024-05-27 16:30:00+00:00,1.0057409282,0.9962714295
2024-05-27 17:00:00+00:00,1.0057964950,0.9961888698
2024-05-27 17:30:00+00:00,1.0055371832,0.9965742462
2024-05-28 06:00:00+00:00,1.0057868292,0.9963256884
2024-05-28 06:30:00+00:00,1.0055464293,0.9965586969
2024-05-28 07:00:00+00:00,1.0055926601,0.9964567321
2024-05-28 07:30:00+00:00,1.0057590907,0.9962094053
2024-05-28 08:00:00+00:00,1.0054817063,0.9966216735
2024-05-28 08:30:00+00:00,1.0050748757,0.9972268480
2024-05-28 09:00:00+00:00,1.0050748757,0.9972268480
2024-05-28 09:30:00+00:00,1.0057036138,0.9962918362
2024-05-28 10:00:00+00:00,1.0057221061,0.9962643580
2024-05-28 10:30:00+00:00,1.0058238137,0.9961132503
2024-05-28 11:00:00+00:00,1.0064433057,0.9951936915
2024-05-28 11:30:00+00:00,1.0063600904,0.9953171321
2024-05-28 12:00:00+00:00,1.0056943676,0.9963055758
2024-05-28 12:30:00+00:00,1.0056573830,0.9963605373
2024-05-28 13:00:00+00:00,1.0055926600,0.9964567321
2024-05-28 13:30:00+00:00,1.0045201068,0.9976187181
2024-05-28 14:00:00+00:00,1.0049176912,0.9972911138
2024-05-28 14:30:00+00:00,1.0055094447,0.9968508937
2024-05-28 15:00:00+00:00,1.0055649216,0.9967987338
2024-05-28 15:30:00+00:00,1.0058145676,0.9965195045
2024-05-28 16:00:00+00:00,1.0052782910,0.9972696799
2024-05-28 16:30:00+00:00,1.0055001986,0.9969395614
2024-05-28 17:00:00+00:00,1.0053337679,0.9971871332
2024-05-28 17:30:00+00:00,1.0046125683,0.9979592041
2024-05-29 06:00:00+00:00,1.0050757454,0.9976504690
2024-05-29 06:30:00+00:00,1.0052980704,0.9973834334
2024-05-29 07:00:00+00:00,1.0056778756,0.9967790050
2024-05-29 07:30:00+00:00,1.0052795433,0.9973715097
2024-05-29 08:00:00+00:00,1.0039826475,0.9987876167
2024-05-29 08:30:00+00:00,1.0039085392,0.9988112290
2024-05-29 09:00:00+00:00,1.0048534205,0.9981067464
2024-05-29 09:30:00+00:00,1.0052424892,0.9978170022
2024-05-29 10:00:00+00:00,1.0045569871,0.9983276357
2024-05-29 10:30:00+00:00,1.0047978392,0.9981481545
2024-05-29 11:00:00+00:00,1.0041679184,0.9986177261
2024-05-29 11:30:00+00:00,1.0050757455,0.9979411542
2024-05-29 12:00:00+00:00,1.0055203955,0.9977423086
2024-05-29 12:30:00+00:00,1.0047607850,0.9984019748
2024-05-29 13:00:00+00:00,1.0037788496,0.9992180567
2024-05-29 13:30:00+00:00,1.0040289652,0.9990234409
2024-05-29 14:00:00+00:00,1.0023893184,1.0002487964
2024-05-29 14:30:00+00:00,1.0018242423,1.0006719071
2024-05-29 15:00:00+00:00,1.0017408705,1.0006696060
2024-05-29 15:30:00+00:00,1.0014907548,1.0006378046
2024-05-29 16:00:00+00:00,1.0016297079,1.0006378046
2024-05-29 16:30:00+00:00,1.0019076142,1.0006378046
2024-05-29 17:00:00+00:00,1.0018149788,1.0006378046
2024-05-29 17:30:00+00:00,1.0017223434,1.0006378046
2024-05-30 06:00:00+00:00,1.0021122595,1.0006378046
2024-05-30 06:30:00+00:00,1.0022329478,1.0006378046
2024-05-30 07:00:00+00:00,1.0027899708,1.0006378046
2024-05-30 07:30:00+00:00,1.0034305472,1.0006378046
2024-05-30 08:00:00+00:00,1.0034398310,1.0006378046
2024-05-30 08:30:00+00:00,1.0040339888,1.0006378046
2024-05-30 09:00:00+00:00,1.0041546772,1.0006378046
2024-05-30 09:30:00+00:00,1.0038390308,1.0006378046
2024-05-30 10:00:00+00:00,1.0040339888,1.0006378046
2024-05-30 10:30:00+00:00,1.0042753655,1.0006378046
2024-05-30 11:00:00+00:00,1.0044703235,1.0006378046
2024-05-30 11:30:00+00:00,1.0043403515,1.0006378046
2024-05-30 12:00:00+00:00,1.0041268260,1.0006378046
2024-05-30 12:30:00+00:00,1.0053429929,1.0006378046
2024-05-30 13:00:00+00:00,1.0054265464,1.0006378046
2024-05-30 13:30:00+00:00,1.0053522766,1.0006378046
2024-05-30 14:00:00+00:00,1.0060949740,1.0006378046
2024-05-30 14:30:00+00:00,1.0064199040,1.0006378046
2024-05-30 15:00:00+00:00,1.0066984155,1.0006378046
2024-05-30 15:30:00+00:00,1.0060207042,1.0006378046
2024-05-30 16:00:00+00:00,1.0062992157,1.0006378046
2024-05-30 16:30:00+00:00,1.0063549180,1.0006378046
2024-05-30 17:00:00+00:00,1.0065034575,1.0006378046
2024-05-30 17:30:00+00:00,1.0062620809,1.0006378046
2024-05-31 06:00:00+00:00,1.0061783776,1.0006378046
2024-05-31 06:30:00+00:00,1.0066898976,1.0006378046
2024-05-31 07:00:00+00:00,1.0062713812,1.0006378046
2024-05-31 07:30:00+00:00,1.0065596925,1.0006378046
2024-05-31 08:00:00+00:00,1.0072293186,1.0006378046
2024-05-31 08:30:00+00:00,1.0076385346,1.0006378046
2024-05-31 09:00:00+00:00,1.0084383658,1.0006378046
2024-05-31 09:30:00+00:00,1.0088568821,1.0006378046
2024-05-31 10:00:00+00:00,1.0088196807,1.0006378046
2024-05-31 10:30:00+00:00,1.0090707905,1.0006378046
2024-05-31 11:00:00+00:00,1.0093312007,1.0003773145
2024-05-31 11:30:00+00:00,1.0093498014,1.0002862668
2024-05-31 12:00:00+00:00,1.0092939992,1.0003692242
2024-05-31 12:30:00+00:00,1.0119074012,0.9983677447
2024-05-31 13:00:00+00:00,1.0111633721,0.9991626054
2024-05-31 13:30:00+00:00,1.0108657605,0.9995722489
2024-05-31 14:00:00+00:00,1.0108099583,0.9995503567
2024-05-31 14:30:00+00:00,1.0096102115,0.9994870251
2024-05-31 15:00:00+00:00,1.0086894755,0.9994870251
2024-05-31 15:30:00+00:00,1.0087266770,0.9994870251
2024-05-31 16:00:00+00:00,1.0087080763,0.9994870251
2024-05-31 16:30:00+00:00,1.0088475817,0.9994870251
2024-05-31 17:00:00+00:00,1.0089963875,0.9994870251
2024-05-31 17:30:00+00:00,1.0088196806,0.9994870251
2024-06-03 06:00:00+00:00,1.0084478546,0.9994870251
2024-06-03 06:30:00+00:00,1.0091822110,0.9994870251
2024-06-03 07:00:00+00:00,1.0082247591,0.9994870251
2024-06-03 07:30:00+00:00,1.0076298375,0.9994870251
2024-06-03 08:00:00+00:00,1.0073602637,0.9994870251
2024-06-03 08:30:00+00:00,1.0076484288,0.9994870251
2024-06-03 09:00:00+00:00,1.0074904028,0.9994870251
2024-06-03 09:30:00+00:00,1.0071836463,0.9994870251
2024-06-03 10:00:00+00:00,1.0068954812,0.9994870251
2024-06-03 10:30:00+00:00,1.0073695593,0.9994870251
2024-06-03 11:00:00+00:00,1.0078064549,0.9994870251
2024-06-03 11:30:00+00:00,1.0079644809,0.9994870251
2024-06-03 12:00:00+00:00,1.0082991243,0.9994870251
2024-06-03 12:30:00+00:00,1.0080574374,0.9994870251
2024-06-03 13:00:00+00:00,1.0087732025,0.9994870251
2024-06-03 13:30:00+00:00,1.0087453155,0.9994870251
2024-06-03 14:00:00+00:00,1.0112458453,0.9994870251
2024-06-03 14:30:00+00:00,1.0104464194,0.9994870251
2024-06-03 15:00:00+00:00,1.0120359756,0.9994870251
2024-06-03 15:30:00+00:00,1.0122776624,0.9994870251
2024-06-03 16:00:00+00:00,1.0117478104,0.9994870251
2024-06-03 16:30:00+00:00,1.0118314713,0.9994870251
2024-06-03 17:00:00+00:00,1.0121196364,0.9994870251
2024-06-03 17:30:00+00:00,1.0121103408,0.9994870251
2024-06-04 06:00:00+00:00,1.0117947264,0.9994870251
2024-06-04 06:30:00+00:00,1.0115440915,0.9994870251
2024-06-04 07:00:00+00:00,1.0109407110,0.9994870251
2024-06-04 07:30:00+00:00,1.0109128627,0.9994870251
2024-06-04 08:00:00+00:00,1.0098360607,0.9994870251
2024-06-04 08:30:00+00:00,1.0100588473,0.9994870251
2024-06-04 09:00:00+00:00,1.0094461841,0.9994870251
2024-06-04 09:30:00+00:00,1.0092141147,0.9994870251
2024-06-04 10:00:00+00:00,1.0086107343,0.9994870251
2024-06-04 10:30:00+00:00,1.0087035620,0.9994870251
2024-06-04 11:00:00+00:00,1.0088613692,0.9994870251
2024-06-04 11:30:00+00:00,1.0082394232,0.9994870251
2024-06-04 12:00:00+00:00,1.0088056725,0.9994870251
2024-06-04 12:30:00+00:00,1.0085550376,0.9994870251
2024-06-04 13:00:00+00:00,1.0087685414,0.9994870251
2024-06-04 13:30:00+00:00,1.0086942792,0.9994870251
2024-06-04 14:00:00+00:00,1.0090748730,0.9994870251
2024-06-04 14:30:00+00:00,1.0099938679,0.9994870251
2024-06-04 15:00:00+00:00,1.0101423923,0.9994870251
2024-06-04 15:30:00+00:00,1.0097432329,0.9994870251
2024-06-04 16:00:00+00:00,1.0101980890,0.9994870251
2024-06-04 16:30:00+00:00,1.0100031507,0.9994870251
2024-06-04 17:00:00+00:00,1.0102445028,0.9994870251
2024-06-04 17:30:00+00:00,1.0102816339,0.9994870251
2024-06-05 06:00:00+00:00,1.0097894659,0.9994870251
2024-06-05 06:30:00+00:00,1.0099566173,0.9994870251
2024-06-05 07:00:00+00:00,1.0101701997,0.9994870251
2024-06-05 07:30:00+00:00,1.0095573112,0.9994870251
2024-06-05 08:00:00+00:00,1.0096966040,0.9994870251
2024-06-05 08:30:00+00:00,1.0099566173,0.9994870251
2024-06-05 09:00:00+00:00,1.0098266106,0.9994870251
2024-06-05 09:30:00+00:00,1.0097430349,0.9994870251
2024-06-05 10:00:00+00:00,1.0091022879,0.9994870251
2024-06-05 10:30:00+00:00,1.0092880117,0.9994870251
2024-06-05 11:00:00+00:00,1.0087494127,0.9994870251
2024-06-05 11:30:00+00:00,1.0092415807,0.9994870251
2024-06-05 12:00:00+00:00,1.0099473311,0.9994870251
2024-06-05 12:30:00+00:00,1.0107180847,0.9994870251
2024-06-05 13:00:00+00:00,1.0109038085,0.9994870251
2024-06-05 13:30:00+00:00,1.0112566837,0.9994870251
2024-06-05 14:00:00+00:00,1.0094273045,0.9994870251
2024-06-05 14:30:00+00:00,1.0090744293,0.9994870251
2024-06-05 15:00:00+00:00,1.0091394326,0.9994870251
2024-06-05 15:30:00+00:00,1.0089444227,0.9994870251
2024-06-05 16:00:00+00:00,1.0087958436,0.9994870251
2024-06-05 16:30:00+00:00,1.0088887055,0.9994870251
2024-06-05 17:00:00+00:00,1.0086751232,0.9994870251
2024-06-05 17:30:00+00:00,1.0091487188,0.9994870251
2024-06-06 06:00:00+00:00,1.0085368326,0.9994870251
2024-06-06 06:30:00+00:00,1.0090560088,0.9994870251
2024-06-06 07:00:00+00:00,1.0089725698,0.9994870251
2024-06-06 07:30:00+00:00,1.0085368326,0.9994870251
2024-06-06 08:00:00+00:00,1.0082401605,0.9994870251
2024-06-06 08:30:00+00:00,1.0084348516,0.9994870251
2024-06-06 09:00:00+00:00,1.0085739166,0.9994870251
2024-06-06 09:30:00+00:00,1.0086851686,0.9994870251
2024-06-06 10:00:00+00:00,1.0083977675,0.9994870251
2024-06-06 10:30:00+00:00,1.0083514125,0.9994870251
2024-06-06 11:00:00+00:00,1.0075726482,0.9994870251
2024-06-06 11:30:00+00:00,1.0075355642,0.9994870251
2024-06-06 12:00:00+00:00,1.0095937269,0.9994870251
2024-06-06 12:30:00+00:00,1.0088427756,0.9994870251
2024-06-06 13:00:00+00:00,1.0089076726,0.9994870251
2024-06-06 13:30:00+00:00,1.0091672607,0.9994870251
2024-06-06 14:00:00+00:00,1.0082216183,0.9994870251
2024-06-06 14:30:00+00:00,1.0084997484,0.9994870251
2024-06-06 15:00:00+00:00,1.0091487186,0.9994870251
2024-06-06 15:30:00+00:00,1.0088705885,0.9994870251
2024-06-06 16:00:00+00:00,1.0093897647,0.9994870251
2024-06-06 16:30:00+00:00,1.0088705885,0.9994870251
2024-06-06 17:00:00+00:00,1.0092043447,0.9994870251
2024-06-06 17:30:00+00:00,1.0098347729,0.9994870251
2024-06-07 06:00:00+00:00,1.0098996794,0.9994870251
2024-06-07 06:30:00+00:00,1.0099645860,0.9994870251
2024-06-07 07:00:00+00:00,1.0100202202,0.9994870251
2024-06-07 07:30:00+00:00,1.0100016755,0.9994870251
2024-06-07 08:00:00+00:00,1.0097420492,0.9996165729
2024-06-07 08:30:00+00:00,1.0096678703,0.9996600985
2024-06-07 09:00:00+00:00,1.0100758544,0.9990544941
2024-06-07 09:30:00+00:00,1.0099089518,0.9993021674
2024-06-07 10:00:00+00:00,1.0099831307,0.9991920778
2024-06-07 10:30:00+00:00,1.0096493256,0.9996876405
2024-06-07 11:00:00+00:00,1.0100480373,0.9990957659
2024-06-07 11:30:00+00:00,1.0105394727,0.9983670492
2024-06-07 12:00:00+00:00,1.0104096595,0.9985594543
2024-06-07 12:30:00+00:00,1.0044938906,1.0051459121
2024-06-07 13:00:00+00:00,1.0042528091,1.0052311679
2024-06-07 13:30:00+00:00,1.0032143042,1.0051806639
2024-06-07 14:00:00+00:00,1.0031030358,1.0051806639
2024-06-07 14:30:00+00:00,1.0025837834,1.0051806639
2024-06-07 15:00:00+00:00,1.0020830757,1.0051806639
2024-06-07 15:30:00+00:00,1.0020367138,1.0051806639
2024-06-07 16:00:00+00:00,1.0024354255,1.0051806639
2024-06-07 16:30:00+00:00,1.0018976283,1.0051806639
2024-06-07 17:00:00+00:00,1.0016009126,1.0051806639
2024-06-07 17:30:00+00:00,1.0018976283,1.0051806639
2024-06-10 06:00:00+00:00,1.0018044597,1.0051806639
2024-06-10 06:30:00+00:00,1.0017485586,1.0051806639
2024-06-10 07:00:00+00:00,1.0025963926,1.0051806639
2024-06-10 07:30:00+00:00,1.0029038490,1.0051806639
2024-06-10 08:00:00+00:00,1.0026802444,1.0051806639
2024-06-10 08:30:00+00:00,1.0021864509,1.0051806639
2024-06-10 09:00:00+00:00,1.0016367563,1.0051806639
2024-06-10 09:30:00+00:00,1.0009379919,1.0051806639
2024-06-10 10:00:00+00:00,1.0002205938,1.0051806639
2024-06-10 10:30:00+00:00,1.0003510298,1.0051806639
2024-06-10 11:00:00+00:00,1.0011895471,1.0051806639
2024-06-10 11:30:00+00:00,1.0019162620,1.0051806639
2024-06-10 12:00:00+00:00,1.0022423520,1.0051806639
2024-06-10 12:30:00+00:00,1.0007702885,1.0051806639
2024-06-10 13:00:00+00:00,1.0006678030,1.0051806639
2024-06-10 13:30:00+00:00,1.0006491693,1.0051806639
2024-06-10 14:00:00+00:00,1.0004721490,1.0051806639
2024-06-10 14:30:00+00:00,1.0000528904,1.0051806639
2024-06-10 15:00:00+00:00,1.0008820908,1.0051806639
2024-06-10 15:30:00+00:00,1.0015808551,1.0051806639
2024-06-10 16:00:00+00:00,1.0022423520,1.0051806639
2024-06-10 16:30:00+00:00,1.0019535294,1.0051806639
2024-06-10 17:00:00+00:00,1.0023262038,1.0051806639
2024-06-10 17:30:00+00:00,1.0024380061,1.0051806639
2024-06-11 06:00:00+00:00,1.0029315197,1.0051806639
2024-06-11 06:30:00+00:00,1.0026894187,1.0051806639
2024-06-11 07:00:00+00:00,1.0022052166,1.0051806639
2024-06-11 07:30:00+00:00,1.0023076440,1.0051806639
2024-06-11 08:00:00+00:00,1.0018234419,1.0051806639
2024-06-11 08:30:00+00:00,1.0005663788,1.0051806639
2024-06-11 09:00:00+00:00,1.0001846040,1.0051806639
2024-06-11 09:30:00+00:00,1.0010692040,1.0051806639
2024-06-11 10:00:00+00:00,1.0003708356,1.0051806639
2024-06-11 10:30:00+00:00,1.0001566693,1.0051806639
2024-06-11 11:00:00+00:00,0.9994024314,1.0051806639
2024-06-11 11:30:00+00:00,0.9990579030,1.0051806639
2024-06-11 12:00:00+00:00,0.9989554757,1.0051806639
2024-06-11 12:30:00+00:00,0.9993465620,1.0051806639
2024-06-11 13:00:00+00:00,0.9984526504,1.0051806639
2024-06-11 13:30:00+00:00,0.9985830125,1.0051806639
2024-06-11 14:00:00+00:00,0.9987040631,1.0051806639
2024-06-11 14:30:00+00:00,0.9984433389,1.0051806639
2024-06-11 15:00:00+00:00,0.9990020336,1.0051806639
2024-06-11 15:30:00+00:00,0.9993744967,1.0051806639
2024-06-11 16:00:00+00:00,0.9995607283,1.0051806639
2024-06-11 16:30:00+00:00,0.9998307641,1.0051806639
2024-06-11 17:00:00+00:00,0.9999145683,1.0051806639
2024-06-11 17:30:00+00:00,1.0002870314,1.0051806639
2024-06-12 06:00:00+00:00,1.0001939468,1.0051806639
2024-06-12 06:30:00+00:00,0.9998774592,1.0051806639
2024-06-12 07:00:00+00:00,0.9999146931,1.0051806639
2024-06-12 07:30:00+00:00,1.0001660215,1.0051806639
2024-06-12 08:00:00+00:00,1.0008455390,1.0051806639
2024-06-12 08:30:00+00:00,1.0003428822,1.0051806639
2024-06-12 09:00:00+00:00,1.0008641559,1.0051806639
2024-06-12 09:30:00+00:00,1.0009013898,1.0051806639
2024-06-12 10:00:00+00:00,1.0010037828,1.0051806639
2024-06-12 10:30:00+00:00,1.0014598973,1.0051806639
2024-06-12 11:00:00+00:00,1.0016181411,1.0051806639
2024-06-12 11:30:00+00:00,1.0019811710,1.0051806639
2024-06-12 12:00:00+00:00,1.0022418079,1.0051806639
2024-06-12 12:30:00+00:00,1.0077896497,1.0051806639
2024-06-12 13:00:00+00:00,1.0086181026,1.0051806639
2024-06-12 13:30:00+00:00,1.0087204957,1.0051806639
2024-06-12 14:00:00+00:00,1.0092603863,1.0051806639
2024-06-12 14:30:00+00:00,1.0097816600,1.0051806639
2024-06-12 15:00:00+00:00,1.0100143715,1.0051806639
2024-06-12 15:30:00+00:00,1.0092790032,1.0051806639
2024-06-12 16:00:00+00:00,1.0092231524,1.0051806639
2024-06-12 16:30:00+00:00,1.0094186301,1.0051806639
2024-06-12 17:00:00+00:00,1.0090742171,1.0051806639
2024-06-12 17:30:00+00:00,1.0090928340,1.0051806639
2024-06-13 06:00:00+00:00,1.0089901017,1.0051806639
2024-06-13 06:30:00+00:00,1.0088500122,1.0051806639
2024-06-13 07:00:00+00:00,1.0094664061,1.0051806639
2024-06-13 07:30:00+00:00,1.0099894070,1.0051806639
2024-06-13 08:00:00+00:00,1.0098026209,1.0051806639
2024-06-13 08:30:00+00:00,1.0092329236,1.0051806639
2024-06-13 09:00:00+00:00,1.0093076380,1.0051806639
2024-06-13 09:30:00+00:00,1.0088406729,1.0051806639
2024-06-13 10:00:00+00:00,1.0094290489,1.0051806639
2024-06-13 10:30:00+00:00,1.0081122074,1.0051806639
2024-06-13 11:00:00+00:00,1.0078413676,1.0051806639
2024-06-13 11:30:00+00:00,1.0070942235,1.0051806639
2024-06-13 12:00:00+00:00,1.0078787248,1.0051806639
2024-06-13 12:30:00+00:00,1.0080841894,1.0051806639
2024-06-13 13:00:00+00:00,1.0087472798,1.0051806639
2024-06-13 13:30:00+00:00,1.0074771348,1.0051806639
2024-06-13 14:00:00+00:00,1.0063377401,1.0051806639
2024-06-13 14:30:00+00:00,1.0059921859,1.0051806639
2024-06-13 15:00:00+00:00,1.0048434519,1.0051806639
2024-06-13 15:30:00+00:00,1.0044885584,1.0051806639
2024-06-13 16:00:00+00:00,1.0033024672,1.0051806639
2024-06-13 16:30:00+00:00,1.0026020196,1.0051806639
2024-06-13 17:00:00+00:00,1.0029849310,1.0051806639
2024-06-13 17:30:00+00:00,1.0032651100,1.0051806639
2024-06-14 06:00:00+00:00,1.0029285254,1.0051806639
2024-06-14 06:30:00+00:00,1.0027415340,1.0051806639
2024-06-14 07:00:00+00:00,1.0019935683,1.0051806639
2024-06-14 07:30:00+00:00,1.0011334077,1.0051806639
2024-06-14 08:00:00+00:00,1.0007407257,1.0051806639
2024-06-14 08:30:00+00:00,0.9996561755,1.0051806639
2024-06-14 09:00:00+00:00,0.9985903243,1.0051806639
2024-06-14 09:30:00+00:00,0.9992260952,1.0051806639
2024-06-14 10:00:00+00:00,0.9994598344,1.0051806639
2024-06-14 10:30:00+00:00,1.0002171497,1.0051806639
2024-06-14 11:00:00+00:00,1.0005256856,1.0051806639
2024-06-14 11:30:00+00:00,0.9998431668,1.0051806639
2024-06-14 12:00:00+00:00,0.9990578028,1.0051806639
2024-06-14 12:30:00+00:00,0.9993943874,1.0051806639
2024-06-14 13:00:00+00:00,0.9979732525,1.0051806639
2024-06-14 13:30:00+00:00,0.9975431722,1.0051806639
2024-06-14 14:00:00+00:00,0.9984407311,1.0051806639
2024-06-14 14:30:00+00:00,0.9992073959,1.0051806639
2024-06-14 15:00:00+00:00,1.0002825966,1.0051806639
2024-06-14 15:30:00+00:00,1.0003106453,1.0051806639
2024-06-14 16:00:00+00:00,1.0001610522,1.0051806639
2024-06-14 16:30:00+00:00,1.0004415393,1.0051806639
2024-06-14 17:00:00+00:00,1.0004415393,1.0051806639
2024-06-14 17:30:00+00:00,1.0002171496,1.0051806639
2024-06-17 06:00:00+00:00,0.9998432296,1.0051806639
2024-06-17 06:30:00+00:00,1.0000114936,1.0051806639
2024-06-17 07:00:00+00:00,1.0008434655,1.0051806639
2024-06-17 07:30:00+00:00,1.0003012815,1.0051806639
2024-06-17 08:00:00+00:00,1.0011893414,1.0051806639
2024-06-17 08:30:00+00:00,1.0009089014,1.0051806639
2024-06-17 09:00:00+00:00,1.0012828214,1.0051806639
2024-06-17 09:30:00+00:00,1.0012828214,1.0051806639
2024-06-17 10:00:00+00:00,1.0006284615,1.0051806639
2024-06-17 10:30:00+00:00,1.0011893414,1.0051806639
2024-06-17 11:00:00+00:00,1.0017034813,1.0051806639
2024-06-17 11:30:00+00:00,1.0011332534,1.0051806639
2024-06-17 12:00:00+00:00,1.0015445653,1.0051806639
2024-06-17 12:30:00+00:00,1.0015352174,1.0051806639
2024-06-17 13:00:00+00:00,1.0018250053,1.0051806639
2024-06-17 13:30:00+00:00,1.0017502213,1.0051806639
2024-06-17 14:00:00+00:00,1.0016193494,1.0051806639
2024-06-17 14:30:00+00:00,1.0017315253,1.0051806639
2024-06-17 15:00:00+00:00,1.0022924053,1.0051806639
2024-06-17 15:30:00+00:00,1.0023204493,1.0051806639
2024-06-17 16:00:00+00:00,1.0027130652,1.0051806639
2024-06-17 16:30:00+00:00,1.0025915412,1.0051806639
2024-06-17 17:00:00+00:00,1.0024793652,1.0051806639
2024-06-17 17:30:00+00:00,1.0026663252,1.0051806639
2024-06-18 06:00:00+00:00,1.0030870950,1.0051806639
2024-06-18 06:30:00+00:00,1.0035920187,1.0051806639
2024-06-18 07:00:00+00:00,1.0036574718,1.0051806639
2024-06-18 07:30:00+00:00,1.0026850261,1.0051806639
2024-06-18 08:00:00+00:00,1.0024045129,1.0051806639
2024-06-18 08:30:00+00:00,1.0023110085,1.0051806639
2024-06-18 09:00:00+00:00,1.0023110085,1.0051806639
2024-06-18 09:30:00+00:00,1.0023390598,1.0051806639
2024-06-18 10:00:00+00:00,1.0022081537,1.0051806639
2024-06-18 10:30:00+00:00,1.0021801024,1.0051806639
2024-06-18 11:00:00+00:00,1.0019276405,1.0051806639
2024-06-18 11:30:00+00:00,1.0020304953,1.0051806639
2024-06-18 12:00:00+00:00,1.0018247856,1.0051806639
2024-06-18 12:30:00+00:00,1.0034237109,1.0051806639
2024-06-18 13:00:00+00:00,1.0034798135,1.0051806639
2024-06-18 13:30:00+00:00,1.0050319864,1.0051806639
2024-06-18 14:00:00+00:00,1.0058828764,1.0051806639
2024-06-18 14:30:00+00:00,1.0040782416,1.0051806639
2024-06-18 15:00:00+00:00,1.0039192841,1.0051806639
2024-06-18 15:30:00+00:00,1.0040875920,1.0051806639
2024-06-18 16:00:00+00:00,1.0040221389,1.0051806639
2024-06-18 16:30:00+00:00,1.0041810964,1.0051806639
2024-06-18 17:00:00+00:00,1.0040314894,1.0051806639
2024-06-18 17:30:00+00:00,1.0037977284,1.0051806639
2024-06-19 06:00:00+00:00,1.0039846954,1.0051806639
2024-06-19 06:30:00+00:00,1.0031900857,1.0051806639
2024-06-19 07:00:00+00:00,1.0030872538,1.0051806639
2024-06-19 07:30:00+00:00,1.0037042449,1.0051806639
2024-06-19 08:00:00+00:00,1.0038257735,1.0051806639
2024-06-19 08:30:00+00:00,1.0040501339,1.0051806639
2024-06-19 09:00:00+00:00,1.0041436173,1.0051806639
2024-06-19 09:30:00+00:00,1.0037509867,1.0051806639
2024-06-19 10:00:00+00:00,1.0042557976,1.0051806639
2024-06-19 10:30:00+00:00,1.0049662721,1.0051806639
2024-06-19 11:00:00+00:00,1.0049195304,1.0051806639
2024-06-19 11:30:00+00:00,1.0050223622,1.0051806639
2024-06-19 12:00:00+00:00,1.0044708096,1.0051806639
2024-06-19 12:30:00+00:00,1.0045736414,1.0051806639
2024-06-19 13:00:00+00:00,1.0041997074,1.0051806639
2024-06-19 13:30:00+00:00,1.0043679777,1.0051806639
2024-06-19 14:00:00+00:00,1.0049382271,1.0051806639
2024-06-19 14:30:00+00:00,1.0047793051,1.0051806639
2024-06-19 15:00:00+00:00,1.0043679778,1.0051806639
2024-06-19 15:30:00+00:00,1.0048914853,1.0051806639
2024-06-19 16:00:00+00:00,1.0047699568,1.0051806639
2024-06-19 16:30:00+00:00,1.0046764733,1.0051806639
2024-06-19 17:00:00+00:00,1.0045923382,1.0051806639
2024-06-19 17:30:00+00:00,1.0044427646,1.0051806639
2024-06-20 06:00:00+00:00,1.0044427646,1.0051806639
2024-06-20 06:30:00+00:00,1.0040124521,1.0047899406
2024-06-20 07:00:00+00:00,1.0040872891,1.0047841609
2024-06-20 07:30:00+00:00,1.0032640827,1.0047520325
2024-06-20 08:00:00+00:00,1.0023286208,1.0047520325
2024-06-20 08:30:00+00:00,1.0025250678,1.0047520325
2024-06-20 09:00:00+00:00,1.0023847485,1.0047520325
2024-06-20 09:30:00+00:00,1.0033202104,1.0047520325
2024-06-20 10:00:00+00:00,1.0034885935,1.0047520325
2024-06-20 10:30:00+00:00,1.0036289128,1.0047931599
2024-06-20 11:00:00+00:00,1.0036289128,1.0047289214
2024-06-20 11:30:00+00:00,1.0023473300,1.0028050548
2024-06-20 12:00:00+00:00,1.0032827919,1.0042092158
2024-06-20 12:30:00+00:00,1.0027495786,1.0034087638
2024-06-20 13:00:00+00:00,1.0031986003,1.0040828145
2024-06-20 13:30:00+00:00,1.0032453734,1.0041530368
2024-06-20 14:00:00+00:00,1.0036195581,1.0047148741
2024-06-20 14:30:00+00:00,1.0029834441,1.0037598131
2024-06-20 15:00:00+00:00,1.0024034577,1.0028892860
2024-06-20 15:30:00+00:00,1.0016363790,1.0022494655
2024-06-20 16:00:00+00:00,1.0017112160,1.0021852956
2024-06-20 16:30:00+00:00,1.0016176698,1.0021852956
2024-06-20 17:00:00+00:00,1.0015896059,1.0021852956
2024-06-20 17:30:00+00:00,1.0016083152,1.0021852956
2024-06-21 06:00:00+00:00,1.0016083152,1.0021852956
2024-06-21 06:30:00+00:00,1.0008606998,1.0021852956
2024-06-21 07:00:00+00:00,0.9998327287,1.0021852956
2024-06-21 07:30:00+00:00,0.9978795837,1.0021852956
2024-06-21 08:00:00+00:00,0.9984870212,1.0021852956
2024-06-21 08:30:00+00:00,0.9990944586,1.0021852956
2024-06-21 09:00:00+00:00,0.9987206510,1.0021852956
2024-06-21 09:30:00+00:00,0.9997486221,1.0021852956
2024-06-21 10:00:00+00:00,0.9989823163,1.0021852956
2024-06-21 10:30:00+00:00,0.9981599395,1.0021852956
2024-06-21 11:00:00+00:00,0.9986832702,1.0021852956
2024-06-21 11:30:00+00:00,0.9988982096,1.0021852956
2024-06-21 12:00:00+00:00,0.9993000529,1.0021852956
2024-06-21 12:30:00+00:00,0.9994495760,1.0021852956
2024-06-21 13:00:00+00:00,0.9992813625,1.0021852956
2024-06-21 13:30:00+00:00,0.9983188078,1.0021852956
2024-06-21 14:00:00+00:00,0.9995523731,1.0021852956
2024-06-21 14:30:00+00:00,0.9981973203,1.0021852956
2024-06-21 15:00:00+00:00,0.9984683309,1.0021852956
2024-06-21 15:30:00+00:00,0.9993561241,1.0021852956
2024-06-21 16:00:00+00:00,0.9990196972,1.0021852956
2024-06-21 16:30:00+00:00,0.9992066010,1.0021852956
2024-06-21 17:00:00+00:00,0.9992252914,1.0021852956
2024-06-21 17:30:00+00:00,0.9993000530,1.0021852956
2024-06-24 06:00:00+00:00,0.9997670680,1.0021852956
2024-06-24 06:30:00+00:00,0.9997297068,1.0021852956
2024-06-24 07:00:00+00:00,0.9998044292,1.0021852956
2024-06-24 07:30:00+00:00,1.0006076950,1.0021852956
2024-06-24 08:00:00+00:00,1.0007477995,1.0021852956
2024-06-24 08:30:00+00:00,1.0006824174,1.0021852956
2024-06-24 09:00:00+00:00,1.0017285311,1.0021852956
2024-06-24 09:30:00+00:00,1.0015323848,1.0021852956
2024-06-24 10:00:00+00:00,1.0014109608,1.0021852956
2024-06-24 10:30:00+00:00,1.0022515879,1.0021852956
2024-06-24 11:00:00+00:00,1.0020647819,1.0021852956
2024-06-24 11:30:00+00:00,1.0027653044,1.0021852956
2024-06-24 12:00:00+00:00,1.0021208237,1.0021852956
2024-06-24 12:30:00+00:00,1.0026438805,1.0021852956
2024-06-24 13:00:00+00:00,1.0029614507,1.0021852956
2024-06-24 13:30:00+00:00,1.0034097851,1.0021852956
2024-06-24 14:00:00+00:00,1.0024757551,1.0021852956
2024-06-24 14:30:00+00:00,1.0022235670,1.0021852956
2024-06-24 15:00:00+00:00,1.0020274207,1.0021852956
2024-06-24 15:30:00+00:00,1.0019433580,1.0021852956
2024-06-24 16:00:00+00:00,1.0019713789,1.0021852956
2024-06-24 16:30:00+00:00,1.0020180804,1.0021852956
2024-06-24 17:00:00+00:00,1.0016257878,1.0021852956
2024-06-24 17:30:00+00:00,1.0017472117,1.0021852956
2024-06-25 06:00:00+00:00,1.0011130587,1.0021852956
2024-06-25 06:30:00+00:00,1.0008426111,1.0021852956
2024-06-25 07:00:00+00:00,1.0001898066,1.0021852956
2024-06-25 07:30:00+00:00,1.0003763221,1.0021852956
2024-06-25 08:00:00+00:00,1.0006747471,1.0021852956
2024-06-25 08:30:00+00:00,1.0010664298,1.0021852956
2024-06-25 09:00:00+00:00,1.0004789057,1.0021852956
2024-06-25 09:30:00+00:00,1.0001618293,1.0021852956
2024-06-25 10:00:00+00:00,1.0004136253,1.0021852956
2024-06-25 10:30:00+00:00,1.0000405941,1.0021852956
2024-06-25 11:00:00+00:00,0.9992385771,1.0021852956
2024-06-25 11:30:00+00:00,0.9987536366,1.0021852956
2024-06-25 12:00:00+00:00,0.9987816139,1.0021852956
2024-06-25 12:30:00+00:00,0.9983339765,1.0021852956
2024-06-25 13:00:00+00:00,0.9982313930,1.0021852956
2024-06-25 13:30:00+00:00,0.9981008321,1.0021852956
2024-06-25 14:00:00+00:00,0.9973267924,1.0021852956
2024-06-25 14:30:00+00:00,0.9979236422,1.0021852956
2024-06-25 15:00:00+00:00,0.9983992570,1.0021852956
2024-06-25 15:30:00+00:00,0.9982500445,1.0021852956
2024-06-25 16:00:00+00:00,0.9985857725,1.0021852956
2024-06-25 16:30:00+00:00,0.9982966734,1.0021852956
2024-06-25 17:00:00+00:00,0.9989308264,1.0021852956
2024-06-25 17:30:00+00:00,0.9991359935,1.0021852956
2024-06-26 06:00:00+00:00,0.9989306366,1.0021852956
2024-06-26 06:30:00+00:00,0.9982958971,1.0021852956
2024-06-26 07:00:00+00:00,0.9976984952,1.0021852956
2024-06-26 07:30:00+00:00,0.9982212218,1.0021852956
2024-06-26 08:00:00+00:00,0.9987159453,1.0021852956
2024-06-26 08:30:00+00:00,0.9983052315,1.0021852956
2024-06-26 09:00:00+00:00,0.9985012540,1.0021852956
2024-06-26 09:30:00+00:00,0.9977451672,1.0021852956
2024-06-26 10:00:00+00:00,0.9971757685,1.0021852956
2024-06-26 10:30:00+00:00,0.9973811254,1.0021852956
2024-06-26 11:00:00+00:00,0.9970077493,1.0021852956
2024-06-26 11:30:00+00:00,0.9982398907,1.0021852956
2024-06-26 12:00:00+00:00,0.9975211415,1.0021852956
2024-06-26 12:30:00+00:00,0.9966530419,1.0021852956
2024-06-26 13:00:00+00:00,0.9960089680,1.0021852956
2024-06-26 13:30:00+00:00,0.9964383507,1.0021852956
2024-06-26 14:00:00+00:00,0.9973531223,1.0021852956
2024-06-26 14:30:00+00:00,0.9969330741,1.0021852956
2024-06-26 15:00:00+00:00,0.9971290966,1.0021852956
2024-06-26 15:30:00+00:00,0.9971010934,1.0021852956
2024-06-26 16:00:00+00:00,0.9974931384,1.0021852956
2024-06-26 16:30:00+00:00,0.9971104278,1.0021852956
2024-06-26 17:00:00+00:00,0.9977358329,1.0021852956
2024-06-26 17:30:00+00:00,0.9974464664,1.0021852956
2024-06-27 06:00:00+00:00,0.9975117455,1.0021852956
2024-06-27 06:30:00+00:00,0.9971853499,1.0021852956
2024-06-27 07:00:00+00:00,0.9971666987,1.0021852956
2024-06-27 07:30:00+00:00,0.9969242333,1.0021852956
2024-06-27 08:00:00+00:00,0.9963460467,1.0021852956
2024-06-27 08:30:00+00:00,0.9967377215,1.0021852956
2024-06-27 09:00:00+00:00,0.9974837687,1.0021852956
2024-06-27 09:30:00+00:00,0.9975863502,1.0021852956
2024-06-27 10:00:00+00:00,0.9974464664,1.0021852956
2024-06-27 10:30:00+00:00,0.9981925136,1.0021852956
2024-06-27 11:00:00+00:00,0.9978940947,1.0021852956
2024-06-27 11:30:00+00:00,0.9971666987,1.0021852956
2024-06-27 12:00:00+00:00,0.9980246530,1.0021852956
2024-06-27 12:30:00+00:00,0.9996473056,1.0021852956
2024-06-27 13:00:00+00:00,0.9997032592,1.0021852956
2024-06-27 13:30:00+00:00,0.9997592127,1.0021852956
2024-06-27 14:00:00+00:00,0.9989199096,1.0021852956
2024-06-27 14:30:00+00:00,0.9990131655,1.0021852956
2024-06-27 15:00:00+00:00,0.9979966762,1.0021852956
2024-06-27 15:30:00+00:00,0.9985002581,1.0021852956
2024-06-27 16:00:00+00:00,0.9983137463,1.0021852956
2024-06-27 16:30:00+00:00,0.9984722813,1.0021852956
2024-06-27 17:00:00+00:00,0.9983976766,1.0021852956
2024-06-27 17:30:00+00:00,0.9983417231,1.0021852956
2024-06-28 06:00:00+00:00,0.9989300596,1.0021852956
2024-06-28 06:30:00+00:00,0.9989580757,1.0021852956
2024-06-28 07:00:00+00:00,0.9991355105,1.0021852956
2024-06-28 07:30:00+00:00,0.9989580757,1.0021852956
2024-06-28 08:00:00+00:00,0.9986032060,1.0021852956
2024-06-28 08:30:00+00:00,0.9990327850,1.0021852956
2024-06-28 09:00:00+00:00,0.9988086568,1.0021852956
2024-06-28 09:30:00+00:00,1.0001160714,1.0021852956
2024-06-28 10:00:00+00:00,0.9997798790,1.0021852956
2024-06-28 10:30:00+00:00,1.0001347487,1.0021852956
2024-06-28 11:00:00+00:00,0.9995183962,1.0021852956
2024-06-28 11:30:00+00:00,0.9989860917,1.0021852956
2024-06-28 12:00:00+00:00,0.9996864923,1.0021852956
2024-06-28 12:30:00+00:00,0.9996771536,1.0021852956
2024-06-28 13:00:00+00:00,0.9989393983,1.0021852956
2024-06-28 13:30:00+00:00,0.9990888171,1.0021852956
2024-06-28 14:00:00+00:00,0.9993316226,1.0021852956
2024-06-28 14:30:00+00:00,1.0009565521,1.0021852956
2024-06-28 15:00:00+00:00,1.0006203598,1.0021852956
2024-06-28 15:30:00+00:00,1.0002841675,1.0021852956
2024-06-28 16:00:00+00:00,1.0010686162,1.0021852956
2024-06-28 16:30:00+00:00,1.0007324239,1.0021852956
2024-06-28 17:00:00+00:00,1.0009565521,1.0021852956
2024-06-28 17:30:00+00:00,1.0005923437,1.0021852956
2024-07-01 06:00:00+00:00,1.0024250156,1.0021852956
2024-07-01 06:30:00+00:00,1.0019226588,1.0021852956
2024-07-01 07:00:00+00:00,1.0008807337,1.0021852956
2024-07-01 07:30:00+00:00,1.0004807088,1.0021852956
2024-07-01 08:00:00+00:00,1.0012900614,1.0021852956
2024-07-01 08:30:00+00:00,1.0017738123,1.0021852956
2024-07-01 09:00:00+00:00,1.0011784265,1.0021852956
2024-07-01 09:30:00+00:00,1.0007318872,1.0021852956
2024-07-01 10:00:00+00:00,1.0003132566,1.0021852956
2024-07-01 10:30:00+00:00,0.9999504433,1.0021852956
2024-07-01 11:00:00+00:00,0.9998667172,1.0021852956
2024-07-01 11:30:00+00:00,0.9999876550,1.0021852956
2024-07-01 12:00:00+00:00,0.9993178459,1.0021852956
2024-07-01 12:30:00+00:00,0.9998946259,1.0021852956
2024-07-01 13:00:00+00:00,1.0005644349,1.0021852956
2024-07-01 13:30:00+00:00,1.0005458291,1.0021852956
2024-07-01 14:00:00+00:00,0.9995132069,1.0021852956
2024-07-01 14:30:00+00:00,0.9982108004,1.0021852956
2024-07-01 15:00:00+00:00,0.9975130827,1.0021852956
2024-07-01 15:30:00+00:00,0.9979131076,1.0021852956
2024-07-01 16:00:00+00:00,0.9981456801,1.0021852956
2024-07-01 16:30:00+00:00,0.9983410411,1.0021852956
2024-07-01 17:00:00+00:00,0.9984805846,1.0021852956
2024-07-01 17:30:00+00:00,0.9981456802,1.0021852956
2024-07-02 06:00:00+00:00,0.9983223925,1.0021852956
2024-07-02 06:30:00+00:00,0.9975039353,1.0021852956
2024-07-02 07:00:00+00:00,0.9966761775,1.0021852956
2024-07-02 07:30:00+00:00,0.9968621905,1.0021852956
2024-07-02 08:00:00+00:00,0.9965645698,1.0021852956
2024-07-02 08:30:00+00:00,0.9970947068,1.0021852956
2024-07-02 09:00:00+00:00,0.9966110730,1.0021852956
2024-07-02 09:30:00+00:00,0.9961832431,1.0021852956
2024-07-02 10:00:00+00:00,0.9968621905,1.0021852956
2024-07-02 10:30:00+00:00,0.9967691840,1.0021852956
2024-07-02 11:00:00+00:00,0.9968714912,1.0021852956
2024-07-02 11:30:00+00:00,0.9974016282,1.0021852956
2024-07-02 12:00:00+00:00,0.9977922554,1.0021852956
2024-07-02 12:30:00+00:00,0.9981270788,1.0021852956
2024-07-02 13:00:00+00:00,0.9984991048,1.0021852956
2024-07-02 13:30:00+00:00,0.9990943464,1.0021852956
2024-07-02 14:00:00+00:00,0.9980712750,1.0021852956
2024-07-02 14:30:00+00:00,0.9991966536,1.0021852956
2024-07-02 15:00:00+00:00,0.9986665166,1.0021852956
2024-07-02 15:30:00+00:00,0.9985549088,1.0021852956
2024-07-02 16:00:00+00:00,0.9981642815,1.0021852956
2024-07-02 16:30:00+00:00,0.9981549809,1.0021852956
2024-07-02 17:00:00+00:00,0.9984991049,1.0021852956
2024-07-02 17:30:00+00:00,0.9987409218,1.0021852956
2024-07-03 06:00:00+00:00,0.9986293161,1.0021852956
2024-07-03 06:30:00+00:00,0.9995221618,1.0021852956
2024-07-03 07:00:00+00:00,1.0002755003,1.0021852956
2024-07-03 07:30:00+00:00,1.0007033222,1.0021852956
2024-07-03 08:00:00+00:00,1.0007312237,1.0021852956
2024-07-03 08:30:00+00:00,1.0005731156,1.0021852956
2024-07-03 09:00:00+00:00,1.0006568199,1.0021852956
2024-07-03 09:30:00+00:00,1.0002941013,1.0021852956
2024-07-03 10:00:00+00:00,1.0007312237,1.0021852956
2024-07-03 10:30:00+00:00,1.0005824161,1.0021852956
2024-07-03 11:00:00+00:00,1.0004894113,1.0021852956
2024-07-03 11:30:00+00:00,1.0005080123,1.0021852956
2024-07-03 12:00:00+00:00,1.0013357547,1.0021852956
2024-07-03 12:30:00+00:00,1.0020890932,1.0021852956
2024-07-03 13:00:00+00:00,1.0028889341,1.0021852956
2024-07-03 13:30:00+00:00,1.0034655636,1.0021852956
2024-07-03 14:00:00+00:00,1.0047676303,1.0021852956
2024-07-03 14:30:00+00:00,1.0049908417,1.0021852956
2024-07-03 15:00:00+00:00,1.0044886160,1.0021852956
2024-07-03 15:30:00+00:00,1.0043398084,1.0021852956
2024-07-03 16:00:00+00:00,1.0041072965,1.0021852956
2024-07-03 16:30:00+00:00,1.0040607941,1.0021852956
2024-07-03 17:00:00+00:00,1.0030749436,1.0021852956
2024-07-03 17:30:00+00:00,1.0029354365,1.0021852956
2024-07-04 06:00:00+00:00,1.0027030668,1.0021852956
2024-07-04 06:30:00+00:00,1.0031492166,1.0021852956
2024-07-04 07:00:00+00:00,1.0031306270,1.0021852956
2024-07-04 07:30:00+00:00,1.0033258176,1.0021852956
2024-07-04 08:00:00+00:00,1.0041158745,1.0021852956
2024-07-04 08:30:00+00:00,1.0040229266,1.0021806971
2024-07-04 09:00:00+00:00,1.0036883143,1.0026111530
2024-07-04 09:30:00+00:00,1.0036325455,1.0026947221
2024-07-04 10:00:00+00:00,1.0033815863,1.0028120251
2024-07-04 10:30:00+00:00,1.0039392735,1.0027412793
2024-07-04 11:00:00+00:00,1.0035303029,1.0027412793
2024-07-04 11:30:00+00:00,1.0035581872,1.0027412793
2024-07-04 12:00:00+00:00,1.0037905569,1.0027412793
2024-07-04 12:30:00+00:00,1.0035767768,1.0027412793
2024-07-04 13:00:00+00:00,1.0035767768,1.0027412793
2024-07-04 13:30:00+00:00,1.0039392735,1.0027412793
2024-07-04 14:00:00+00:00,1.0041251692,1.0027412793
2024-07-04 14:30:00+00:00,1.0046177930,1.0027412793
2024-07-04 15:00:00+00:00,1.0049152262,1.0027412793
2024-07-04 15:30:00+00:00,1.0048408679,1.0027412793
2024-07-04 16:00:00+00:00,1.0051011219,1.0027412793
2024-07-04 16:30:00+00:00,1.0049709949,1.0027412793
2024-07-04 17:00:00+00:00,1.0048594574,1.0027412793
2024-07-04 17:30:00+00:00,1.0049152262,1.0027412793
2024-07-05 06:00:00+00:00,1.0049616572,1.0027412793
2024-07-05 06:30:00+00:00,1.0046923574,1.0028687173
2024-07-05 07:00:00+00:00,1.0051195225,1.0021554124
2024-07-05 07:30:00+00:00,1.0056116911,1.0014197869
2024-07-05 08:00:00+00:00,1.0053423913,1.0018221874
2024-07-05 08:30:00+00:00,1.0055188291,1.0015585153
2024-07-05 09:00:00+00:00,1.0054538257,1.0016556442
2024-07-05 09:30:00+00:00,1.0053609637,1.0017944270
2024-07-05 10:00:00+00:00,1.0052959603,1.0018915940
2024-07-05 10:30:00+00:00,1.0052030983,1.0020304313
2024-07-05 11:00:00+00:00,1.0049709434,1.0021334387
2024-07-05 11:30:00+00:00,1.0046737850,1.0020663062
2024-07-05 12:00:00+00:00,1.0053888223,1.0020663062
2024-07-05 12:30:00+00:00,1.0056581221,1.0020663062
2024-07-05 13:00:00+00:00,1.0055374015,1.0020663062
2024-07-05 13:30:00+00:00,1.0046923575,1.0020663062
2024-07-05 14:00:00+00:00,1.0043859129,1.0020663062
2024-07-05 14:30:00+00:00,1.0051473812,1.0020663062
2024-07-05 15:00:00+00:00,1.0055281153,1.0020663062
2024-07-05 15:30:00+00:00,1.0054816843,1.0020663062
2024-07-05 16:00:00+00:00,1.0054538258,1.0020663062
2024-07-05 16:30:00+00:00,1.0052866742,1.0020663062
2024-07-05 17:00:00+00:00,1.0055095429,1.0020663062
2024-07-05 17:30:00+00:00,1.0055095429,1.0020663062
2024-07-08 06:00:00+00:00,1.0049335007,1.0020663062
2024-07-08 06:30:00+00:00,1.0054537969,1.0020663062
2024-07-08 07:00:00+00:00,1.0062621142,1.0020663062
2024-07-08 07:30:00+00:00,1.0068567384,1.0020663062
2024-07-08 08:00:00+00:00,1.0067545374,1.0020663062
2024-07-08 08:30:00+00:00,1.0069961034,1.0020663062
2024-07-08 09:00:00+00:00,1.0072655425,1.0020663062
2024-07-08 09:30:00+00:00,1.0069775214,1.0020663062
2024-07-08 10:00:00+00:00,1.0066987914,1.0020663062
2024-07-08 10:30:00+00:00,1.0062063682,1.0020663062
2024-07-08 11:00:00+00:00,1.0061041671,1.0020663062
2024-07-08 11:30:00+00:00,1.0065501353,1.0020663062
2024-07-08 12:00:00+00:00,1.0071726325,1.0020663062
2024-07-08 12:30:00+00:00,1.0074978176,1.0020663062
2024-07-08 13:00:00+00:00,1.0075256906,1.0020663062
2024-07-08 13:30:00+00:00,1.0072562516,1.0020663062
2024-07-08 14:00:00+00:00,1.0070704315,1.0020663062
2024-07-08 14:30:00+00:00,1.0066523363,1.0020663062
2024-07-08 15:00:00+00:00,1.0065129713,1.0020663062
2024-07-08 15:30:00+00:00,1.0066616273,1.0020663062
2024-07-08 16:00:00+00:00,1.0064200613,1.0020663062
2024-07-08 16:30:00+00:00,1.0064386433,1.0020663062
2024-07-08 17:00:00+00:00,1.0062806962,1.0020663062
2024-07-08 17:30:00+00:00,1.0064014793,1.0020663062
2024-07-09 06:00:00+00:00,1.0064200667,1.0020663062
2024-07-09 06:30:00+00:00,1.0060483168,1.0020663062
2024-07-09 07:00:00+00:00,1.0062341918,1.0020663062
2024-07-09 07:30:00+00:00,1.0053512856,1.0020663062
2024-07-09 08:00:00+00:00,1.0054349293,1.0020663062
2024-07-09 08:30:00+00:00,1.0058159731,1.0020663062
2024-07-09 09:00:00+00:00,1.0057695043,1.0020663062
2024-07-09 09:30:00+00:00,1.0058345606,1.0020663062
2024-07-09 10:00:00+00:00,1.0059553793,1.0020663062
2024-07-09 10:30:00+00:00,1.0057880918,1.0020663062
2024-07-09 11:00:00+00:00,1.0053048169,1.0020663062
2024-07-09 11:30:00+00:00,1.0050074169,1.0020663062
2024-07-09 12:00:00+00:00,1.0051375294,1.0020663062
2024-07-09 12:30:00+00:00,1.0051839981,1.0020663062
2024-07-09 13:00:00+00:00,1.0056486856,1.0020663062
2024-07-09 13:30:00+00:00,1.0057695043,1.0020663062
2024-07-09 14:00:00+00:00,1.0051932918,1.0020663062
2024-07-09 14:30:00+00:00,1.0051747044,1.0020663062
2024-07-09 15:00:00+00:00,1.0045241419,1.0020663062
2024-07-09 15:30:00+00:00,1.0049051857,1.0020663062
2024-07-09 16:00:00+00:00,1.0047007232,1.0020663062
2024-07-09 16:30:00+00:00,1.0046635482,1.0020663062
2024-07-09 17:00:00+00:00,1.0043940295,1.0020663062
2024-07-09 17:30:00+00:00,1.0045799045,1.0020663062
2024-07-10 06:00:00+00:00,1.0047284890,1.0020663062
2024-07-10 06:30:00+00:00,1.0049977984,1.0018012783
2024-07-10 07:00:00+00:00,1.0049885119,1.0017411247
2024-07-10 07:30:00+00:00,1.0044498930,1.0020733515
2024-07-10 08:00:00+00:00,1.0043941738,1.0020062066
2024-07-10 08:30:00+00:00,1.0043663142,1.0019564348
2024-07-10 09:00:00+00:00,1.0049977984,1.0009417125
2024-07-10 09:30:00+00:00,1.0046913429,1.0013997152
2024-07-10 10:00:00+00:00,1.0047934947,1.0012470088
2024-07-10 10:30:00+00:00,1.0049513658,1.0010110844
2024-07-10 11:00:00+00:00,1.0050535176,1.0008584768
2024-07-10 11:30:00+00:00,1.0053414001,1.0005765199
2024-07-10 12:00:00+00:00,1.0052578213,1.0006383383
2024-07-10 12:30:00+00:00,1.0054621250,1.0002981491
2024-07-10 13:00:00+00:00,1.0051742425,1.0007279088
2024-07-10 13:30:00+00:00,1.0050442311,1.0009220947
2024-07-10 14:00:00+00:00,1.0053692597,1.0006158567
2024-07-10 14:30:00+00:00,1.0051185233,1.0005488470
2024-07-10 15:00:00+00:00,1.0053599732,1.0005488470
2024-07-10 15:30:00+00:00,1.0050163715,1.0005488470
2024-07-10 16:00:00+00:00,1.0052856809,1.0005488470
2024-07-10 16:30:00+00:00,1.0054528385,1.0005488470
2024-07-10 17:00:00+00:00,1.0050349445,1.0005488470
2024-07-10 17:30:00+00:00,1.0050070849,1.0005488470
2024-07-11 06:00:00+00:00,1.0052297107,1.0005488470
2024-07-11 06:30:00+00:00,1.0049885328,1.0006619605
2024-07-11 07:00:00+00:00,1.0052297107,1.0005384512
2024-07-11 07:30:00+00:00,1.0054801648,1.0005032563
2024-07-11 08:00:00+00:00,1.0055636494,1.0005032563
2024-07-11 08:30:00+00:00,1.0062129747,1.0005032563
2024-07-11 09:00:00+00:00,1.0061573182,1.0004778710
2024-07-11 09:30:00+00:00,1.0061573182,1.0004075240
2024-07-11 10:00:00+00:00,1.0064356005,0.9999926295
2024-07-11 10:30:00+00:00,1.0063428397,1.0001308958
2024-07-11 11:00:00+00:00,1.0065469134,0.9999119774
2024-07-11 11:30:00+00:00,1.0068994043,0.9998451652
2024-07-11 12:00:00+00:00,1.0062686312,0.9998451652
2024-07-11 12:30:00+00:00,1.0098770244,0.9998451652
2024-07-11 13:00:00+00:00,1.0096080182,0.9998451652
2024-07-11 13:30:00+00:00,1.0098491961,0.9998451652
2024-07-11 14:00:00+00:00,1.0084392327,0.9998451652
2024-07-11 14:30:00+00:00,1.0090978340,0.9998451652
2024-07-11 15:00:00+00:00,1.0082722633,0.9998451652
2024-07-11 15:30:00+00:00,1.0082908155,0.9998451652
2024-07-11 16:00:00+00:00,1.0080681897,0.9998451652
2024-07-11 16:30:00+00:00,1.0080218093,0.9998451652
2024-07-11 17:00:00+00:00,1.0078641160,0.9998451652
2024-07-11 17:30:00+00:00,1.0074559687,0.9998451652
2024-07-12 06:00:00+00:00,1.0072520603,0.9998451652
2024-07-12 06:30:00+00:00,1.0070296147,0.9998451652
2024-07-12 07:00:00+00:00,1.0073354774,0.9998451652
2024-07-12 07:30:00+00:00,1.0080028141,0.9998451652
2024-07-12 08:00:00+00:00,1.0086979565,0.9998451652
2024-07-12 08:30:00+00:00,1.0090501620,0.9998451652
2024-07-12 09:00:00+00:00,1.0087442993,0.9998451652
2024-07-12 09:30:00+00:00,1.0089018650,0.9998451652
2024-07-12 10:00:00+00:00,1.0092448019,0.9998451652
2024-07-12 10:30:00+00:00,1.0093467561,0.9998451652
2024-07-12 11:00:00+00:00,1.0093652932,0.9998451652
2024-07-12 11:30:00+00:00,1.0091243105,0.9998451652
2024-07-12 12:00:00+00:00,1.0090872363,0.9998451652
2024-07-12 12:30:00+00:00,1.0093838303,0.9998451652
2024-07-12 13:00:00+00:00,1.0097545729,0.9998451652
2024-07-12 13:30:00+00:00,1.0100140928,0.9998451652
2024-07-12 14:00:00+00:00,1.0101531213,0.9998451652
2024-07-12 14:30:00+00:00,1.0111263206,0.9998451652
2024-07-12 15:00:00+00:00,1.0109224121,0.9998451652
2024-07-12 15:30:00+00:00,1.0103848353,0.9998451652
2024-07-12 16:00:00+00:00,1.0104682524,0.9998451652
2024-07-12 16:30:00+00:00,1.0107092351,0.9998451652
2024-07-12 17:00:00+00:00,1.0105702066,0.9998451652
2024-07-12 17:30:00+00:00,1.0108760693,0.9998451652
2024-07-15 06:00:00+00:00,1.0102358221,0.9998451652
2024-07-15 06:30:00+00:00,1.0104121221,0.9998451652
2024-07-15 07:00:00+00:00,1.0103471695,0.9998451652
2024-07-15 07:30:00+00:00,1.0109966956,0.9998451652
2024-07-15 08:00:00+00:00,1.0118318006,0.9998451652
2024-07-15 08:30:00+00:00,1.0121844005,0.9998451652
2024-07-15 09:00:00+00:00,1.0122957479,0.9998451652
2024-07-15 09:30:00+00:00,1.0125926741,0.9998451652
2024-07-15 10:00:00+00:00,1.0125926741,0.9998451652
2024-07-15 10:30:00+00:00,1.0123143057,0.9998451652
2024-07-15 11:00:00+00:00,1.0123792584,0.9998451652
2024-07-15 11:30:00+00:00,1.0119245901,0.9998451652
2024-07-15 12:00:00+00:00,1.0117761269,0.9998451652
2024-07-15 12:30:00+00:00,1.0120916111,0.9998451652
2024-07-15 13:00:00+00:00,1.0128524846,0.9998451652
2024-07-15 13:30:00+00:00,1.0128153688,0.9998451652
2024-07-15 14:00:00+00:00,1.0130380635,0.9998451652
2024-07-15 14:30:00+00:00,1.0130009477,0.9998451652
2024-07-15 15:00:00+00:00,1.0126297899,0.9998451652
2024-07-15 15:30:00+00:00,1.0125091636,0.9998451652
2024-07-15 16:00:00+00:00,1.0118874743,0.9998451652
2024-07-15 16:30:00+00:00,1.0119895427,0.9998451652
2024-07-15 17:00:00+00:00,1.0112379481,0.9998451652
2024-07-15 17:30:00+00:00,1.0109224640,0.9998451652
2024-07-16 06:00:00+00:00,1.0107182110,0.9998451652
2024-07-16 06:30:00+00:00,1.0109224640,0.9998451652
2024-07-16 07:00:00+00:00,1.0116280654,0.9992555063
2024-07-16 07:30:00+00:00,1.0119158764,0.9987592564
2024-07-16 08:00:00+00:00,1.0117951815,0.9989379716
2024-07-16 08:30:00+00:00,1.0120180029,0.9986080774
2024-07-16 09:00:00+00:00,1.0120365714,0.9985805944
2024-07-16 09:30:00+00:00,1.0117951815,0.9989379716
2024-07-16 10:00:00+00:00,1.0120458556,0.9985668534
2024-07-16 10:30:00+00:00,1.0118880237,0.9988004936
2024-07-16 11:00:00+00:00,1.0116187811,0.9991992667
2024-07-16 11:30:00+00:00,1.0121758348,0.9983745122
2024-07-16 12:00:00+00:00,1.0122965298,0.9981959649
2024-07-16 12:30:00+00:00,1.0101890099,1.0005039918
2024-07-16 13:00:00+00:00,1.0099569042,1.0006396108
2024-07-16 13:30:00+00:00,1.0104211156,1.0004321108
2024-07-16 14:00:00+00:00,1.0099197673,1.0003987416
2024-07-16 14:30:00+00:00,1.0099940411,1.0003987416
2024-07-16 15:00:00+00:00,1.0103282733,1.0003987416
2024-07-16 15:30:00+00:00,1.0105510948,1.0001631621
2024-07-16 16:00:00+00:00,1.0103282733,1.0004273292
2024-07-16 16:30:00+00:00,1.0109503166,0.9995041186
2024-07-16 17:00:00+00:00,1.0109596008,0.9994903501
2024-07-16 17:30:00+00:00,1.0112474119,0.9992138415
2024-07-17 06:00:00+00:00,1.0110341174,0.9991473009
2024-07-17 06:30:00+00:00,1.0106075286,0.9991473009
2024-07-17 07:00:00+00:00,1.0114143380,0.9984795633
2024-07-17 07:30:00+00:00,1.0116276324,0.9980973562
2024-07-17 08:00:00+00:00,1.0120171266,0.9975212063
2024-07-17 08:30:00+00:00,1.0147250385,0.9954579305
2024-07-17 09:00:00+00:00,1.0145210178,0.9953918166
2024-07-17 09:30:00+00:00,1.0149012382,0.9953918166
2024-07-17 10:00:00+00:00,1.0148548699,0.9953918166
2024-07-17 10:30:00+00:00,1.0136863874,0.9953918166
2024-07-17 11:00:00+00:00,1.0146601227,0.9953918166
2024-07-17 11:30:00+00:00,1.0140573341,0.9953918166
2024-07-17 12:00:00+00:00,1.0142057129,0.9953918166
2024-07-17 12:30:00+00:00,1.0147806804,0.9953918166
2024-07-17 13:00:00+00:00,1.0144282809,0.9953918166
2024-07-17 13:30:00+00:00,1.0144282809,0.9953918166
2024-07-17 14:00:00+00:00,1.0142891759,0.9953918166
2024-07-17 14:30:00+00:00,1.0138533134,0.9953918166
2024-07-17 15:00:00+00:00,1.0139460501,0.9953918166
2024-07-17 15:30:00+00:00,1.0138533134,0.9953918166
2024-07-17 16:00:00+00:00,1.0131392407,0.9953918166
2024-07-17 16:30:00+00:00,1.0135843769,0.9953918166
2024-07-17 17:00:00+00:00,1.0139645974,0.9953918166
2024-07-17 17:30:00+00:00,1.0137327556,0.9953918166
2024-07-18 06:00:00+00:00,1.0132044367,0.9953918166
2024-07-18 06:30:00+00:00,1.0131858992,0.9953918166
2024-07-18 07:00:00+00:00,1.0130005242,0.9953918166
2024-07-18 07:30:00+00:00,1.0132137055,0.9953918166
2024-07-18 08:00:00+00:00,1.0135288431,0.9953918166
2024-07-18 08:30:00+00:00,1.0131488242,0.9953918166
2024-07-18 09:00:00+00:00,1.0130005242,0.9953918166
2024-07-18 09:30:00+00:00,1.0131673617,0.9953918166
2024-07-18 10:00:00+00:00,1.0131210179,0.9953918166
2024-07-18 10:30:00+00:00,1.0133527368,0.9953918166
2024-07-18 11:00:00+00:00,1.0131488242,0.9953918166
2024-07-18 11:30:00+00:00,1.0128522241,0.9953918166
2024-07-18 12:00:00+00:00,1.0131488242,0.9953918166
2024-07-18 12:30:00+00:00,1.0129356429,0.9953918166
2024-07-18 13:00:00+00:00,1.0117028988,0.9953918166
2024-07-18 13:30:00+00:00,1.0113506862,0.9953918166
2024-07-18 14:00:00+00:00,1.0112394611,0.9953918166
2024-07-18 14:30:00+00:00,1.0116658238,0.9953918166
2024-07-18 15:00:00+00:00,1.0108965173,0.9953918166
2024-07-18 15:30:00+00:00,1.0114248362,0.9953918166
2024-07-18 16:00:00+00:00,1.0117677801,0.9953918166
2024-07-18 16:30:00+00:00,1.0117770488,0.9953918166
2024-07-18 17:00:00+00:00,1.0113692237,0.9953918166
2024-07-18 17:30:00+00:00,1.0109428611,0.9953918166
2024-07-19 06:00:00+00:00,1.0107107571,0.9953918166
2024-07-19 06:30:00+00:00,1.0105993472,0.9953918166
2024-07-19 07:00:00+00:00,1.0110171344,0.9953918166
2024-07-19 07:30:00+00:00,1.0108500195,0.9953918166
2024-07-19 08:00:00+00:00,1.0102001283,0.9953918166
2024-07-19 08:30:00+00:00,1.0100422976,0.9953918166
2024-07-19 09:00:00+00:00,1.0101072867,0.9953918166
2024-07-19 09:30:00+00:00,1.0101537075,0.9953918166
2024-07-19 10:00:00+00:00,1.0106179155,0.9953918166
2024-07-19 10:30:00+00:00,1.0104972214,0.9953918166
2024-07-19 11:00:00+00:00,1.0111192601,0.9953918166
2024-07-19 11:30:00+00:00,1.0113420799,0.9953918166
2024-07-19 12:00:00+00:00,1.0109521452,0.9953918166
2024-07-19 12:30:00+00:00,1.0109521452,0.9953918166
2024-07-19 13:00:00+00:00,1.0108593036,0.9953918166
2024-07-19 13:30:00+00:00,1.0102651174,0.9953918166
2024-07-19 14:00:00+00:00,1.0106921888,0.9953918166
2024-07-19 14:30:00+00:00,1.0110264185,0.9953918166
2024-07-19 15:00:00+00:00,1.0106457680,0.9953918166
2024-07-19 15:30:00+00:00,1.0108593037,0.9953918166
2024-07-19 16:00:00+00:00,1.0109150086,0.9953918166
2024-07-19 16:30:00+00:00,1.0105807789,0.9953918166
2024-07-19 17:00:00+00:00,1.0102836858,0.9953918166
2024-07-19 17:30:00+00:00,1.0104786531,0.9953918166
2024-07-22 06:00:00+00:00,1.0103301189,0.9953918166
2024-07-22 06:30:00+00:00,1.0101258842,0.9953918166
2024-07-22 07:00:00+00:00,1.0106921712,0.9953918166
2024-07-22 07:30:00+00:00,1.0107014545,0.9953918166
2024-07-22 08:00:00+00:00,1.0109428227,0.9953918166
2024-07-22 08:30:00+00:00,1.0107850051,0.9953918166
2024-07-22 09:00:00+00:00,1.0112398913,0.9953918166
2024-07-22 09:30:00+00:00,1.0111284906,0.9953918166
2024-07-22 10:00:00+00:00,1.0109056892,0.9953918166
2024-07-22 10:30:00+00:00,1.0109056892,0.9953918166
2024-07-22 11:00:00+00:00,1.0105529203,0.9953918166
2024-07-22 11:30:00+00:00,1.0105622037,0.9953918166
2024-07-22 12:00:00+00:00,1.0105807704,0.9953918166
2024-07-22 12:30:00+00:00,1.0098473825,0.9953918166
2024-07-22 13:00:00+00:00,1.0100516171,0.9953918166
2024-07-22 13:30:00+00:00,1.0100887507,0.9953918166
2024-07-22 14:00:00+00:00,1.0099309330,0.9953918166
2024-07-22 14:30:00+00:00,1.0104508029,0.9953918166
2024-07-22 15:00:00+00:00,1.0102280015,0.9953918166
2024-07-22 15:30:00+00:00,1.0100237669,0.9953918166
2024-07-22 16:00:00+00:00,1.0103301188,0.9953918166
2024-07-22 16:30:00+00:00,1.0106271874,0.9953918166
2024-07-22 17:00:00+00:00,1.0108685555,0.9953918166
2024-07-22 17:30:00+00:00,1.0109985230,0.9953918166
2024-07-23 06:00:00+00:00,1.0104043750,0.9953918166
2024-07-23 06:30:00+00:00,1.0105157778,0.9953918166
2024-07-23 07:00:00+00:00,1.0097359585,0.9959018716
2024-07-23 07:30:00+00:00,1.0096988243,0.9958834984
2024-07-23 08:00:00+00:00,1.0096431229,0.9959659130
2024-07-23 08:30:00+00:00,1.0098473613,0.9956637819
2024-07-23 09:00:00+00:00,1.0094760188,0.9962132248
2024-07-23 09:30:00+00:00,1.0088818708,0.9968399969
2024-07-23 10:00:00+00:00,1.0079535145,0.9974951871
2024-07-23 10:30:00+00:00,1.0083434242,0.9972058870
2024-07-23 11:00:00+00:00,1.0087704680,0.9968892591
2024-07-23 11:30:00+00:00,1.0079163803,0.9975227497
2024-07-23 12:00:00+00:00,1.0083062899,0.9972334310
2024-07-23 12:30:00+00:00,1.0078328282,0.9975847721
2024-07-23 13:00:00+00:00,1.0073315158,0.9977392954
2024-07-23 13:30:00+00:00,1.0071922624,0.9977059480
2024-07-23 14:00:00+00:00,1.0074707693,0.9977059480
2024-07-23 14:30:00+00:00,1.0067837857,0.9977059480
2024-07-23 15:00:00+00:00,1.0076193063,0.9977059480
2024-07-23 15:30:00+00:00,1.0076750077,0.9977059480
2024-07-23 16:00:00+00:00,1.0076007392,0.9977059480
2024-07-23 16:30:00+00:00,1.0075914556,0.9977059480
2024-07-23 17:00:00+00:00,1.0076378734,0.9976082579
2024-07-23 17:30:00+00:00,1.0075450378,0.9976093917
2024-07-24 06:00:00+00:00,1.0069415896,0.9975760414
2024-07-24 06:30:00+00:00,1.0066723588,0.9975760414
2024-07-24 07:00:00+00:00,1.0070158601,0.9975760414
2024-07-24 07:30:00+00:00,1.0053726242,0.9975760414
2024-07-24 08:00:00+00:00,1.0055490167,0.9975760414
2024-07-24 08:30:00+00:00,1.0059110857,0.9975760414
2024-07-24 09:00:00+00:00,1.0059203695,0.9975760414
2024-07-24 09:30:00+00:00,1.0064402633,0.9975760414
2024-07-24 10:00:00+00:00,1.0068301837,0.9975760414
2024-07-24 10:30:00+00:00,1.0066073721,0.9975760414
2024-07-24 11:00:00+00:00,1.0064216957,0.9975760414
2024-07-24 11:30:00+00:00,1.0069415896,0.9975760414
2024-07-24 12:00:00+00:00,1.0070344278,0.9975760414
2024-07-24 12:30:00+00:00,1.0080649317,0.9975760414
2024-07-24 13:00:00+00:00,1.0077957009,0.9975760414
2024-07-24 13:30:00+00:00,1.0077028627,0.9975760414
2024-07-24 14:00:00+00:00,1.0086498123,0.9975760414
2024-07-24 14:30:00+00:00,1.0076471599,0.9975760414
2024-07-24 15:00:00+00:00,1.0078792553,0.9975760414
2024-07-24 15:30:00+00:00,1.0075543217,0.9975760414
2024-07-24 16:00:00+00:00,1.0071644013,0.9975760414
2024-07-24 16:30:00+00:00,1.0073872129,0.9975760414
2024-07-24 17:00:00+00:00,1.0073129424,0.9975760414
2024-07-24 17:30:00+00:00,1.0069601573,0.9975760414
2024-07-25 06:00:00+00:00,1.0062916483,0.9975760414
2024-07-25 06:30:00+00:00,1.0059945332,0.9975760414
2024-07-25 07:00:00+00:00,1.0060595271,0.9975760414
2024-07-25 07:30:00+00:00,1.0073315511,0.9975760414
2024-07-25 08:00:00+00:00,1.0068673088,0.9975760414
2024-07-25 08:30:00+00:00,1.0070530057,0.9975760414
2024-07-25 09:00:00+00:00,1.0075543874,0.9975760414
2024-07-25 09:30:00+00:00,1.0075543874,0.9975760414
2024-07-25 10:00:00+00:00,1.0076472359,0.9975760414
2024-07-25 10:30:00+00:00,1.0075358177,0.9975760414
2024-07-25 11:00:00+00:00,1.0074801086,0.9975760414
2024-07-25 11:30:00+00:00,1.0070158663,0.9975760414
2024-07-25 12:00:00+00:00,1.0075451025,0.9975760414
2024-07-25 12:30:00+00:00,1.0073872602,0.9975760414
2024-07-25 13:00:00+00:00,1.0064959149,0.9975760414
2024-07-25 13:30:00+00:00,1.0063937816,0.9975760414
2024-07-25 14:00:00+00:00,1.0073872602,0.9975760414
2024-07-25 14:30:00+00:00,1.0078422176,0.9975760414
2024-07-25 15:00:00+00:00,1.0081393327,0.9975760414
2024-07-25 15:30:00+00:00,1.0083343145,0.9975760414
2024-07-25 16:00:00+00:00,1.0084457326,0.9975760414
2024-07-25 16:30:00+00:00,1.0085200114,0.9975760414
2024-07-25 17:00:00+00:00,1.0082136115,0.9975760414
2024-07-25 17:30:00+00:00,1.0078143631,0.9975760414
2024-07-26 06:00:00+00:00,1.0073502448,0.9975760414
2024-07-26 06:30:00+00:00,1.0073595272,0.9975760414
2024-07-26 07:00:00+00:00,1.0074152214,0.9975760414
2024-07-26 07:30:00+00:00,1.0070624914,0.9975760414
2024-07-26 08:00:00+00:00,1.0069325383,0.9975760414
2024-07-26 08:30:00+00:00,1.0072852682,0.9975760414
2024-07-26 09:00:00+00:00,1.0074709155,0.9975760414
2024-07-26 09:30:00+00:00,1.0075080450,0.9975760414
2024-07-26 10:00:00+00:00,1.0077122571,0.9975760414
2024-07-26 10:30:00+00:00,1.0077122571,0.9975760414
2024-07-26 11:00:00+00:00,1.0077308218,0.9975760414
2024-07-26 11:30:00+00:00,1.0081670930,0.9975760414
2024-07-26 12:00:00+00:00,1.0075451745,0.9975760414
2024-07-26 12:30:00+00:00,1.0081392460,0.9975760414
2024-07-26 13:00:00+00:00,1.0083805875,0.9975760414
2024-07-26 13:30:00+00:00,1.0085755172,0.9975760414
2024-07-26 14:00:00+00:00,1.0080092928,0.9975760414
2024-07-26 14:30:00+00:00,1.0076751277,0.9975760414
2024-07-26 15:00:00+00:00,1.0074894803,0.9975760414
2024-07-26 15:30:00+00:00,1.0078793397,0.9975760414
2024-07-26 16:00:00+00:00,1.0084455641,0.9975760414
2024-07-26 16:30:00+00:00,1.0085662348,0.9975760414
2024-07-26 17:00:00+00:00,1.0082135049,0.9975760414
2024-07-26 17:30:00+00:00,1.0081206813,0.9975782970
2024-07-29 06:00:00+00:00,1.0082228023,0.9975088121
2024-07-29 06:30:00+00:00,1.0080278439,0.9976396904
2024-07-29 07:00:00+00:00,1.0073779825,0.9985551571
2024-07-29 07:30:00+00:00,1.0067931073,0.9991726468
2024-07-29 08:00:00+00:00,1.0062267996,0.9995609355
2024-07-29 08:30:00+00:00,1.0056326405,1.0000038316
2024-07-29 09:00:00+00:00,1.0052705749,1.0002739460
2024-07-29 09:30:00+00:00,1.0060968272,0.9996577800
2024-07-29 10:00:00+00:00,1.0060782598,0.9996716167
2024-07-29 10:30:00+00:00,1.0059761387,0.9997477265
2024-07-29 11:00:00+00:00,1.0053912634,1.0001838889
2024-07-29 11:30:00+00:00,1.0043050666,1.0009950840
2024-07-29 12:00:00+00:00,1.0044071877,1.0009187524
2024-07-29 12:30:00+00:00,1.0041472431,1.0011130777
2024-07-29 13:00:00+00:00,1.0040915407,1.0011547303
2024-07-29 13:30:00+00:00,1.0037387588,1.0014186240
2024-07-29 14:00:00+00:00,1.0034231119,1.0016548770
2024-07-29 14:30:00+00:00,1.0040729733,1.0011686154
2024-07-29 15:00:00+00:00,1.0047135509,1.0006898391
2024-07-29 15:30:00+00:00,1.0043979039,1.0009256911
2024-07-29 16:00:00+00:00,1.0042493642,1.0010367252
2024-07-29 16:30:00+00:00,1.0046392810,1.0007453221
2024-07-29 17:00:00+00:00,1.0047321183,1.0006759695
2024-07-29 17:30:00+00:00,1.0049642117,1.0005540659
2024-07-30 06:00:00+00:00,1.0052242644,1.0005222956
2024-07-30 06:30:00+00:00,1.0051685388,1.0004934200
2024-07-30 07:00:00+00:00,1.0052707023,1.0002739174
2024-07-30 07:30:00+00:00,1.0048156102,1.0009535471
2024-07-30 08:00:00+00:00,1.0058836837,0.9993597126
2024-07-30 08:30:00+00:00,1.0057350821,0.9995812101
2024-07-30 09:00:00+00:00,1.0061065859,0.9992374997
2024-07-30 09:30:00+00:00,1.0060137100,0.9993095692
2024-07-30 10:00:00+00:00,1.0063109130,0.9988352084
2024-07-30 10:30:00+00:00,1.0061623115,0.9990564956
2024-07-30 11:00:00+00:00,1.0057536573,0.9996654570
2024-07-30 11:30:00+00:00,1.0053078528,1.0001272328
2024-07-30 12:00:00+00:00,1.0045184072,1.0006848783
2024-07-30 12:30:00+00:00,1.0032460067,1.0016365917
2024-07-30 13:00:00+00:00,1.0043419429,1.0008167417
2024-07-30 13:30:00+00:00,1.0040633151,1.0010250296
2024-07-30 14:00:00+00:00,1.0033388827,1.0012624268
2024-07-30 14:30:00+00:00,1.0035432097,1.0010209580
2024-07-30 15:00:00+00:00,1.0033946082,1.0010484864
2024-07-30 15:30:00+00:00,1.0038775632,1.0010043722
2024-07-30 16:00:00+00:00,1.0043047925,1.0010043722
2024-07-30 16:30:00+00:00,1.0043419429,1.0010043722
2024-07-30 17:00:00+00:00,1.0043233677,1.0010043722
2024-07-30 17:30:00+00:00,1.0043976685,1.0010043722
2024-07-31 06:00:00+00:00,1.0039430262,1.0010043722
2024-07-31 06:30:00+00:00,1.0044162253,1.0005801885
2024-07-31 07:00:00+00:00,1.0039708614,1.0011824558
2024-07-31 07:30:00+00:00,1.0037389011,1.0014092043
2024-07-31 08:00:00+00:00,1.0035718896,1.0014552182
2024-07-31 08:30:00+00:00,1.0042121002,1.0014023149
2024-07-31 09:00:00+00:00,1.0045182879,1.0014023149
2024-07-31 09:30:00+00:00,1.0044811742,1.0014023149
2024-07-31 10:00:00+00:00,1.0049543734,1.0014023149
2024-07-31 10:30:00+00:00,1.0051492201,1.0014023149
2024-07-31 11:00:00+00:00,1.0054090157,1.0011412496
2024-07-31 11:30:00+00:00,1.0046945778,1.0013763707
2024-07-31 12:00:00+00:00,1.0059749991,1.0013376896
2024-07-31 12:30:00+00:00,1.0058822149,1.0013376896
2024-07-31 13:00:00+00:00,1.0063461356,1.0013376896
2024-07-31 13:30:00+00:00,1.0060677832,1.0013376896
2024-07-31 14:00:00+00:00,1.0057615955,1.0013376896
2024-07-31 14:30:00+00:00,1.0040822024,1.0013376896
2024-07-31 15:00:00+00:00,1.0039801399,1.0013376896
2024-07-31 15:30:00+00:00,1.0042213787,1.0013376896
2024-07-31 16:00:00+00:00,1.0027925028,1.0013376896
2024-07-31 16:30:00+00:00,1.0029316790,1.0013376896
2024-07-31 17:00:00+00:00,1.0029409574,1.0013376896
2024-07-31 17:30:00+00:00,1.0036461169,1.0013376896
2024-08-01 06:00:00+00:00,1.0027469752,1.0013376896
2024-08-01 06:30:00+00:00,1.0026172022,1.0013376896
2024-08-01 07:00:00+00:00,1.0019312590,1.0013376896
2024-08-01 07:30:00+00:00,1.0012175073,1.0013376896
2024-08-01 08:00:00+00:00,0.9996602309,1.0013376896
2024-08-01 08:30:00+00:00,0.9996695004,1.0013376896
2024-08-01 09:00:00+00:00,0.9994563019,1.0013376896
2024-08-01 09:30:00+00:00,0.9990577132,1.0013376896
2024-08-01 10:00:00+00:00,0.9999383160,1.0013376896
2024-08-01 10:30:00+00:00,0.9996602309,1.0013376896
2024-08-01 11:00:00+00:00,1.0002905571,1.0013376896
2024-08-01 11:30:00+00:00,1.0003461741,1.0013376896
2024-08-01 12:00:00+00:00,1.0002998266,1.0013376896
2024-08-01 12:30:00+00:00,1.0007818407,1.0013376896
2024-08-01 13:00:00+00:00,1.0003647131,1.0013376896
2024-08-01 13:30:00+00:00,1.0014399754,1.0013376896
2024-08-01 14:00:00+00:00,1.0011711598,1.0013376896
2024-08-01 14:30:00+00:00,1.0003925216,1.0013376896
2024-08-01 15:00:00+00:00,0.9997158479,1.0013376896
2024-08-01 15:30:00+00:00,1.0000680890,1.0013376896
2024-08-01 16:00:00+00:00,1.0002720181,1.0013376896
2024-08-01 16:30:00+00:00,0.9998270820,1.0013376896
2024-08-01 17:00:00+00:00,1.0001051670,1.0013376896
2024-08-01 17:30:00+00:00,1.0003276351,1.0013376896
2024-08-02 06:00:00+00:00,1.0003091177,1.0013376896
2024-08-02 06:30:00+00:00,0.9996054571,1.0013376896
2024-08-02 07:00:00+00:00,0.9995313876,1.0013376896
2024-08-02 07:30:00+00:00,1.0003276351,1.0013376896
2024-08-02 08:00:00+00:00,1.0008831566,1.0013376896
2024-08-02 08:30:00+00:00,1.0012905391,1.0013376896
2024-08-02 09:00:00+00:00,1.0019571649,1.0013376896
2024-08-02 09:30:00+00:00,1.0018090259,1.0013376896
2024-08-02 10:00:00+00:00,1.0016053346,1.0013376896
2024-08-02 10:30:00+00:00,1.0020682692,1.0013376896
2024-08-02 11:00:00+00:00,1.0033089340,1.0013376896
2024-08-02 11:30:00+00:00,1.0028459993,1.0013376896
2024-08-02 12:00:00+00:00,1.0029756210,1.0013376896
2024-08-02 12:30:00+00:00,1.0083734385,1.0013376896
2024-08-02 13:00:00+00:00,1.0086604580,1.0013376896
2024-08-02 13:30:00+00:00,1.0097159490,1.0013376896
2024-08-02 14:00:00+00:00,1.0107158877,1.0013376896
2024-08-02 14:30:00+00:00,1.0112714092,1.0013376896
2024-08-02 15:00:00+00:00,1.0112158571,1.0013376896
2024-08-02 15:30:00+00:00,1.0104288683,1.0013376896
2024-08-02 16:00:00+00:00,1.0103733161,1.0013376896
2024-08-02 16:30:00+00:00,1.0103177640,1.0013376896
2024-08-02 17:00:00+00:00,1.0101233314,1.0013376896
2024-08-02 17:30:00+00:00,1.0102344357,1.0013376896
2024-08-05 06:00:00+00:00,1.0092160729,1.0013376896
2024-08-05 06:30:00+00:00,1.0095956445,1.0013376896
2024-08-05 07:00:00+00:00,1.0130488202,1.0013376896
2024-08-05 07:30:00+00:00,1.0136320644,1.0013376896
2024-08-05 08:00:00+00:00,1.0149559360,1.0013376896
2024-08-05 08:30:00+00:00,1.0138449948,1.0013376896
2024-08-05 09:00:00+00:00,1.0141967928,1.0013376896
2024-08-05 09:30:00+00:00,1.0138635104,1.0013376896
2024-08-05 10:00:00+00:00,1.0135487437,1.0013376896
2024-08-05 10:30:00+00:00,1.0136042908,1.0013376896
2024-08-05 11:00:00+00:00,1.0136042908,1.0013376896
2024-08-05 11:30:00+00:00,1.0149281624,1.0013376896
2024-08-05 12:00:00+00:00,1.0155299223,1.0013376896
2024-08-05 12:30:00+00:00,1.0175481321,1.0013376896
2024-08-05 13:00:00+00:00,1.0180758292,1.0013376896
2024-08-05 13:30:00+00:00,1.0164742223,1.0013376896
2024-08-05 14:00:00+00:00,1.0153632810,1.0013376896
2024-08-05 14:30:00+00:00,1.0164649644,1.0013376896
2024-08-05 15:00:00+00:00,1.0154280860,1.0013376896
2024-08-05 15:30:00+00:00,1.0143171446,1.0013376896
2024-08-05 16:00:00+00:00,1.0143819496,1.0013376896
2024-08-05 16:30:00+00:00,1.0146596849,1.0013376896
2024-08-05 17:00:00+00:00,1.0140394093,1.0013376896
2024-08-05 17:30:00+00:00,1.0140486671,1.0013376896
2024-08-06 06:00:00+00:00,1.0138819224,1.0013376896
2024-08-06 06:30:00+00:00,1.0133538975,1.0013376896
2024-08-06 07:00:00+00:00,1.0131408349,1.0013376896
2024-08-06 07:30:00+00:00,1.0122144754,1.0013376896
2024-08-06 08:00:00+00:00,1.0126498643,1.0013376896
2024-08-06 08:30:00+00:00,1.0123163749,1.0013376896
2024-08-06 09:00:00+00:00,1.0111398984,1.0013376896
2024-08-06 09:30:00+00:00,1.0108156726,1.0013376896
2024-08-06 10:00:00+00:00,1.0106581914,1.0013376896
2024-08-06 10:30:00+00:00,1.0105192375,1.0013376896
2024-08-06 11:00:00+00:00,1.0104358652,1.0013376896
2024-08-06 11:30:00+00:00,1.0112788523,1.0013376896
2024-08-06 12:00:00+00:00,1.0109731537,1.0013376896
2024-08-06 12:30:00+00:00,1.0102228025,1.0013376896
2024-08-06 13:00:00+00:00,1.0114455970,1.0013376896
2024-08-06 13:30:00+00:00,1.0114363334,1.0013376896
2024-08-06 14:00:00+00:00,1.0121403666,1.0013376896
2024-08-06 14:30:00+00:00,1.0128629270,1.0013376896
2024-08-06 15:00:00+00:00,1.0123719565,1.0013376896
2024-08-06 15:30:00+00:00,1.0120662579,1.0013376896
2024-08-06 16:00:00+00:00,1.0124368017,1.0013376896
2024-08-06 16:30:00+00:00,1.0123163749,1.0013376896
2024-08-06 17:00:00+00:00,1.0121033122,1.0013376896
2024-08-06 17:30:00+00:00,1.0121311030,1.0013376896
2024-08-07 06:00:00+00:00,1.0124094057,1.0013376896
2024-08-07 06:30:00+00:00,1.0125763873,1.0013376896
2024-08-07 07:00:00+00:00,1.0131608229,1.0013376896
2024-08-07 07:30:00+00:00,1.0132443137,1.0013376896
2024-08-07 08:00:00+00:00,1.0136524909,1.0013376896
2024-08-07 08:30:00+00:00,1.0129103505,1.0013376896
2024-08-07 09:00:00+00:00,1.0126877084,1.0013376896
2024-08-07 09:30:00+00:00,1.0124279592,1.0013376896
2024-08-07 10:00:00+00:00,1.0125763873,1.0013376896
2024-08-07 10:30:00+00:00,1.0128361364,1.0013376896
2024-08-07 11:00:00+00:00,1.0132072066,1.0013376896
2024-08-07 11:30:00+00:00,1.0133278045,1.0013376896
2024-08-07 12:00:00+00:00,1.0125207268,1.0013376896
2024-08-07 12:30:00+00:00,1.0132072067,1.0013376896
2024-08-07 13:00:00+00:00,1.0132072067,1.0013376896
2024-08-07 13:30:00+00:00,1.0129103505,1.0013376896
2024-08-07 14:00:00+00:00,1.0134484023,1.0013376896
2024-08-07 14:30:00+00:00,1.0141256054,1.0013376896
2024-08-07 15:00:00+00:00,1.0141812660,1.0013376896
2024-08-07 15:30:00+00:00,1.0134484023,1.0013376896
2024-08-07 16:00:00+00:00,1.0134484023,1.0013376896
2024-08-07 16:30:00+00:00,1.0132257602,1.0013376896
2024-08-07 17:00:00+00:00,1.0132999742,1.0013376896
2024-08-07 17:30:00+00:00,1.0132257602,1.0013376896
2024-08-08 06:00:00+00:00,1.0131145775,1.0013376896
2024-08-08 06:30:00+00:00,1.0138743254,1.0013376896
2024-08-08 07:00:00+00:00,1.0133925341,1.0013376896
2024-08-08 07:30:00+00:00,1.0136148993,1.0013376896
2024-08-08 08:00:00+00:00,1.0135407776,1.0013376896
2024-08-08 08:30:00+00:00,1.0133369428,1.0013376896
2024-08-08 09:00:00+00:00,1.0130219254,1.0013376896
2024-08-08 09:30:00+00:00,1.0124104209,1.0013376896
2024-08-08 10:00:00+00:00,1.0124382166,1.0013376896
2024-08-08 10:30:00+00:00,1.0122621774,1.0013376896
2024-08-08 11:00:00+00:00,1.0125030731,1.0013376896
2024-08-08 11:30:00+00:00,1.0127254384,1.0013376896
2024-08-08 12:00:00+00:00,1.0125864601,1.0013376896
2024-08-08 12:30:00+00:00,1.0096864467,1.0013376896
2024-08-08 13:00:00+00:00,1.0096586511,1.0013376896
2024-08-08 13:30:00+00:00,1.0092417163,1.0013376896
2024-08-08 14:00:00+00:00,1.0097235076,1.0013376896
2024-08-08 14:30:00+00:00,1.0105017860,1.0013376896
2024-08-08 15:00:00+00:00,1.0106685599,1.0013376896
2024-08-08 15:30:00+00:00,1.0111318208,1.0013376896
2024-08-08 16:00:00+00:00,1.0105573772,1.0013376896
2024-08-08 16:30:00+00:00,1.0107241512,1.0013376896
2024-08-08 17:00:00+00:00,1.0112800643,1.0013376896
2024-08-08 17:30:00+00:00,1.0110947599,1.0013376896
2024-08-09 06:00:00+00:00,1.0116132937,1.0013376896
2024-08-09 06:30:00+00:00,1.0118262630,1.0013376896
2024-08-09 07:00:00+00:00,1.0117151486,1.0013376896
2024-08-09 07:30:00+00:00,1.0113262482,1.0013376896
2024-08-09 08:00:00+00:00,1.0110855003,1.0013376896
2024-08-09 08:30:00+00:00,1.0109280883,1.0013376896
2024-08-09 09:00:00+00:00,1.0114651412,1.0013376896
2024-08-09 09:30:00+00:00,1.0111040194,1.0013376896
2024-08-09 10:00:00+00:00,1.0110114241,1.0013376896
2024-08-09 10:30:00+00:00,1.0109188287,1.0013376896
2024-08-09 11:00:00+00:00,1.0107151190,1.0013376896
2024-08-09 11:30:00+00:00,1.0107706762,1.0013376896
2024-08-09 12:00:00+00:00,1.0106225237,1.0013376896
2024-08-09 12:30:00+00:00,1.0103817758,1.0013376896
2024-08-09 13:00:00+00:00,1.0113725458,1.0013376896
2024-08-09 13:30:00+00:00,1.0113632863,1.0013376896
2024-08-09 14:00:00+00:00,1.0120670108,1.0013376896
2024-08-09 14:30:00+00:00,1.0114373626,1.0013376896
2024-08-09 15:00:00+00:00,1.0115021793,1.0013376896
2024-08-09 15:30:00+00:00,1.0115206984,1.0013376896
2024-08-09 16:00:00+00:00,1.0109743859,1.0013376896
2024-08-09 16:30:00+00:00,1.0110206836,1.0013376896
2024-08-09 17:00:00+00:00,1.0111595766,1.0013376896
2024-08-09 17:30:00+00:00,1.0112151338,1.0013376896
2024-08-12 06:00:00+00:00,1.0112151338,1.0013376896
2024-08-12 06:30:00+00:00,1.0114559301,1.0013376896
2024-08-12 07:00:00+00:00,1.0120116141,1.0013376896
2024-08-12 07:30:00+00:00,1.0115670669,1.0013376896
2024-08-12 08:00:00+00:00,1.0111039970,1.0013376896
2024-08-12 08:30:00+00:00,1.0114188846,1.0013376896
2024-08-12 09:00:00+00:00,1.0115670670,1.0013376896
2024-08-12 09:30:00+00:00,1.0119745685,1.0013376896
2024-08-12 10:00:00+00:00,1.0121968421,1.0013376896
2024-08-12 10:30:00+00:00,1.0119467843,1.0013376896
2024-08-12 11:00:00+00:00,1.0115300214,1.0013376896
2024-08-12 11:30:00+00:00,1.0119097388,1.0013376896
2024-08-12 12:00:00+00:00,1.0115207600,1.0013376896
2024-08-12 12:30:00+00:00,1.0113447934,1.0013376896
2024-08-12 13:00:00+00:00,1.0119560458,1.0013376896
2024-08-12 13:30:00+00:00,1.0118263862,1.0013376896
2024-08-12 14:00:00+00:00,1.0114559302,1.0013376896
2024-08-12 14:30:00+00:00,1.0123913315,1.0013376896
2024-08-12 15:00:00+00:00,1.0129840611,1.0013376896
2024-08-12 15:30:00+00:00,1.0120857054,1.0013376896
2024-08-12 16:00:00+00:00,1.0120393984,1.0013376896
2024-08-12 16:30:00+00:00,1.0116041126,1.0013376896
2024-08-12 17:00:00+00:00,1.0121227510,1.0013376896
2024-08-12 17:30:00+00:00,1.0125672981,1.0013376896
2024-08-13 06:00:00+00:00,1.0120767401,1.0013376896
2024-08-13 06:30:00+00:00,1.0119749262,1.0013376896
2024-08-13 07:00:00+00:00,1.0119841820,1.0013376896
2024-08-13 07:30:00+00:00,1.0116787402,1.0013376896
2024-08-13 08:00:00+00:00,1.0109197636,1.0013376896
2024-08-13 08:30:00+00:00,1.0110493450,1.0013376896
2024-08-13 09:00:00+00:00,1.0109197636,1.0013376896
2024-08-13 09:30:00+00:00,1.0107161357,1.0013376896
2024-08-13 10:00:00+00:00,1.0107901822,1.0013376896
2024-08-13 10:30:00+00:00,1.0110308333,1.0013376896
2024-08-13 11:00:00+00:00,1.0114103216,1.0013376896
2024-08-13 11:30:00+00:00,1.0116972518,1.0013376896
2024-08-13 12:00:00+00:00,1.0115121356,1.0013376896
2024-08-13 12:30:00+00:00,1.0126691120,1.0013376896
2024-08-13 13:00:00+00:00,1.0138908792,1.0013376896
2024-08-13 13:30:00+00:00,1.0143259024,1.0013376896
2024-08-13 14:00:00+00:00,1.0139464141,1.0013376896
2024-08-13 14:30:00+00:00,1.0140667397,1.0013376896
2024-08-13 15:00:00+00:00,1.0135113909,1.0013376896
2024-08-13 15:30:00+00:00,1.0138446002,1.0013376896
2024-08-13 16:00:00+00:00,1.0145480419,1.0013376896
2024-08-13 16:30:00+00:00,1.0155661811,1.0013376896
2024-08-13 17:00:00+00:00,1.0159826927,1.0013376896
2024-08-13 17:30:00+00:00,1.0159919485,1.0013376896
2024-08-14 06:00:00+00:00,1.0160659006,1.0013376896
2024-08-14 06:30:00+00:00,1.0168423985,1.0013376896
2024-08-14 07:00:00+00:00,1.0169625708,1.0013376896
2024-08-14 07:30:00+00:00,1.0173693078,1.0013376896
2024-08-14 08:00:00+00:00,1.0175911643,1.0013376896
2024-08-14 08:30:00+00:00,1.0186357388,1.0013376896
2024-08-14 09:00:00+00:00,1.0191903800,1.0013376896
2024-08-14 09:30:00+00:00,1.0192088681,1.0013376896
2024-08-14 10:00:00+00:00,1.0188760833,1.0013376896
2024-08-14 10:30:00+00:00,1.0188853273,1.0013376896
2024-08-14 11:00:00+00:00,1.0188945713,1.0013376896
2024-08-14 11:30:00+00:00,1.0189130594,1.0013376896
2024-08-14 12:00:00+00:00,1.0189962556,1.0013376896
2024-08-14 12:30:00+00:00,1.0184046382,1.0013376896
2024-08-14 13:00:00+00:00,1.0188945713,1.0013376896
2024-08-14 13:30:00+00:00,1.0203181507,1.0013376896
2024-08-14 14:00:00+00:00,1.0204845431,1.0011492025
2024-08-14 14:30:00+00:00,1.0201240262,1.0012505405
2024-08-14 15:00:00+00:00,1.0189685235,1.0012157818
2024-08-14 15:30:00+00:00,1.0189962556,1.0011258349
2024-08-14 16:00:00+00:00,1.0184693463,1.0012852553
2024-08-14 16:30:00+00:00,1.0185432985,1.0012521879
2024-08-14 17:00:00+00:00,1.0182197577,1.0012521879
2024-08-14 17:30:00+00:00,1.0181550496,1.0012521879
2024-08-15 06:00:00+00:00,1.0184787196,1.0012521879
2024-08-15 06:30:00+00:00,1.0185989399,1.0012521879
2024-08-15 07:00:00+00:00,1.0183862425,1.0013394430
2024-08-15 07:30:00+00:00,1.0184879673,1.0011232780
2024-08-15 08:00:00+00:00,1.0180625724,1.0017508189
2024-08-15 08:30:00+00:00,1.0178221318,1.0021058060
2024-08-15 09:00:00+00:00,1.0183400039,1.0013414788
2024-08-15 09:30:00+00:00,1.0183400039,1.0013414788
2024-08-15 10:00:00+00:00,1.0183122607,1.0013824002
2024-08-15 10:30:00+00:00,1.0181920404,1.0015597588
2024-08-15 11:00:00+00:00,1.0182845176,1.0014233245
2024-08-15 11:30:00+00:00,1.0184787196,1.0011369132
2024-08-15 12:00:00+00:00,1.0183400039,1.0013414788
2024-08-15 12:30:00+00:00,1.0132352647,1.0069835580
2024-08-15 13:00:00+00:00,1.0134942008,1.0067861671
2024-08-15 13:30:00+00:00,1.0143264952,1.0067361182
2024-08-15 14:00:00+00:00,1.0149553399,1.0067361182
2024-08-15 14:30:00+00:00,1.0156766618,1.0067361182
2024-08-15 15:00:00+00:00,1.0159171024,1.0067361182
2024-08-15 15:30:00+00:00,1.0159171024,1.0067361182
2024-08-15 16:00:00+00:00,1.0159910842,1.0067361182
2024-08-15 16:30:00+00:00,1.0152142760,1.0067361182
2024-08-15 17:00:00+00:00,1.0151587897,1.0067361182
2024-08-15 17:30:00+00:00,1.0148813582,1.0067361182
2024-08-16 06:00:00+00:00,1.0148074533,1.0067361182
2024-08-16 06:30:00+00:00,1.0144841191,1.0067361182
2024-08-16 07:00:00+00:00,1.0142808804,1.0067361182
2024-08-16 07:30:00+00:00,1.0148074533,1.0067361182
2024-08-16 08:00:00+00:00,1.0151585019,1.0067361182
2024-08-16 08:30:00+00:00,1.0144286904,1.0067361182
2024-08-16 09:00:00+00:00,1.0148813582,1.0067361182
2024-08-16 09:30:00+00:00,1.0152693593,1.0067361182
2024-08-16 10:00:00+00:00,1.0152508830,1.0067361182
2024-08-16 10:30:00+00:00,1.0156388841,1.0067361182
2024-08-16 11:00:00+00:00,1.0152785974,1.0067361182
2024-08-16 11:30:00+00:00,1.0154818360,1.0067361182
2024-08-16 12:00:00+00:00,1.0151769781,1.0067361182
2024-08-16 12:30:00+00:00,1.0156204078,1.0067361182
2024-08-16 13:00:00+00:00,1.0160361232,1.0067361182
2024-08-16 13:30:00+00:00,1.0164148861,1.0067361182
2024-08-16 14:00:00+00:00,1.0151585018,1.0067361182
2024-08-16 14:30:00+00:00,1.0153155499,1.0067361182
2024-08-16 15:00:00+00:00,1.0157312652,1.0067361182
2024-08-16 15:30:00+00:00,1.0158421227,1.0067361182
2024-08-16 16:00:00+00:00,1.0164426005,1.0067361182
2024-08-16 16:30:00+00:00,1.0165349817,1.0067361182
2024-08-16 17:00:00+00:00,1.0172370788,1.0067361182
2024-08-16 17:30:00+00:00,1.0173756506,1.0067361182
2024-08-19 06:00:00+00:00,1.0167862733,1.0067361182
2024-08-19 06:30:00+00:00,1.0168783635,1.0067361182
2024-08-19 07:00:00+00:00,1.0169336176,1.0067361182
2024-08-19 07:30:00+00:00,1.0169244086,1.0067361182
2024-08-19 08:00:00+00:00,1.0174493227,1.0067361182
2024-08-19 08:30:00+00:00,1.0164179125,1.0067361182
2024-08-19 09:00:00+00:00,1.0164915846,1.0067361182
2024-08-19 09:30:00+00:00,1.0162153140,1.0067361182
2024-08-19 10:00:00+00:00,1.0160127156,1.0067361182
2024-08-19 10:30:00+00:00,1.0163810764,1.0067361182
2024-08-19 11:00:00+00:00,1.0162705682,1.0067361182
2024-08-19 11:30:00+00:00,1.0168875725,1.0067361182
2024-08-19 12:00:00+00:00,1.0164823756,1.0067361182
2024-08-19 12:30:00+00:00,1.0165744658,1.0067361182
2024-08-19 13:00:00+00:00,1.0161784780,1.0067361182
2024-08-19 13:30:00+00:00,1.0170993800,1.0067361182
2024-08-19 14:00:00+00:00,1.0184623148,1.0067361182
2024-08-19 14:30:00+00:00,1.0190332740,1.0067361182
2024-08-19 15:00:00+00:00,1.0187570034,1.0067361182
2024-08-19 15:30:00+00:00,1.0193740077,1.0067361182
2024-08-19 16:00:00+00:00,1.0194568889,1.0067361182
2024-08-19 16:30:00+00:00,1.0197607865,1.0067361182
2024-08-19 17:00:00+00:00,1.0195305611,1.0067361182
2024-08-19 17:30:00+00:00,1.0200831022,1.0067361182
2024-08-20 06:00:00+00:00,1.0201936145,1.0067361182
2024-08-20 06:30:00+00:00,1.0205067324,1.0067361182
2024-08-20 07:00:00+00:00,1.0198068217,1.0071262543
2024-08-20 07:30:00+00:00,1.0210040374,1.0055280078
2024-08-20 08:00:00+00:00,1.0202764986,1.0064637545
2024-08-20 08:30:00+00:00,1.0203685921,1.0063452206
2024-08-20 09:00:00+00:00,1.0200738929,1.0067246161
2024-08-20 09:30:00+00:00,1.0200002181,1.0068195044
2024-08-20 10:00:00+00:00,1.0203962202,1.0063096652
2024-08-20 10:30:00+00:00,1.0205804072,1.0060726860
2024-08-20 11:00:00+00:00,1.0201936145,1.0065704562
2024-08-20 11:30:00+00:00,1.0204698950,1.0062148617
2024-08-20 12:00:00+00:00,1.0210408749,1.0054806691
2024-08-20 12:30:00+00:00,1.0220815316,1.0047522330
2024-08-20 13:00:00+00:00,1.0220631129,1.0047405284
2024-08-20 13:30:00+00:00,1.0224222777,1.0042593807
2024-08-20 14:00:00+00:00,1.0226801395,1.0039341260
2024-08-20 14:30:00+00:00,1.0233247942,1.0031218083
2024-08-20 15:00:00+00:00,1.0224867431,1.0041780495
2024-08-20 15:30:00+00:00,1.0227169769,1.0038876764
2024-08-20 16:00:00+00:00,1.0237852617,1.0025422969
2024-08-20 16:30:00+00:00,1.0236102840,1.0027624411
2024-08-20 17:00:00+00:00,1.0236194934,1.0027508524
2024-08-20 17:30:00+00:00,1.0237207963,1.0026278957
2024-08-21 06:00:00+00:00,1.0237760439,1.0025715796
2024-08-21 06:30:00+00:00,1.0237300042,1.0025715796
2024-08-21 07:00:00+00:00,1.0243837682,1.0020946993
2024-08-21 07:30:00+00:00,1.0234077262,1.0032829180
2024-08-21 08:00:00+00:00,1.0236931724,1.0029184360
2024-08-21 08:30:00+00:00,1.0237944598,1.0027891599
2024-08-21 09:00:00+00:00,1.0240891140,1.0024132514
2024-08-21 09:30:00+00:00,1.0236471327,1.0029772075
2024-08-21 10:00:00+00:00,1.0243101047,1.0021314834
2024-08-21 10:30:00+00:00,1.0243653524,1.0020610633
2024-08-21 11:00:00+00:00,1.0233708944,1.0026381703
2024-08-21 11:30:00+00:00,1.0234445580,1.0025428668
2024-08-21 12:00:00+00:00,1.0240891141,1.0017123752
2024-08-21 12:30:00+00:00,1.0243653524,1.0013684790
2024-08-21 13:00:00+00:00,1.0240062426,1.0018155852
2024-08-21 13:30:00+00:00,1.0234077262,1.0025615547
2024-08-21 14:00:00+00:00,1.0240799061,1.0020839670
2024-08-21 14:30:00+00:00,1.0243653524,1.0020282063
2024-08-21 15:00:00+00:00,1.0255255533,1.0011122921
2024-08-21 15:30:00+00:00,1.0259491187,1.0009245072
2024-08-21 16:00:00+00:00,1.0264831794,1.0008917482
2024-08-21 16:30:00+00:00,1.0263542682,1.0009205044
2024-08-21 17:00:00+00:00,1.0267410019,1.0002895788
2024-08-21 17:30:00+00:00,1.0272013991,0.9996171514
2024-08-22 06:00:00+00:00,1.0277360637,0.9991616978
2024-08-22 06:30:00+00:00,1.0277913738,0.9990701919
2024-08-22 07:00:00+00:00,1.0275516966,0.9993786459
2024-08-22 07:30:00+00:00,1.0266575161,0.9999490494
2024-08-22 08:00:00+00:00,1.0274410763,0.9990567876
2024-08-22 08:30:00+00:00,1.0271645256,0.9994275665
2024-08-22 09:00:00+00:00,1.0270354686,0.9996159541
2024-08-22 09:30:00+00:00,1.0269064117,0.9998044009
2024-08-22 10:00:00+00:00,1.0266114243,1.0000948437
2024-08-22 10:30:00+00:00,1.0274134212,0.9994748827
2024-08-22 11:00:00+00:00,1.0266667344,1.0000200160
2024-08-22 11:30:00+00:00,1.0266298610,1.0000469541
2024-08-22 12:00:00+00:00,1.0260030128,1.0005051616
2024-08-22 12:30:00+00:00,1.0269340668,0.9998247651
2024-08-22 13:00:00+00:00,1.0267589180,0.9998542896
2024-08-22 13:30:00+00:00,1.0250074304,0.9998164429
2024-08-22 14:00:00+00:00,1.0233942181,0.9998164429
2024-08-22 14:30:00+00:00,1.0246018228,0.9998164429
2024-08-22 15:00:00+00:00,1.0242330886,0.9998164429
2024-08-22 15:30:00+00:00,1.0244543291,0.9998164429
2024-08-22 16:00:00+00:00,1.0247124431,0.9998164429
2024-08-22 16:30:00+00:00,1.0242054335,0.9998164429
2024-08-22 17:00:00+00:00,1.0235140567,0.9998164429
2024-08-22 17:30:00+00:00,1.0234864017,0.9998164429
2024-08-23 06:00:00+00:00,1.0232012311,0.9998164429
2024-08-23 06:30:00+00:00,1.0237071789,0.9998164429
2024-08-23 07:00:00+00:00,1.0231460368,0.9998164429
2024-08-23 07:30:00+00:00,1.0228792643,0.9998164429
2024-08-23 08:00:00+00:00,1.0231552358,0.9998164429
2024-08-23 08:30:00+00:00,1.0232104301,0.9998164429
2024-08-23 09:00:00+00:00,1.0234128093,0.9998164429
2024-08-23 09:30:00+00:00,1.0226768852,0.9998164429
2024-08-23 10:00:00+00:00,1.0225940937,0.9998164429
2024-08-23 10:30:00+00:00,1.0229068615,0.9998164429
2024-08-23 11:00:00+00:00,1.0222169326,0.9998164429
2024-08-23 11:30:00+00:00,1.0228424681,0.9998164429
2024-08-23 12:00:00+00:00,1.0224469089,0.9998164429
2024-08-23 12:30:00+00:00,1.0224009137,0.9998164429
2024-08-23 13:00:00+00:00,1.0219869564,0.9998164429
2024-08-23 13:30:00+00:00,1.0224561080,0.9998164429
2024-08-23 14:00:00+00:00,1.0275339841,0.9998164429
2024-08-23 14:30:00+00:00,1.0279755386,0.9998164429
2024-08-23 15:00:00+00:00,1.0295761734,0.9998164429
2024-08-23 15:30:00+00:00,1.0280215339,0.9998164429
2024-08-23 16:00:00+00:00,1.0274235956,0.9998164429
2024-08-23 16:30:00+00:00,1.0279019462,0.9998164429
2024-08-23 17:00:00+00:00,1.0294473868,0.9998164429
2024-08-23 17:30:00+00:00,1.0296129697,0.9998164429
2024-08-26 06:00:00+00:00,1.0300090031,0.9998164429
2024-08-26 06:30:00+00:00,1.0297971713,0.9998164429
2024-08-26 07:00:00+00:00,1.0294195581,0.9998164429
2024-08-26 07:30:00+00:00,1.0297787511,0.9998164429
2024-08-26 08:00:00+00:00,1.0299261124,0.9998164429
2024-08-26 08:30:00+00:00,1.0297327007,0.9998164429
2024-08-26 09:00:00+00:00,1.0298616418,0.9998164429
2024-08-26 09:30:00+00:00,1.0291616759,0.9998164429
2024-08-26 10:00:00+00:00,1.0293735077,0.9998164429
2024-08-26 10:30:00+00:00,1.0289130038,0.9998164429
2024-08-26 11:00:00+00:00,1.0283696093,0.9998164429
2024-08-26 11:30:00+00:00,1.0283235589,0.9998164429
2024-08-26 12:00:00+00:00,1.0283235589,0.9998164429
2024-08-26 12:30:00+00:00,1.0279643659,0.9998164429
2024-08-26 13:00:00+00:00,1.0279367356,0.9998164429
2024-08-26 13:30:00+00:00,1.0278262147,0.9998164429
2024-08-26 14:00:00+00:00,1.0287656426,0.9998164429
2024-08-26 14:30:00+00:00,1.0293735077,0.9998164429
2024-08-26 15:00:00+00:00,1.0284985504,0.9998164429
2024-08-26 15:30:00+00:00,1.0281854077,0.9998164429
2024-08-26 16:00:00+00:00,1.0282682984,0.9998164429
2024-08-26 16:30:00+00:00,1.0288761636,0.9998164429
2024-08-26 17:00:00+00:00,1.0290787853,0.9998164429
2024-08-26 17:30:00+00:00,1.0287380124,0.9998164429
2024-08-27 06:00:00+00:00,1.0289222618,0.9998164429
2024-08-27 06:30:00+00:00,1.0282773889,0.9998164429
2024-08-27 07:00:00+00:00,1.0288117121,0.9998164429
2024-08-27 07:30:00+00:00,1.0284892757,0.9998164429
2024-08-27 08:00:00+00:00,1.0292354857,0.9998164429
2024-08-27 08:30:00+00:00,1.0287287999,0.9998164429
2024-08-27 09:00:00+00:00,1.0291525735,0.9998164429
2024-08-27 09:30:00+00:00,1.0288669869,0.9998164429
2024-08-27 10:00:00+00:00,1.0284524258,0.9998164429
2024-08-27 10:30:00+00:00,1.0286827375,0.9998164429
2024-08-27 11:00:00+00:00,1.0290051740,0.9998164429
2024-08-27 11:30:00+00:00,1.0281668393,0.9998164429
2024-08-27 12:00:00+00:00,1.0276325160,0.9998164429
2024-08-27 12:30:00+00:00,1.0279825898,0.9998164429
2024-08-27 13:00:00+00:00,1.0277614906,0.9998164429
2024-08-27 13:30:00+00:00,1.0288577745,0.9998164429
2024-08-27 14:00:00+00:00,1.0290328114,0.9998164429
2024-08-27 14:30:00+00:00,1.0286827375,0.9998164429
2024-08-27 15:00:00+00:00,1.0284247884,0.9998164429
2024-08-27 15:30:00+00:00,1.0280931395,0.9998164429
2024-08-27 16:00:00+00:00,1.0285721879,0.9998164429
2024-08-27 16:30:00+00:00,1.0286458877,0.9998164429
2024-08-27 17:00:00+00:00,1.0298435086,0.9998164429
2024-08-27 17:30:00+00:00,1.0300830328,0.9998164429
2024-08-28 06:00:00+00:00,1.0298057263,0.9998164429
2024-08-28 06:30:00+00:00,1.0304620185,0.9998164429
2024-08-28 07:00:00+00:00,1.0311645285,0.9998164429
2024-08-28 07:30:00+00:00,1.0312477205,0.9998164429
2024-08-28 08:00:00+00:00,1.0300830329,0.9998164429
2024-08-28 08:30:00+00:00,1.0298427005,0.9999014643
2024-08-28 09:00:00+00:00,1.0300645458,0.9995998411
2024-08-28 09:30:00+00:00,1.0293435487,1.0004153376
2024-08-28 10:00:00+00:00,1.0285948209,1.0012635090
2024-08-28 10:30:00+00:00,1.0283637321,1.0014345523
2024-08-28 11:00:00+00:00,1.0283267578,1.0014300308
2024-08-28 11:30:00+00:00,1.0279385286,1.0016502601
2024-08-28 12:00:00+00:00,1.0269587120,1.0022066626
2024-08-28 12:30:00+00:00,1.0271435831,1.0021016167
2024-08-28 13:00:00+00:00,1.0276612221,1.0018076473
2024-08-28 13:30:00+00:00,1.0270696347,1.0021436315
2024-08-28 14:00:00+00:00,1.0281511304,1.0015296420
2024-08-28 14:30:00+00:00,1.0288259097,1.0011470720
2024-08-28 15:00:00+00:00,1.0283729756,1.0014038217
2024-08-28 15:30:00+00:00,1.0284561676,1.0013566502
2024-08-28 16:00:00+00:00,1.0271805573,1.0020806111
2024-08-28 16:30:00+00:00,1.0274024026,1.0019546027
2024-08-28 17:00:00+00:00,1.0270419041,1.0021593882
2024-08-28 17:30:00+00:00,1.0266629184,1.0023747982
2024-08-29 06:00:00+00:00,1.0263494504,1.0024371143
2024-08-29 06:30:00+00:00,1.0259898842,1.0026579720
2024-08-29 07:00:00+00:00,1.0261742771,1.0023985186
2024-08-29 07:30:00+00:00,1.0261466182,1.0024311091
2024-08-29 08:00:00+00:00,1.0215091364,1.0065219644
2024-08-29 08:30:00+00:00,1.0219885580,1.0062664085
2024-08-29 09:00:00+00:00,1.0227169100,1.0062265317
2024-08-29 09:30:00+00:00,1.0228091065,1.0062265317
2024-08-29 10:00:00+00:00,1.0227445689,1.0062265317
2024-08-29 10:30:00+00:00,1.0231594530,1.0062265317
2024-08-29 11:00:00+00:00,1.0230672566,1.0062265317
2024-08-29 11:30:00+00:00,1.0230303780,1.0062265317
2024-08-29 12:00:00+00:00,1.0228920833,1.0062265317
2024-08-29 12:30:00+00:00,1.0219240204,1.0062265317
2024-08-29 13:00:00+00:00,1.0218502632,1.0062265317
2024-08-29 13:30:00+00:00,1.0217396275,1.0062265317
2024-08-29 14:00:00+00:00,1.0197850625,1.0062265317
2024-08-29 14:30:00+00:00,1.0206056109,1.0062265317
2024-08-29 15:00:00+00:00,1.0210942522,1.0062265317
2024-08-29 15:30:00+00:00,1.0219977775,1.0062265317
2024-08-29 16:00:00+00:00,1.0222559276,1.0062265317
2024-08-29 16:30:00+00:00,1.0216843096,1.0062265317
2024-08-29 17:00:00+00:00,1.0218041650,1.0062265317
2024-08-29 17:30:00+00:00,1.0218871418,1.0062265317
2024-08-30 06:00:00+00:00,1.0219055924,1.0062265317
2024-08-30 06:30:00+00:00,1.0226251663,1.0062265317
2024-08-30 07:00:00+00:00,1.0226620675,1.0062265317
2024-08-30 07:30:00+00:00,1.0225329132,1.0062265317
2024-08-30 08:00:00+00:00,1.0233631908,1.0062265317
2024-08-30 08:30:00+00:00,1.0216841851,1.0062265317
2024-08-30 09:00:00+00:00,1.0223484071,1.0062265317
2024-08-30 09:30:00+00:00,1.0224222095,1.0062265317
2024-08-30 10:00:00+00:00,1.0224222095,1.0062265317
2024-08-30 10:30:00+00:00,1.0221085492,1.0062265317
2024-08-30 11:00:00+00:00,1.0224129842,1.0062265317
2024-08-30 11:30:00+00:00,1.0222930553,1.0062265317
2024-08-30 12:00:00+00:00,1.0224867867,1.0062265317
2024-08-30 12:30:00+00:00,1.0210568643,1.0062265317
2024-08-30 13:00:00+00:00,1.0203096145,1.0062265317
2024-08-30 13:30:00+00:00,1.0214535524,1.0062265317
2024-08-30 14:00:00+00:00,1.0211675680,1.0062265317
2024-08-30 14:30:00+00:00,1.0211214414,1.0062265317
2024-08-30 15:00:00+00:00,1.0205955990,1.0062265317
2024-08-30 15:30:00+00:00,1.0203003892,1.0062265317
2024-08-30 16:00:00+00:00,1.0191103247,1.0062265317
2024-08-30 16:30:00+00:00,1.0193501827,1.0062265317
2024-08-30 17:00:00+00:00,1.0193409574,1.0062265317
2024-08-30 17:30:00+00:00,1.0196269419,1.0062265317
2024-09-02 06:00:00+00:00,1.0199497487,1.0062265317
2024-09-02 06:30:00+00:00,1.0206045854,1.0062265317
2024-09-02 07:00:00+00:00,1.0197376185,1.0062265317
2024-09-02 07:30:00+00:00,1.0206968160,1.0062265317
2024-09-02 08:00:00+00:00,1.0211948609,1.0062265317
2024-09-02 08:30:00+00:00,1.0207706004,1.0062265317
2024-09-02 09:00:00+00:00,1.0209550615,1.0062265317
2024-09-02 09:30:00+00:00,1.0209181693,1.0062265317
2024-09-02 10:00:00+00:00,1.0203463400,1.0062265317
2024-09-02 10:30:00+00:00,1.0206783699,1.0062265317
2024-09-02 11:00:00+00:00,1.0205676932,1.0062265317
2024-09-02 11:30:00+00:00,1.0200512022,1.0062265317
2024-09-02 12:00:00+00:00,1.0202725555,1.0062265317
2024-09-02 12:30:00+00:00,1.0208074926,1.0062265317
2024-09-02 13:00:00+00:00,1.0209089461,1.0062265317
2024-09-02 13:30:00+00:00,1.0207890464,1.0062265317
2024-09-02 14:00:00+00:00,1.0203832321,1.0062265317
2024-09-02 14:30:00+00:00,1.0208997231,1.0062265317
2024-09-02 15:00:00+00:00,1.0206783698,1.0062265317
2024-09-02 15:30:00+00:00,1.0207982695,1.0062265317
2024-09-02 16:00:00+00:00,1.0204385705,1.0062265317
2024-09-02 16:30:00+00:00,1.0206138085,1.0062265317
2024-09-02 17:00:00+00:00,1.0208259387,1.0062265317
2024-09-02 17:30:00+00:00,1.0208812770,1.0062265317
2024-09-03 06:00:00+00:00,1.0205582016,1.0062265317
2024-09-03 06:30:00+00:00,1.0210658915,1.0062265317
2024-09-03 07:00:00+00:00,1.0213520440,1.0062265317
2024-09-03 07:30:00+00:00,1.0205489709,1.0062265317
2024-09-03 08:00:00+00:00,1.0201058961,1.0062265317
2024-09-03 08:30:00+00:00,1.0198658972,1.0062265317
2024-09-03 09:00:00+00:00,1.0189612862,1.0062265317
2024-09-03 09:30:00+00:00,1.0190905163,1.0062265317
2024-09-03 10:00:00+00:00,1.0190535934,1.0062265317
2024-09-03 10:30:00+00:00,1.0186843644,1.0062265317
2024-09-03 11:00:00+00:00,1.0189059018,1.0062265317
2024-09-03 11:30:00+00:00,1.0187305180,1.0062265317
2024-09-03 12:00:00+00:00,1.0189612862,1.0062265317
2024-09-03 12:30:00+00:00,1.0198105129,1.0062265317
2024-09-03 13:00:00+00:00,1.0211120452,1.0062265317
2024-09-03 13:30:00+00:00,1.0210474301,1.0062265317
2024-09-03 14:00:00+00:00,1.0189797478,1.0062265317
2024-09-03 14:30:00+00:00,1.0192843617,1.0062265317
2024-09-03 15:00:00+00:00,1.0190720550,1.0062265317
2024-09-03 15:30:00+00:00,1.0192935924,1.0062265317
2024-09-03 16:00:00+00:00,1.0194782069,1.0062265317
2024-09-03 16:30:00+00:00,1.0189982092,1.0062265317
2024-09-03 17:00:00+00:00,1.0187212875,1.0062265317
2024-09-03 17:30:00+00:00,1.0179643680,1.0062265317
2024-09-04 06:00:00+00:00,1.0171266358,1.0062265317
2024-09-04 06:30:00+00:00,1.0175593107,1.0062265317
2024-09-04 07:00:00+00:00,1.0182129260,1.0062265317
2024-09-04 07:30:00+00:00,1.0177986628,1.0062265317
2024-09-04 08:00:00+00:00,1.0176513692,1.0062265317
2024-09-04 08:30:00+00:00,1.0174120171,1.0063343358
2024-09-04 09:00:00+00:00,1.0175961341,1.0059983574
2024-09-04 09:30:00+00:00,1.0175501048,1.0060666182
2024-09-04 10:00:00+00:00,1.0175224873,1.0061075784
2024-09-04 10:30:00+00:00,1.0175408990,1.0060802713
2024-09-04 11:00:00+00:00,1.0174580463,1.0062031630
2024-09-04 11:30:00+00:00,1.0172831352,1.0064626832
2024-09-04 12:00:00+00:00,1.0166847550,1.0070942063
2024-09-04 12:30:00+00:00,1.0174764580,1.0066061562
2024-09-04 13:00:00+00:00,1.0177802511,1.0062548783
2024-09-04 13:30:00+00:00,1.0179459563,1.0059464477
2024-09-04 14:00:00+00:00,1.0198791846,1.0044499266
2024-09-04 14:30:00+00:00,1.0209102397,1.0032774905
2024-09-04 15:00:00+00:00,1.0200264782,1.0045486146
2024-09-04 15:30:00+00:00,1.0200909191,1.0044534275
2024-09-04 16:00:00+00:00,1.0204867706,1.0040951745
2024-09-04 16:30:00+00:00,1.0204223297,1.0040325576
2024-09-04 17:00:00+00:00,1.0192163635,1.0040325576
2024-09-04 17:30:00+00:00,1.0187376594,1.0040325576
2024-09-05 06:00:00+00:00,1.0190502599,1.0040325576
2024-09-05 06:30:00+00:00,1.0190594541,1.0040325576
2024-09-05 07:00:00+00:00,1.0189491244,1.0040325576
2024-09-05 07:30:00+00:00,1.0193720546,1.0040325576
2024-09-05 08:00:00+00:00,1.0203558270,1.0040325576
2024-09-05 08:30:00+00:00,1.0204661566,1.0040325576
2024-09-05 09:00:00+00:00,1.0204385742,1.0040325576
2024-09-05 09:30:00+00:00,1.0200616147,1.0040325576
2024-09-05 10:00:00+00:00,1.0201259736,1.0040325576
2024-09-05 10:30:00+00:00,1.0204569625,1.0040325576
2024-09-05 11:00:00+00:00,1.0212844346,1.0040325576
2024-09-05 11:30:00+00:00,1.0201075854,1.0040325576
2024-09-05 12:00:00+00:00,1.0219831888,1.0040325576
2024-09-05 12:30:00+00:00,1.0198501496,1.0040325576
2024-09-05 13:00:00+00:00,1.0211373285,1.0040325576
2024-09-05 13:30:00+00:00,1.0211097461,1.0040325576
2024-09-05 14:00:00+00:00,1.0193444723,1.0040325576
2024-09-05 14:30:00+00:00,1.0186733005,1.0040325576
2024-09-05 15:00:00+00:00,1.0188387950,1.0040325576
2024-09-05 15:30:00+00:00,1.0201351679,1.0040325576
2024-09-05 16:00:00+00:00,1.0207695632,1.0040325576
2024-09-05 16:30:00+00:00,1.0206316512,1.0040325576
2024-09-05 17:00:00+00:00,1.0206592336,1.0040325576
2024-09-05 17:30:00+00:00,1.0211649110,1.0040325576
2024-09-06 06:00:00+00:00,1.0212292103,1.0040325576
2024-09-06 06:30:00+00:00,1.0215139644,1.0040325576
2024-09-06 07:00:00+00:00,1.0213302521,1.0040325576
2024-09-06 07:30:00+00:00,1.0210638692,1.0040325576
2024-09-06 08:00:00+00:00,1.0210914261,1.0040325576
2024-09-06 08:30:00+00:00,1.0212016535,1.0040325576
2024-09-06 09:00:00+00:00,1.0203657624,1.0040325576
2024-09-06 09:30:00+00:00,1.0208434144,1.0040325576
2024-09-06 10:00:00+00:00,1.0203749480,1.0040325576
2024-09-06 10:30:00+00:00,1.0203014631,1.0040325576
2024-09-06 11:00:00+00:00,1.0201361220,1.0040325576
2024-09-06 11:30:00+00:00,1.0202463494,1.0040325576
2024-09-06 12:00:00+00:00,1.0203933192,1.0040325576
2024-09-06 12:30:00+00:00,1.0215323355,1.0040325576
2024-09-06 13:00:00+00:00,1.0191808180,1.0040325576
2024-09-06 13:30:00+00:00,1.0180785441,1.0040325576
2024-09-06 14:00:00+00:00,1.0184459687,1.0040325576
2024-09-06 14:30:00+00:00,1.0197962543,1.0040325576
2024-09-06 15:00:00+00:00,1.0201269364,1.0040325576
2024-09-06 15:30:00+00:00,1.0182806276,1.0040325576
2024-09-06 16:00:00+00:00,1.0176100777,1.0040325576
2024-09-06 16:30:00+00:00,1.0174722934,1.0040325576
2024-09-06 17:00:00+00:00,1.0184275975,1.0040325576
2024-09-06 17:30:00+00:00,1.0181887714,1.0040325576
2024-09-09 06:00:00+00:00,1.0180599916,1.0040325576
2024-09-09 06:30:00+00:00,1.0177748362,1.0040325576
2024-09-09 07:00:00+00:00,1.0172873124,1.0040325576
2024-09-09 07:30:00+00:00,1.0172873124,1.0040325576
2024-09-09 08:00:00+00:00,1.0162754706,1.0040325576
2024-09-09 08:30:00+00:00,1.0162202792,1.0040325576
2024-09-09 09:00:00+00:00,1.0167078030,1.0040325576
2024-09-09 09:30:00+00:00,1.0170021570,1.0040325576
2024-09-09 10:00:00+00:00,1.0157419541,1.0040325576
2024-09-09 10:30:00+00:00,1.0155395857,1.0040325576
2024-09-09 11:00:00+00:00,1.0153740116,1.0040325576
2024-09-09 11:30:00+00:00,1.0159627196,1.0040325576
2024-09-09 12:00:00+00:00,1.0157235570,1.0040325576
2024-09-09 12:30:00+00:00,1.0154843944,1.0040325576
2024-09-09 13:00:00+00:00,1.0164134491,1.0040325576
2024-09-09 13:30:00+00:00,1.0161650879,1.0040325576
2024-09-09 14:00:00+00:00,1.0157327555,1.0040325576
2024-09-09 14:30:00+00:00,1.0157143584,1.0040325576
2024-09-09 15:00:00+00:00,1.0152084375,1.0040325576
2024-09-09 15:30:00+00:00,1.0156591670,1.0040325576
2024-09-09 16:00:00+00:00,1.0162662721,1.0040325576
2024-09-09 16:30:00+00:00,1.0163306620,1.0040325576
2024-09-09 17:00:00+00:00,1.0166066189,1.0040325576
2024-09-09 17:30:00+00:00,1.0158523368,1.0040325576
2024-09-10 06:00:00+00:00,1.0157603179,1.0040325576
2024-09-10 06:30:00+00:00,1.0167725263,1.0040325576
2024-09-10 07:00:00+00:00,1.0160547785,1.0040325576
2024-09-10 07:30:00+00:00,1.0156130876,1.0040325576
2024-09-10 08:00:00+00:00,1.0155578762,1.0040325576
2024-09-10 08:30:00+00:00,1.0156959046,1.0040325576
2024-09-10 09:00:00+00:00,1.0156959046,1.0040325576
2024-09-10 09:30:00+00:00,1.0157419141,1.0040325576
2024-09-10 10:00:00+00:00,1.0156498951,1.0040325576
2024-09-10 10:30:00+00:00,1.0159259520,1.0040325576
2024-09-10 11:00:00+00:00,1.0154842610,1.0040325576
2024-09-10 11:30:00+00:00,1.0150977815,1.0040325576
2024-09-10 12:00:00+00:00,1.0147941190,1.0040325576
2024-09-10 12:30:00+00:00,1.0149505512,1.0040325576
2024-09-10 13:00:00+00:00,1.0153830402,1.0040325576
2024-09-10 13:30:00+00:00,1.0140119580,1.0040325576
2024-09-10 14:00:00+00:00,1.0142972167,1.0040325576
2024-09-10 14:30:00+00:00,1.0139199390,1.0040325576
2024-09-10 15:00:00+00:00,1.0145272640,1.0040325576
2024-09-10 15:30:00+00:00,1.0145272640,1.0040325576
2024-09-10 16:00:00+00:00,1.0146192830,1.0040325576
2024-09-10 16:30:00+00:00,1.0146652924,1.0040325576
2024-09-10 17:00:00+00:00,1.0144720527,1.0040325576
2024-09-10 17:30:00+00:00,1.0143340242,1.0040325576
2024-09-11 06:00:00+00:00,1.0143340242,1.0040325576
2024-09-11 06:30:00+00:00,1.0144626093,1.0040325576
2024-09-11 07:00:00+00:00,1.0148667338,1.0040325576
2024-09-11 07:30:00+00:00,1.0141044081,1.0040325576
2024-09-11 08:00:00+00:00,1.0144166861,1.0040325576
2024-09-11 08:30:00+00:00,1.0143340243,1.0040325576
2024-09-11 09:00:00+00:00,1.0143156550,1.0040325576
2024-09-11 09:30:00+00:00,1.0141870699,1.0040325576
2024-09-11 10:00:00+00:00,1.0143707629,1.0040325576
2024-09-11 10:30:00+00:00,1.0147840720,1.0040325576
2024-09-11 11:00:00+00:00,1.0151239039,1.0037521165
2024-09-11 11:30:00+00:00,1.0143248396,1.0047467165
2024-09-11 12:00:00+00:00,1.0142605471,1.0048318136
2024-09-11 12:30:00+00:00,1.0117990617,1.0072518119
2024-09-11 13:00:00+00:00,1.0117806924,1.0072165219
2024-09-11 13:30:00+00:00,1.0115051530,1.0071720619
2024-09-11 14:00:00+00:00,1.0111102132,1.0071720619
2024-09-11 14:30:00+00:00,1.0112663522,1.0071720619
2024-09-11 15:00:00+00:00,1.0115694455,1.0071720619
2024-09-11 15:30:00+00:00,1.0114133065,1.0071720619
2024-09-11 16:00:00+00:00,1.0114500451,1.0071720619
2024-09-11 16:30:00+00:00,1.0117806924,1.0071720619
2024-09-11 17:00:00+00:00,1.0118082464,1.0071720619
2024-09-11 17:30:00+00:00,1.0120194932,1.0071720619
2024-09-12 06:00:00+00:00,1.0117073116,1.0071720619
2024-09-12 06:30:00+00:00,1.0107524030,1.0071720619
2024-09-12 07:00:00+00:00,1.0112665845,1.0071720619
2024-09-12 07:30:00+00:00,1.0107156757,1.0071720619
2024-09-12 08:00:00+00:00,1.0115787661,1.0071720619
2024-09-12 08:30:00+00:00,1.0114226753,1.0071720619
2024-09-12 09:00:00+00:00,1.0117073115,1.0071720619
2024-09-12 09:30:00+00:00,1.0113400390,1.0071720619
2024-09-12 10:00:00+00:00,1.0116889479,1.0071720619
2024-09-12 10:30:00+00:00,1.0120103114,1.0071720619
2024-09-12 11:00:00+00:00,1.0117715842,1.0071720619
2024-09-12 11:30:00+00:00,1.0112665845,1.0071720619
2024-09-12 12:00:00+00:00,1.0118909478,1.0071720619
2024-09-12 12:30:00+00:00,1.0123133112,1.0071720619
2024-09-12 13:00:00+00:00,1.0136171288,1.0071720619
2024-09-12 13:30:00+00:00,1.0133967653,1.0071720619
2024-09-12 14:00:00+00:00,1.0133784016,1.0071720619
2024-09-12 14:30:00+00:00,1.0136722197,1.0071720619
2024-09-12 15:00:00+00:00,1.0131580381,1.0071720619
2024-09-12 15:30:00+00:00,1.0136814015,1.0071720619
2024-09-12 16:00:00+00:00,1.0138466741,1.0071720619
2024-09-12 16:30:00+00:00,1.0142414921,1.0071720619
2024-09-12 17:00:00+00:00,1.0142598557,1.0071720619
2024-09-12 17:30:00+00:00,1.0151872189,1.0071720619
2024-09-13 06:00:00+00:00,1.0145918012,1.0071720619
2024-09-13 06:30:00+00:00,1.0148574491,1.0071720619
2024-09-13 07:00:00+00:00,1.0150681354,1.0071720619
2024-09-13 07:30:00+00:00,1.0161124065,1.0071720619
2024-09-13 08:00:00+00:00,1.0158559189,1.0071720619
2024-09-13 08:30:00+00:00,1.0161215668,1.0071720619
2024-09-13 09:00:00+00:00,1.0163230928,1.0071720619
2024-09-13 09:30:00+00:00,1.0160574449,1.0071720619
2024-09-13 10:00:00+00:00,1.0160940860,1.0071720619
2024-09-13 10:30:00+00:00,1.0159200408,1.0071720619
2024-09-13 11:00:00+00:00,1.0156360723,1.0071720619
2024-09-13 11:30:00+00:00,1.0153429436,1.0071720619
2024-09-13 12:00:00+00:00,1.0153429436,1.0071720619
2024-09-13 12:30:00+00:00,1.0161582079,1.0071720619
2024-09-13 13:00:00+00:00,1.0161673681,1.0071720619
2024-09-13 13:30:00+00:00,1.0163139325,1.0071720619
2024-09-13 14:00:00+00:00,1.0159475216,1.0071720619
2024-09-13 14:30:00+00:00,1.0157826367,1.0071720619
2024-09-13 15:00:00+00:00,1.0156452326,1.0071720619
2024-09-13 15:30:00+00:00,1.0153704244,1.0071720619
2024-09-13 16:00:00+00:00,1.0151597381,1.0071720619
2024-09-13 16:30:00+00:00,1.0153246230,1.0071720619
2024-09-13 17:00:00+00:00,1.0152696614,1.0071720619
2024-09-13 17:30:00+00:00,1.0151047765,1.0071720619
2024-09-16 06:00:00+00:00,1.0154614896,1.0071720619
2024-09-16 06:30:00+00:00,1.0165956542,1.0071720619
2024-09-16 07:00:00+00:00,1.0162297947,1.0071720619
2024-09-16 07:30:00+00:00,1.0166322402,1.0071720619
2024-09-16 08:00:00+00:00,1.0173365198,1.0071720619
2024-09-16 08:30:00+00:00,1.0173639593,1.0071720619
2024-09-16 09:00:00+00:00,1.0178212837,1.0071720619
2024-09-16 09:30:00+00:00,1.0171444435,1.0071720619
2024-09-16 10:00:00+00:00,1.0176932329,1.0071720619
2024-09-16 10:30:00+00:00,1.0172724944,1.0071720619
2024-09-16 11:00:00+00:00,1.0171444436,1.0071720619
2024-09-16 11:30:00+00:00,1.0174371312,1.0071720619
2024-09-16 12:00:00+00:00,1.0179584811,1.0071720619
2024-09-16 12:30:00+00:00,1.0175468891,1.0071720619
2024-09-16 13:00:00+00:00,1.0180590924,1.0071720619
2024-09-16 13:30:00+00:00,1.0179676275,1.0071720619
2024-09-16 14:00:00+00:00,1.0177938442,1.0071720619
2024-09-16 14:30:00+00:00,1.0174371312,1.0071720619
2024-09-16 15:00:00+00:00,1.0173731058,1.0071720619
2024-09-16 15:30:00+00:00,1.0173365198,1.0071720619
2024-09-16 16:00:00+00:00,1.0174737171,1.0071720619
2024-09-16 16:30:00+00:00,1.0179127486,1.0071720619
2024-09-16 17:00:00+00:00,1.0173090803,1.0071720619
2024-09-16 17:30:00+00:00,1.0174005452,1.0071720619
2024-09-17 06:00:00+00:00,1.0176931434,1.0071720619
2024-09-17 06:30:00+00:00,1.0168702110,1.0071720619
2024-09-17 07:00:00+00:00,1.0171445218,1.0068989235
2024-09-17 07:30:00+00:00,1.0182783399,1.0051518208
2024-09-17 08:00:00+00:00,1.0180406038,1.0055039307
2024-09-17 08:30:00+00:00,1.0190464102,1.0046768247
2024-09-17 09:00:00+00:00,1.0185892255,1.0051512302
2024-09-17 09:30:00+00:00,1.0184246390,1.0053619746
2024-09-17 10:00:00+00:00,1.0182783399,1.0053976679
2024-09-17 10:30:00+00:00,1.0180954660,1.0055662015
2024-09-17 11:00:00+00:00,1.0180954660,1.0055332601
2024-09-17 11:30:00+00:00,1.0184703575,1.0049781171
2024-09-17 12:00:00+00:00,1.0180771786,1.0055603534
2024-09-17 12:30:00+00:00,1.0172176714,1.0064832739
2024-09-17 13:00:00+00:00,1.0167421993,1.0068032423
2024-09-17 13:30:00+00:00,1.0161570029,1.0072380683
2024-09-17 14:00:00+00:00,1.0171628093,1.0064909816
2024-09-17 14:30:00+00:00,1.0171993840,1.0064638392
2024-09-17 15:00:00+00:00,1.0167604867,1.0067896611
2024-09-17 15:30:00+00:00,1.0165410381,1.0069526643
2024-09-17 16:00:00+00:00,1.0165684692,1.0069322855
2024-09-17 16:30:00+00:00,1.0167239119,1.0068168240
2024-09-17 17:00:00+00:00,1.0164221700,1.0070409835
2024-09-17 17:30:00+00:00,1.0164313137,1.0070341891
2024-09-18 06:00:00+00:00,1.0164495939,1.0069943771
2024-09-18 06:30:00+00:00,1.0162576523,1.0071205891
2024-09-18 07:00:00+00:00,1.0167237962,1.0063760221
2024-09-18 07:30:00+00:00,1.0174001618,1.0053726337
2024-09-18 08:00:00+00:00,1.0174184420,1.0052932041
2024-09-18 08:30:00+00:00,1.0172722008,1.0054211475
2024-09-18 09:00:00+00:00,1.0176012435,1.0049023000
2024-09-18 09:30:00+00:00,1.0180399672,1.0042527770
2024-09-18 10:00:00+00:00,1.0180125469,1.0042933517
2024-09-18 10:30:00+00:00,1.0172904809,1.0053628025
2024-09-18 11:00:00+00:00,1.0169248779,1.0059050206
2024-09-18 11:30:00+00:00,1.0167877767,1.0061084781
2024-09-18 12:00:00+00:00,1.0166872359,1.0061823342
2024-09-18 12:30:00+00:00,1.0165775550,1.0062307605
2024-09-18 13:00:00+00:00,1.0181496480,1.0056149130
2024-09-18 13:30:00+00:00,1.0177840450,1.0059015960
2024-09-18 14:00:00+00:00,1.0160108702,1.0073739385
2024-09-18 14:30:00+00:00,1.0162028118,1.0072233958
2024-09-18 15:00:00+00:00,1.0164313137,1.0070535672
2024-09-18 15:30:00+00:00,1.0159925901,1.0073796973
2024-09-18 16:00:00+00:00,1.0169065977,1.0067005374
2024-09-18 16:30:00+00:00,1.0167603564,1.0068091312
2024-09-18 17:00:00+00:00,1.0164587339,1.0070331922
2024-09-18 17:30:00+00:00,1.0170162786,1.0066191100
2024-09-19 06:00:00+00:00,1.0170710994,1.0065657815
2024-09-19 06:30:00+00:00,1.0183228399,1.0053538755
2024-09-19 07:00:00+00:00,1.0182406087,1.0053486774
2024-09-19 07:30:00+00:00,1.0183867974,1.0053075428
2024-09-19 08:00:00+00:00,1.0194375284,1.0053075428
2024-09-19 08:30:00+00:00,1.0199217784,1.0053075428
2024-09-19 09:00:00+00:00,1.0206344481,1.0053075428
2024-09-19 09:30:00+00:00,1.0212922971,1.0053075428
2024-09-19 10:00:00+00:00,1.0208537311,1.0053075428
2024-09-19 10:30:00+00:00,1.0206161745,1.0053075428
2024-09-19 11:00:00+00:00,1.0195745803,1.0053075428
2024-09-19 11:30:00+00:00,1.0194832124,1.0053075428
2024-09-19 12:00:00+00:00,1.0190811936,1.0053075428
2024-09-19 12:30:00+00:00,1.0165503022,1.0053075428
2024-09-19 13:00:00+00:00,1.0169797314,1.0053075428
2024-09-19 13:30:00+00:00,1.0161939673,1.0053075428
2024-09-19 14:00:00+00:00,1.0167056277,1.0053075428
2024-09-19 14:30:00+00:00,1.0168609531,1.0053075428
2024-09-19 15:00:00+00:00,1.0181857879,1.0053075428
2024-09-19 15:30:00+00:00,1.0184598917,1.0053075428
2024-09-19 16:00:00+00:00,1.0191451510,1.0053075428
2024-09-19 16:30:00+00:00,1.0192639293,1.0053075428
2024-09-19 17:00:00+00:00,1.0191177406,1.0053075428
2024-09-19 17:30:00+00:00,1.0197207689,1.0053075428
2024-09-20 06:00:00+00:00,1.0204880257,1.0053075428
2024-09-20 06:30:00+00:00,1.0208533860,1.0053075428
2024-09-20 07:00:00+00:00,1.0208716541,1.0053075428
2024-09-20 07:30:00+00:00,1.0196111608,1.0053075428
2024-09-20 08:00:00+00:00,1.0192640685,1.0053075428
2024-09-20 08:30:00+00:00,1.0197573050,1.0053075428
2024-09-20 09:00:00+00:00,1.0197390370,1.0053075428
2024-09-20 09:30:00+00:00,1.0194376147,1.0053075428
2024-09-20 10:00:00+00:00,1.0192458005,1.0053075428
2024-09-20 10:30:00+00:00,1.0192823365,1.0053075428
2024-09-20 11:00:00+00:00,1.0192458005,1.0053075428
2024-09-20 11:30:00+00:00,1.0195015527,1.0053075428
2024-09-20 12:00:00+00:00,1.0203875516,1.0053075428
2024-09-20 12:30:00+00:00,1.0206707059,1.0053075428
2024-09-20 13:00:00+00:00,1.0192092644,1.0053075428
2024-09-20 13:30:00+00:00,1.0188713061,1.0053075428
2024-09-20 14:00:00+00:00,1.0179305031,1.0053075428
2024-09-20 14:30:00+00:00,1.0178848331,1.0053075428
2024-09-20 15:00:00+00:00,1.0172819885,1.0053075428
2024-09-20 15:30:00+00:00,1.0192640684,1.0053075428
2024-09-20 16:00:00+00:00,1.0204332216,1.0053075428
2024-09-20 16:30:00+00:00,1.0206159018,1.0053075428
2024-09-20 17:00:00+00:00,1.0199399851,1.0053075428
2024-09-20 17:30:00+00:00,1.0192823364,1.0053075428
2024-09-23 06:00:00+00:00,1.0188531918,1.0053075428
2024-09-23 06:30:00+00:00,1.0188805841,1.0053075428
2024-09-23 07:00:00+00:00,1.0159039641,1.0053075428
2024-09-23 07:30:00+00:00,1.0136578031,1.0065826459
2024-09-23 08:00:00+00:00,1.0128542983,1.0067975195
2024-09-23 08:30:00+00:00,1.0128269061,1.0067759469
2024-09-23 09:00:00+00:00,1.0142604317,1.0050157368
2024-09-23 09:30:00+00:00,1.0140595555,1.0052564588
2024-09-23 10:00:00+00:00,1.0143152161,1.0049501036
2024-09-23 10:30:00+00:00,1.0147078377,1.0044799616
2024-09-23 11:00:00+00:00,1.0153561200,1.0037045596
2024-09-23 11:30:00+00:00,1.0153195971,1.0037482152
2024-09-23 12:00:00+00:00,1.0146073996,1.0046001922
2024-09-23 12:30:00+00:00,1.0155752577,1.0039709395
2024-09-23 13:00:00+00:00,1.0165065928,1.0031306952
2024-09-23 13:30:00+00:00,1.0161961478,1.0034640764
2024-09-23 14:00:00+00:00,1.0167074690,1.0028743901
2024-09-23 14:30:00+00:00,1.0164700698,1.0031480931
2024-09-23 15:00:00+00:00,1.0166161616,1.0029796441
2024-09-23 15:30:00+00:00,1.0162874551,1.0033587281
2024-09-23 16:00:00+00:00,1.0159130949,1.0037907867
2024-09-23 16:30:00+00:00,1.0158126568,1.0039067636
2024-09-23 17:00:00+00:00,1.0158217876,1.0038962192
2024-09-23 17:30:00+00:00,1.0153926430,1.0043920275
2024-09-24 06:00:00+00:00,1.0143696142,1.0049323463
2024-09-24 06:30:00+00:00,1.0152647644,1.0041334253
2024-09-24 07:00:00+00:00,1.0159406942,1.0033313148
2024-09-24 07:30:00+00:00,1.0163882693,1.0028192249
2024-09-24 08:00:00+00:00,1.0173473588,1.0017235273
2024-09-24 08:30:00+00:00,1.0175574451,1.0014838150
2024-09-24 09:00:00+00:00,1.0177309946,1.0012858725
2024-09-24 09:30:00+00:00,1.0171464068,1.0019529173
2024-09-24 10:00:00+00:00,1.0170002598,1.0021198079
2024-09-24 10:30:00+00:00,1.0164704770,1.0023716977
2024-09-24 11:00:00+00:00,1.0161964514,1.0023183083
2024-09-24 11:30:00+00:00,1.0165618188,1.0023183083
2024-09-24 12:00:00+00:00,1.0170550649,1.0023183083
2024-09-24 12:30:00+00:00,1.0176396528,1.0023183083
2024-09-24 13:00:00+00:00,1.0176396528,1.0023183083
2024-09-24 13:30:00+00:00,1.0175117742,1.0023183083
2024-09-24 14:00:00+00:00,1.0194299533,1.0023183083
2024-09-24 14:30:00+00:00,1.0185348030,1.0023183083
2024-09-24 15:00:00+00:00,1.0188270970,1.0023183083
2024-09-24 15:30:00+00:00,1.0184434612,1.0023183083
2024-09-24 16:00:00+00:00,1.0189823782,1.0023183083
2024-09-24 16:30:00+00:00,1.0192472696,1.0023183083
2024-09-24 17:00:00+00:00,1.0191102568,1.0023183083
2024-09-24 17:30:00+00:00,1.0196126370,1.0023183083
2024-09-25 06:00:00+00:00,1.0193576336,1.0023183083
2024-09-25 06:30:00+00:00,1.0191572739,1.0023183083
2024-09-25 07:00:00+00:00,1.0190115577,1.0023183083
2024-09-25 07:30:00+00:00,1.0192665610,1.0023183083
2024-09-25 08:00:00+00:00,1.0186199454,1.0023183083
2024-09-25 08:30:00+00:00,1.0186381599,1.0023183083
2024-09-25 09:00:00+00:00,1.0180826170,1.0023183083
2024-09-25 09:30:00+00:00,1.0184833365,1.0023183083
2024-09-25 10:00:00+00:00,1.0187201253,1.0023183083
2024-09-25 10:30:00+00:00,1.0188476270,1.0023183083
2024-09-25 11:00:00+00:00,1.0185744091,1.0023183083
2024-09-25 11:30:00+00:00,1.0196399588,1.0023183083
2024-09-25 12:00:00+00:00,1.0196126371,1.0023183083
2024-09-25 12:30:00+00:00,1.0198129968,1.0023183083
2024-09-25 13:00:00+00:00,1.0204687197,1.0023183083
2024-09-25 13:30:00+00:00,1.0195762080,1.0023183083
2024-09-25 14:00:00+00:00,1.0183194059,1.0030319690
2024-09-25 14:30:00+00:00,1.0175179668,1.0039596174
2024-09-25 15:00:00+00:00,1.0161154484,1.0052264642
2024-09-25 15:30:00+00:00,1.0148404317,1.0059861170
2024-09-25 16:00:00+00:00,1.0145945357,1.0061380810
2024-09-25 16:30:00+00:00,1.0140572072,1.0064703587
2024-09-25 17:00:00+00:00,1.0139479201,1.0065379756
2024-09-25 17:30:00+00:00,1.0142757815,1.0063351604
2024-09-26 06:00:00+00:00,1.0145032017,1.0062360797
2024-09-26 06:30:00+00:00,1.0146214602,1.0061006618
2024-09-26 07:00:00+00:00,1.0141484262,1.0066398181
2024-09-26 07:30:00+00:00,1.0129294541,1.0077335111
2024-09-26 08:00:00+00:00,1.0129840349,1.0076727904
2024-09-26 08:30:00+00:00,1.0135116497,1.0073487567
2024-09-26 09:00:00+00:00,1.0141757166,1.0069413087
2024-09-26 09:30:00+00:00,1.0137299731,1.0072147535
2024-09-26 10:00:00+00:00,1.0139846837,1.0070584755
2024-09-26 10:30:00+00:00,1.0146487506,1.0068263645
2024-09-26 11:00:00+00:00,1.0144941049,1.0069016213
2024-09-26 11:30:00+00:00,1.0146578474,1.0068058968
2024-09-26 12:00:00+00:00,1.0154037855,1.0061218196
2024-09-26 12:30:00+00:00,1.0144031368,1.0072977693
2024-09-26 13:00:00+00:00,1.0148033963,1.0070036287
2024-09-26 13:30:00+00:00,1.0133842945,1.0069415201
2024-09-26 14:00:00+00:00,1.0135480370,1.0069415201
2024-09-26 14:30:00+00:00,1.0156403027,1.0069415201
2024-09-26 15:00:00+00:00,1.0165863706,1.0069415201
2024-09-26 15:30:00+00:00,1.0172777279,1.0069415201
2024-09-26 16:00:00+00:00,1.0163680472,1.0069415201
2024-09-26 16:30:00+00:00,1.0160587558,1.0069415201
2024-09-26 17:00:00+00:00,1.0166591451,1.0069415201
2024-09-26 17:30:00+00:00,1.0169957269,1.0066831441
2024-09-27 06:00:00+00:00,1.0176516181,1.0064608217
2024-09-27 06:30:00+00:00,1.0158114790,1.0064314141
2024-09-27 07:00:00+00:00,1.0139804494,1.0064314141
2024-09-27 07:30:00+00:00,1.0141717510,1.0064314141
2024-09-27 08:00:00+00:00,1.0145361350,1.0064314141
2024-09-27 08:30:00+00:00,1.0152193550,1.0064314141
2024-09-27 09:00:00+00:00,1.0157112734,1.0064314141
2024-09-27 09:30:00+00:00,1.0165766854,1.0058104959
2024-09-27 10:00:00+00:00,1.0169228502,1.0052998352
2024-09-27 10:30:00+00:00,1.0169410694,1.0052761577
2024-09-27 11:00:00+00:00,1.0167042198,1.0055840421
2024-09-27 11:30:00+00:00,1.0168499734,1.0053945552
2024-09-27 12:00:00+00:00,1.0162305206,1.0062003093
2024-09-27 12:30:00+00:00,1.0202569639,1.0035280220
2024-09-27 13:00:00+00:00,1.0191729215,1.0034676628
2024-09-27 13:30:00+00:00,1.0189269623,1.0034676628
2024-09-27 14:00:00+00:00,1.0185625783,1.0034676628
2024-09-27 14:30:00+00:00,1.0183166191,1.0034676628
2024-09-27 15:00:00+00:00,1.0171688095,1.0034676628
2024-09-27 15:30:00+00:00,1.0164855895,1.0034676628
2024-09-27 16:00:00+00:00,1.0161576439,1.0034676628
2024-09-27 16:30:00+00:00,1.0158752463,1.0034676628
2024-09-27 17:00:00+00:00,1.0165949047,1.0034676628
2024-09-27 17:30:00+00:00,1.0169775079,1.0034676628
2024-09-30 06:00:00+00:00,1.0166860738,1.0034676628
2024-09-30 06:30:00+00:00,1.0171232250,1.0034676628
2024-09-30 07:00:00+00:00,1.0167407177,1.0034676628
2024-09-30 07:30:00+00:00,1.0174875176,1.0034676628
2024-09-30 08:00:00+00:00,1.0190721906,1.0034676628
2024-09-30 08:30:00+00:00,1.0205475757,1.0034676628
2024-09-30 09:00:00+00:00,1.0194820197,1.0034676628
2024-09-30 09:30:00+00:00,1.0190721905,1.0034676628
2024-09-30 10:00:00+00:00,1.0188445077,1.0034676628
2024-09-30 10:30:00+00:00,1.0191086198,1.0034676628
2024-09-30 11:00:00+00:00,1.0194000539,1.0034676628
2024-09-30 11:30:00+00:00,1.0198189904,1.0034676628
2024-09-30 12:00:00+00:00,1.0192907661,1.0034676628
2024-09-30 12:30:00+00:00,1.0190904052,1.0034676628
2024-09-30 13:00:00+00:00,1.0176969859,1.0034676628
2024-09-30 13:30:00+00:00,1.0171505469,1.0034676628
2024-09-30 14:00:00+00:00,1.0150467570,1.0034676628
2024-09-30 14:30:00+00:00,1.0162216007,1.0034676628
2024-09-30 15:00:00+00:00,1.0154110496,1.0034676628
2024-09-30 15:30:00+00:00,1.0149374692,1.0034676628
2024-09-30 16:00:00+00:00,1.0147006790,1.0034676628
2024-09-30 16:30:00+00:00,1.0153199765,1.0034676628
2024-09-30 17:00:00+00:00,1.0159848105,1.0034676628
2024-09-30 17:30:00+00:00,1.0157389130,1.0034676628
2024-10-01 06:00:00+00:00,1.0157936325,1.0034676628
2024-10-01 06:30:00+00:00,1.0154653158,1.0034676628
2024-10-01 07:00:00+00:00,1.0141429291,1.0034676628
2024-10-01 07:30:00+00:00,1.0136778137,1.0034676628
2024-10-01 08:00:00+00:00,1.0133403771,1.0034676628
2024-10-01 08:30:00+00:00,1.0125834247,1.0034676628
2024-10-01 09:00:00+00:00,1.0128114224,1.0034676628
2024-10-01 09:30:00+00:00,1.0118629519,1.0034676628
2024-10-01 10:00:00+00:00,1.0112154384,1.0034676628
2024-10-01 10:30:00+00:00,1.0111242393,1.0034676628
2024-10-01 11:00:00+00:00,1.0110512801,1.0034676628
2024-10-01 11:30:00+00:00,1.0109053615,1.0034676628
2024-10-01 12:00:00+00:00,1.0104311263,1.0034676628
2024-10-01 12:30:00+00:00,1.0096650540,1.0034676628
2024-10-01 13:00:00+00:00,1.0101940087,1.0034676628
2024-10-01 13:30:00+00:00,1.0097288933,1.0034676628
2024-10-01 14:00:00+00:00,1.0100845698,1.0034676628
2024-10-01 14:30:00+00:00,1.0101757689,1.0034676628
2024-10-01 15:00:00+00:00,1.0092455382,1.0034676628
2024-10-01 15:30:00+00:00,1.0092272984,1.0034676628
2024-10-01 16:00:00+00:00,1.0086527442,1.0034676628
2024-10-01 16:30:00+00:00,1.0081602691,1.0034676628
2024-10-01 17:00:00+00:00,1.0079687511,1.0034676628
2024-10-01 17:30:00+00:00,1.0088716220,1.0034676628
2024-10-02 06:00:00+00:00,1.0093823415,1.0034676628
2024-10-02 06:30:00+00:00,1.0092637816,1.0034676628
2024-10-02 07:00:00+00:00,1.0093823415,1.0034676628
2024-10-02 07:30:00+00:00,1.0092729016,1.0034676628
2024-10-02 08:00:00+00:00,1.0103855405,1.0034676628
2024-10-02 08:30:00+00:00,1.0098018610,1.0034676628
2024-10-02 09:00:00+00:00,1.0091634617,1.0034676628
2024-10-02 09:30:00+00:00,1.0097106611,1.0034676628
2024-10-02 10:00:00+00:00,1.0097745010,1.0034676628
2024-10-02 10:30:00+00:00,1.0092911415,1.0034676628
2024-10-02 11:00:00+00:00,1.0097289011,1.0034676628
2024-10-02 11:30:00+00:00,1.0100937007,1.0034676628
2024-10-02 12:00:00+00:00,1.0087348220,1.0034676628
2024-10-02 12:30:00+00:00,1.0080781827,1.0034676628
2024-10-02 13:00:00+00:00,1.0081785026,1.0034676628
2024-10-02 13:30:00+00:00,1.0078684229,1.0034676628
2024-10-02 14:00:00+00:00,1.0071205836,1.0034676628
2024-10-02 14:30:00+00:00,1.0065095442,1.0034676628
2024-10-02 15:00:00+00:00,1.0070293837,1.0034676628
2024-10-02 15:30:00+00:00,1.0077133830,1.0034676628
2024-10-02 16:00:00+00:00,1.0076130631,1.0034676628
2024-10-02 16:30:00+00:00,1.0074671433,1.0034676628
2024-10-02 17:00:00+00:00,1.0074580233,1.0034676628
2024-10-02 17:30:00+00:00,1.0075127432,1.0034676628
2024-10-03 06:00:00+00:00,1.0076406396,1.0034676628
2024-10-03 06:30:00+00:00,1.0083714760,1.0034676628
2024-10-03 07:00:00+00:00,1.0081887669,1.0034676628
2024-10-03 07:30:00+00:00,1.0079329742,1.0034676628
2024-10-03 08:00:00+00:00,1.0087003523,1.0034676628
2024-10-03 08:30:00+00:00,1.0083440696,1.0034676628
2024-10-03 09:00:00+00:00,1.0087368941,1.0034676628
2024-10-03 09:30:00+00:00,1.0081887669,1.0034676628
2024-10-03 10:00:00+00:00,1.0082709860,1.0034676628
2024-10-03 10:30:00+00:00,1.0088099778,1.0034676628
2024-10-03 11:00:00+00:00,1.0086912169,1.0034676628
2024-10-03 11:30:00+00:00,1.0088191133,1.0034676628
2024-10-03 12:00:00+00:00,1.0084080178,1.0034676628
2024-10-03 12:30:00+00:00,1.0078416196,1.0034676628
2024-10-03 13:00:00+00:00,1.0086181333,1.0034676628
2024-10-03 13:30:00+00:00,1.0083532051,1.0034676628
2024-10-03 14:00:00+00:00,1.0075127433,1.0034676628
2024-10-03 14:30:00+00:00,1.0064530306,1.0034676628
2024-10-03 15:00:00+00:00,1.0060419352,1.0034676628
2024-10-03 15:30:00+00:00,1.0062337797,1.0034676628
2024-10-03 16:00:00+00:00,1.0071747315,1.0034676628
2024-10-03 16:30:00+00:00,1.0076771815,1.0034676628
2024-10-03 17:00:00+00:00,1.0078233488,1.0034676628
2024-10-03 17:30:00+00:00,1.0079147033,1.0034676628
2024-10-04 06:00:00+00:00,1.0076771901,1.0034676628
2024-10-04 06:30:00+00:00,1.0078050819,1.0034676628
2024-10-04 07:00:00+00:00,1.0078416224,1.0034676628
2024-10-04 07:30:00+00:00,1.0074214067,1.0034676628
2024-10-04 08:00:00+00:00,1.0070925422,1.0034676628
2024-10-04 08:30:00+00:00,1.0072021637,1.0034676628
2024-10-04 09:00:00+00:00,1.0072112989,1.0034676628
2024-10-04 09:30:00+00:00,1.0073483257,1.0034676628
2024-10-04 10:00:00+00:00,1.0075127579,1.0034676628
2024-10-04 10:30:00+00:00,1.0073848662,1.0034676628
2024-10-04 11:00:00+00:00,1.0077685414,1.0034676628
2024-10-04 11:30:00+00:00,1.0078233521,1.0034676628
2024-10-04 12:00:00+00:00,1.0076954604,1.0034676628
2024-10-04 12:30:00+00:00,1.0013008742,1.0034676628
2024-10-04 13:00:00+00:00,1.0016114684,1.0034676628
2024-10-04 13:30:00+00:00,1.0024153593,1.0034676628
2024-10-04 14:00:00+00:00,1.0022326568,1.0034676628
2024-10-04 14:30:00+00:00,1.0020682246,1.0034676628
2024-10-04 15:00:00+00:00,1.0009902800,1.0034676628
2024-10-04 15:30:00+00:00,1.0012643337,1.0034676628
2024-10-04 16:00:00+00:00,1.0006431453,1.0034676628
2024-10-04 16:30:00+00:00,1.0011912527,1.0034676628
2024-10-04 17:00:00+00:00,1.0015749279,1.0034676628
2024-10-04 17:30:00+00:00,1.0019311977,1.0034676628
2024-10-07 06:00:00+00:00,1.0016663178,1.0034676628
2024-10-07 06:30:00+00:00,1.0020864721,1.0034676628
2024-10-07 07:00:00+00:00,1.0013375013,1.0034676628
2024-10-07 07:30:00+00:00,1.0019311977,1.0034676628
2024-10-07 08:00:00+00:00,1.0023970210,1.0034676628
2024-10-07 08:30:00+00:00,1.0019951342,1.0034676628
2024-10-07 09:00:00+00:00,1.0010634875,1.0034676628
2024-10-07 09:30:00+00:00,1.0009538820,1.0034676628
2024-10-07 10:00:00+00:00,1.0014288392,1.0034676628
2024-10-07 10:30:00+00:00,1.0015384447,1.0034676628
2024-10-07 11:00:00+00:00,1.0021686762,1.0034676628
2024-10-07 11:30:00+00:00,1.0025979644,1.0034676628
2024-10-07 12:00:00+00:00,1.0024700913,1.0034676628
2024-10-07 12:30:00+00:00,1.0026344996,1.0034676628
2024-10-07 13:00:00+00:00,1.0024152886,1.0034676628
2024-10-07 13:30:00+00:00,1.0028719781,1.0034676628
2024-10-07 14:00:00+00:00,1.0025614292,1.0034676628
2024-10-07 14:30:00+00:00,1.0024061548,1.0034676628
2024-10-07 15:00:00+00:00,1.0025888306,1.0034676628
2024-10-07 15:30:00+00:00,1.0025340279,1.0034676628
2024-10-07 16:00:00+00:00,1.0029541822,1.0034676628
2024-10-07 16:30:00+00:00,1.0032555973,1.0034676628
2024-10-07 17:00:00+00:00,1.0032373298,1.0034676628
2024-10-07 17:30:00+00:00,1.0031003229,1.0034676628
2024-10-08 06:00:00+00:00,1.0031459881,1.0034676628
2024-10-08 06:30:00+00:00,1.0031551212,1.0034676628
2024-10-08 07:00:00+00:00,1.0028811299,1.0034676628
2024-10-08 07:30:00+00:00,1.0042145541,1.0034676628
2024-10-08 08:00:00+00:00,1.0036026402,1.0034676628
2024-10-08 08:30:00+00:00,1.0040775584,1.0034676628
2024-10-08 09:00:00+00:00,1.0036483054,1.0034676628
2024-10-08 09:30:00+00:00,1.0035021767,1.0034676628
2024-10-08 10:00:00+00:00,1.0037122367,1.0034676628
2024-10-08 10:30:00+00:00,1.0032829837,1.0034676628
2024-10-08 11:00:00+00:00,1.0029359281,1.0034676628
2024-10-08 11:30:00+00:00,1.0035113097,1.0034676628
2024-10-08 12:00:00+00:00,1.0027441342,1.0034676628
2024-10-08 12:30:00+00:00,1.0024427438,1.0034676628
2024-10-08 13:00:00+00:00,1.0027350011,1.0034676628
2024-10-08 13:30:00+00:00,1.0026162716,1.0034676628
2024-10-08 14:00:00+00:00,1.0022783490,1.0034676628
2024-10-08 14:30:00+00:00,1.0019860916,1.0034676628
2024-10-08 15:00:00+00:00,1.0014563751,1.0034676628
2024-10-08 15:30:00+00:00,1.0018764951,1.0034676628
2024-10-08 16:00:00+00:00,1.0024336107,1.0034676628
2024-10-08 16:30:00+00:00,1.0024244776,1.0034676628
2024-10-08 17:00:00+00:00,1.0021504864,1.0034676628
2024-10-08 17:30:00+00:00,1.0023057481,1.0034676628
2024-10-09 06:00:00+00:00,1.0017120246,1.0034676628
2024-10-09 06:30:00+00:00,1.0013740589,1.0034676628
2024-10-09 07:00:00+00:00,1.0009447511,1.0034676628
2024-10-09 07:30:00+00:00,1.0011457037,1.0034676628
2024-10-09 08:00:00+00:00,1.0009082143,1.0034676628
2024-10-09 08:30:00+00:00,1.0009173485,1.0034676628
2024-10-09 09:00:00+00:00,1.0012370458,1.0034676628
2024-10-09 09:30:00+00:00,1.0017211588,1.0034676628
2024-10-09 10:00:00+00:00,1.0017120246,1.0034676628
2024-10-09 10:30:00+00:00,1.0016206825,1.0034676628
2024-10-09 11:00:00+00:00,1.0013557905,1.0034676628
2024-10-09 11:30:00+00:00,1.0005611144,1.0034676628
2024-10-09 12:00:00+00:00,1.0006159197,1.0034676628
2024-10-09 12:30:00+00:00,1.0008168722,1.0034676628
2024-10-09 13:00:00+00:00,1.0003966987,1.0034676628
2024-10-09 13:30:00+00:00,1.0004880407,1.0034676628
2024-10-09 14:00:00+00:00,1.0005428460,1.0034676628
2024-10-09 14:30:00+00:00,1.0000130619,1.0034676628
2024-10-09 15:00:00+00:00,1.0005428460,1.0034676628
2024-10-09 15:30:00+00:00,1.0002779540,1.0034676628
2024-10-09 16:00:00+00:00,0.9999491225,1.0034676628
2024-10-09 16:30:00+00:00,0.9994284726,1.0034676628
2024-10-09 17:00:00+00:00,0.9990813727,1.0034676628
2024-10-09 17:30:00+00:00,0.9992275201,1.0034676628
2024-10-10 06:00:00+00:00,0.9994650138,1.0034676628
2024-10-10 06:30:00+00:00,0.9990265638,1.0034676628
2024-10-10 07:00:00+00:00,0.9988804138,1.0034676628
2024-10-10 07:30:00+00:00,0.9990813701,1.0034676628
2024-10-10 08:00:00+00:00,0.9986337857,1.0034676628
2024-10-10 08:30:00+00:00,0.9986611888,1.0034676628
2024-10-10 09:00:00+00:00,0.9985515763,1.0034676628
2024-10-10 09:30:00+00:00,0.9987342638,1.0034676628
2024-10-10 10:00:00+00:00,0.9987525326,1.0034676628
2024-10-10 10:30:00+00:00,0.9992275201,1.0034676628
2024-10-10 11:00:00+00:00,0.9987890701,1.0036731581
2024-10-10 11:30:00+00:00,0.9984785013,1.0039902764
2024-10-10 12:00:00+00:00,0.9985972482,1.0038488553
2024-10-10 12:30:00+00:00,0.9996842388,1.0031496255
2024-10-10 13:00:00+00:00,0.9997573138,1.0030916023
2024-10-10 13:30:00+00:00,0.9990631013,1.0030916023
2024-10-10 14:00:00+00:00,0.9976929451,1.0030916023
2024-10-10 14:30:00+00:00,0.9976838108,1.0030916023
2024-10-10 15:00:00+00:00,0.9981039920,1.0030916023
2024-10-10 15:30:00+00:00,0.9979213045,1.0030916023
2024-10-10 16:00:00+00:00,0.9980765889,1.0030916023
2024-10-10 16:30:00+00:00,0.9962131765,1.0030916023
2024-10-10 17:00:00+00:00,0.9970535389,1.0030916023
2024-10-10 17:30:00+00:00,0.9974006452,1.0030916023
2024-10-11 06:00:00+00:00,0.9976013001,1.0030916023
2024-10-11 06:30:00+00:00,0.9978110756,1.0030916023
2024-10-11 07:00:00+00:00,0.9975283347,1.0030916023
2024-10-11 07:30:00+00:00,0.9982215061,1.0030916023
2024-10-11 08:00:00+00:00,0.9986410572,1.0030916023
2024-10-11 08:30:00+00:00,0.9986775399,1.0030916023
2024-10-11 09:00:00+00:00,0.9984039196,1.0030916023
2024-10-11 09:30:00+00:00,0.9977107482,1.0030916023
2024-10-11 10:00:00+00:00,0.9973641625,1.0030916023
2024-10-11 10:30:00+00:00,0.9973550418,1.0030352783
2024-10-11 11:00:00+00:00,0.9967713186,1.0032204460
2024-10-11 11:30:00+00:00,0.9969810941,1.0031853892
2024-10-11 12:00:00+00:00,0.9979478858,1.0023657834
2024-10-11 12:30:00+00:00,0.9971817490,1.0026194775
2024-10-11 13:00:00+00:00,0.9972364730,1.0025844487
2024-10-11 13:30:00+00:00,0.9977289896,1.0025844487
2024-10-11 14:00:00+00:00,0.9980755753,1.0025844487
2024-10-11 14:30:00+00:00,0.9980755753,1.0025844487
2024-10-11 15:00:00+00:00,0.9987140226,1.0025844487
2024-10-11 15:30:00+00:00,0.9979296444,1.0025844487
2024-10-11 16:00:00+00:00,0.9983674369,1.0025844487
2024-10-11 16:30:00+00:00,0.9982488681,1.0025844487
2024-10-11 17:00:00+00:00,0.9981850234,1.0025844487
2024-10-11 17:30:00+00:00,0.9981120579,1.0025844487
2024-10-14 06:00:00+00:00,0.9983587061,1.0025844487
2024-10-14 06:30:00+00:00,0.9980115717,1.0025844487
2024-10-14 07:00:00+00:00,0.9981303282,1.0025844487
2024-10-14 07:30:00+00:00,0.9983221657,1.0025844487
2024-10-14 08:00:00+00:00,0.9982034091,1.0025844487
2024-10-14 08:30:00+00:00,0.9981942740,1.0025844487
2024-10-14 09:00:00+00:00,0.9989068132,1.0025844487
2024-10-14 09:30:00+00:00,0.9983769764,1.0025844487
2024-10-14 10:00:00+00:00,0.9982399496,1.0025844487
2024-10-14 10:30:00+00:00,0.9978105991,1.0025844487
2024-10-14 11:00:00+00:00,0.9971346004,1.0025844487
2024-10-14 11:30:00+00:00,0.9968970874,1.0025844487
2024-10-14 12:00:00+00:00,0.9971071951,1.0025844487
2024-10-14 12:30:00+00:00,0.9965864934,1.0025844487
2024-10-14 13:00:00+00:00,0.9966961148,1.0025844487
2024-10-14 13:30:00+00:00,0.9974817349,1.0025844487
2024-10-14 14:00:00+00:00,0.9967143851,1.0025844487
2024-10-14 14:30:00+00:00,0.9970889249,1.0025844487
2024-10-14 15:00:00+00:00,0.9968605469,1.0025844487
2024-10-14 15:30:00+00:00,0.9963672506,1.0025844487
2024-10-14 16:00:00+00:00,0.9958922245,1.0025844487
2024-10-14 16:30:00+00:00,0.9958739542,1.0025844487
2024-10-14 17:00:00+00:00,0.9956364412,1.0025844487
2024-10-14 17:30:00+00:00,0.9960931970,1.0025844487
2024-10-15 06:00:00+00:00,0.9959377247,1.0025844487
2024-10-15 06:30:00+00:00,0.9961755059,1.0025844487
2024-10-15 07:00:00+00:00,0.9960474699,1.0025844487
2024-10-15 07:30:00+00:00,0.9967242320,1.0025844487
2024-10-15 08:00:00+00:00,0.9973095397,1.0025844487
2024-10-15 08:30:00+00:00,0.9978033931,1.0025844487
2024-10-15 09:00:00+00:00,0.9975473210,1.0025844487
2024-10-15 09:30:00+00:00,0.9981143379,1.0025844487
2024-10-15 10:00:00+00:00,0.9978948475,1.0025844487
2024-10-15 10:30:00+00:00,0.9971083402,1.0025844487
2024-10-15 11:00:00+00:00,0.9967973955,1.0025844487
2024-10-15 11:30:00+00:00,0.9969528679,1.0025844487
2024-10-15 12:00:00+00:00,0.9975290302,1.0025844487
2024-10-15 12:30:00+00:00,0.9977668114,1.0025844487
2024-10-15 13:00:00+00:00,0.9979863019,1.0025844487
2024-10-15 13:30:00+00:00,0.9977576660,1.0025844487
2024-10-15 14:00:00+00:00,0.9972363763,1.0025844487
2024-10-15 14:30:00+00:00,0.9970991948,1.0025844487
2024-10-15 15:00:00+00:00,0.9974192849,1.0025844487
2024-10-15 15:30:00+00:00,0.9967608137,1.0025844487
2024-10-15 16:00:00+00:00,0.9963949963,1.0025844487
2024-10-15 16:30:00+00:00,0.9958919975,1.0025844487
2024-10-15 17:00:00+00:00,0.9954347258,1.0025844487
2024-10-15 17:30:00+00:00,0.9954987439,1.0025844487
2024-10-16 06:00:00+00:00,0.9948861574,1.0025844487
2024-10-16 06:30:00+00:00,0.9945478633,1.0025844487
2024-10-16 07:00:00+00:00,0.9950598759,1.0025844487
2024-10-16 07:30:00+00:00,0.9949775882,1.0025844487
2024-10-16 08:00:00+00:00,0.9948770143,1.0025844487
2024-10-16 08:30:00+00:00,0.9950781621,1.0025844487
2024-10-16 09:00:00+00:00,0.9961844750,1.0025844487
2024-10-16 09:30:00+00:00,0.9961021873,1.0025844487
2024-10-16 10:00:00+00:00,0.9960747580,1.0025844487
2024-10-16 10:30:00+00:00,0.9956816055,1.0025844487
2024-10-16 11:00:00+00:00,0.9957638933,1.0025844487
2024-10-16 11:30:00+00:00,0.9960839011,1.0025844487
2024-10-16 12:00:00+00:00,0.9964130521,1.0025844487
2024-10-16 12:30:00+00:00,0.9955718886,1.0025844487
2024-10-16 13:00:00+00:00,0.9959193257,1.0025844487
2024-10-16 13:30:00+00:00,0.9956907486,1.0025844487
2024-10-16 14:00:00+00:00,0.9943558587,1.0025844487
2024-10-16 14:30:00+00:00,0.9947490112,1.0025844487
2024-10-16 15:00:00+00:00,0.9942187125,1.0025844487
2024-10-16 15:30:00+00:00,0.9940724232,1.0025844487
2024-10-16 16:00:00+00:00,0.9941364247,1.0025844487
2024-10-16 16:30:00+00:00,0.9936884137,1.0025844487
2024-10-16 17:00:00+00:00,0.9932495458,1.0025844487
2024-10-16 17:30:00+00:00,0.9931398288,1.0025844487
2024-10-17 06:00:00+00:00,0.9930483323,1.0025844487
2024-10-17 06:30:00+00:00,0.9928104413,1.0026941307
2024-10-17 07:00:00+00:00,0.9930666316,1.0025636209
2024-10-17 07:30:00+00:00,0.9931764274,1.0025301256
2024-10-17 08:00:00+00:00,0.9932130260,1.0025301256
2024-10-17 08:30:00+00:00,0.9928836386,1.0025301256
2024-10-17 09:00:00+00:00,0.9929659854,1.0025301256
2024-10-17 09:30:00+00:00,0.9935424135,1.0020303836
2024-10-17 10:00:00+00:00,0.9937894541,1.0015933343
2024-10-17 10:30:00+00:00,0.9940364947,1.0012199795
2024-10-17 11:00:00+00:00,0.9942469367,1.0009907493
2024-10-17 11:30:00+00:00,0.9939449982,1.0009169946
2024-10-17 12:00:00+00:00,0.9941920388,1.0009169946
2024-10-17 12:30:00+00:00,0.9920967685,1.0009169946
2024-10-17 13:00:00+00:00,0.9894433693,1.0009169946
2024-10-17 13:30:00+00:00,0.9911909529,1.0009169946
2024-10-17 14:00:00+00:00,0.9900655457,1.0009169946
2024-10-17 14:30:00+00:00,0.9907792185,1.0009169946
2024-10-17 15:00:00+00:00,0.9915660886,1.0009169946
2024-10-17 15:30:00+00:00,0.9915111907,1.0009169946
2024-10-17 16:00:00+00:00,0.9904681303,1.0009169946
2024-10-17 16:30:00+00:00,0.9904315317,1.0009169946
2024-10-17 17:00:00+00:00,0.9902668380,1.0009169946
2024-10-17 17:30:00+00:00,0.9905047289,1.0009169946
2024-10-18 06:00:00+00:00,0.9907239621,1.0009169946
2024-10-18 06:30:00+00:00,0.9905960761,1.0009169946
2024-10-18 07:00:00+00:00,0.9899931848,1.0009169946
2024-10-18 07:30:00+00:00,0.9902946305,1.0009169946
2024-10-18 08:00:00+00:00,0.9906508844,1.0009169946
2024-10-18 08:30:00+00:00,0.9900023195,1.0009169946
2024-10-18 09:00:00+00:00,0.9898744335,1.0009169946
2024-10-18 09:30:00+00:00,0.9906052108,1.0009169946
2024-10-18 10:00:00+00:00,0.9905138637,1.0009169946
2024-10-18 10:30:00+00:00,0.9906600191,1.0009169946
2024-10-18 11:00:00+00:00,0.9906508844,1.0009169946
2024-10-18 11:30:00+00:00,0.9909614648,1.0009169946
2024-10-18 12:00:00+00:00,0.9910345425,1.0009169946
2024-10-18 12:30:00+00:00,0.9919754183,1.0009169946
2024-10-18 13:00:00+00:00,0.9921124391,1.0009169946
2024-10-18 13:30:00+00:00,0.9917470504,1.0009169946
2024-10-18 14:00:00+00:00,0.9919936877,1.0009169946
2024-10-18 14:30:00+00:00,0.9917744545,1.0009169946
2024-10-18 15:00:00+00:00,0.9920119572,1.0009169946
2024-10-18 15:30:00+00:00,0.9914456047,1.0009169946
2024-10-18 16:00:00+00:00,0.9923499417,1.0009169946
2024-10-18 16:30:00+00:00,0.9926513873,1.0009169946
2024-10-18 17:00:00+00:00,0.9922311904,1.0009169946
2024-10-18 17:30:00+00:00,0.9922129209,1.0009169946
2024-10-21 06:00:00+00:00,0.9918840045,1.0009169946
2024-10-21 06:30:00+00:00,0.9915368150,1.0009169946
2024-10-21 07:00:00+00:00,0.9915916344,1.0009169946
2024-10-21 07:30:00+00:00,0.9911530792,1.0009169946
2024-10-21 08:00:00+00:00,0.9914819956,1.0009169946
2024-10-21 08:30:00+00:00,0.9918109120,1.0009169946
2024-10-21 09:00:00+00:00,0.9919022777,1.0009169946
2024-10-21 09:30:00+00:00,0.9910068941,1.0009169946
2024-10-21 10:00:00+00:00,0.9909520747,1.0009169946
2024-10-21 10:30:00+00:00,0.9910799866,1.0009169946
2024-10-21 11:00:00+00:00,0.9914271762,1.0009169946
2024-10-21 11:30:00+00:00,0.9918474583,1.0009169946
2024-10-21 12:00:00+00:00,0.9919205508,1.0009169946
2024-10-21 12:30:00+00:00,0.9919936433,1.0009169946
2024-10-21 13:00:00+00:00,0.9915368150,1.0009169946
2024-10-21 13:30:00+00:00,0.9910799866,1.0009169946
2024-10-21 14:00:00+00:00,0.9904587001,1.0009169946
2024-10-21 14:30:00+00:00,0.9899470523,1.0009169946
2024-10-21 15:00:00+00:00,0.9890882150,1.0009169946
2024-10-21 15:30:00+00:00,0.9885765673,1.0009169946
2024-10-21 16:00:00+00:00,0.9885308844,1.0009169946
2024-10-21 16:30:00+00:00,0.9884486553,1.0009169946
2024-10-21 17:00:00+00:00,0.9884669285,1.0009169946
2024-10-21 17:30:00+00:00,0.9882293777,1.0009169946
2024-10-22 06:00:00+00:00,0.9887774096,1.0009169946
2024-10-22 06:30:00+00:00,0.9887956773,1.0009169946
2024-10-22 07:00:00+00:00,0.9890148901,1.0009169946
2024-10-22 07:30:00+00:00,0.9898004025,1.0009169946
2024-10-22 08:00:00+00:00,0.9892432367,1.0009169946
2024-10-22 08:30:00+00:00,0.9889235514,1.0009169946
2024-10-22 09:00:00+00:00,0.9889418192,1.0009169946
2024-10-22 09:30:00+00:00,0.9879188262,1.0009169946
2024-10-22 10:00:00+00:00,0.9886678031,1.0009169946
2024-10-22 10:30:00+00:00,0.9890788271,1.0009169946
2024-10-22 11:00:00+00:00,0.9890057561,1.0009169946
2024-10-22 11:30:00+00:00,0.9880741019,1.0009169946
2024-10-22 12:00:00+00:00,0.9880832358,1.0009169946
2024-10-22 12:30:00+00:00,0.9875352038,1.0009169946
2024-10-22 13:00:00+00:00,0.9880284325,1.0009169946
2024-10-22 13:30:00+00:00,0.9871333137,1.0009169946
2024-10-22 14:00:00+00:00,0.9869323687,1.0009169946
2024-10-22 14:30:00+00:00,0.9873342588,1.0009169946
2024-10-22 15:00:00+00:00,0.9876996133,1.0009169946
2024-10-22 15:30:00+00:00,0.9868775655,1.0009169946
2024-10-22 16:00:00+00:00,0.9872429201,1.0009169946
2024-10-22 16:30:00+00:00,0.9871515814,1.0009169946
2024-10-22 17:00:00+00:00,0.9867314236,1.0009169946
2024-10-22 17:30:00+00:00,0.9867222898,1.0009169946
2024-10-23 06:00:00+00:00,0.9858274940,1.0009169946
2024-10-23 06:30:00+00:00,0.9854257490,1.0009169946
2024-10-23 07:00:00+00:00,0.9847318258,1.0009169946
2024-10-23 07:30:00+00:00,0.9844396476,1.0009169946
2024-10-23 08:00:00+00:00,0.9844213865,1.0009169946
2024-10-23 08:30:00+00:00,0.9850331346,1.0009169946
2024-10-23 09:00:00+00:00,0.9846039979,1.0009169946
2024-10-23 09:30:00+00:00,0.9844944311,1.0009169946
2024-10-23 10:00:00+00:00,0.9843848643,1.0009169946
2024-10-23 10:30:00+00:00,0.9840561638,1.0009169946
2024-10-23 11:00:00+00:00,0.9840744249,1.0009169946
2024-10-23 11:30:00+00:00,0.9827413620,1.0009169946
2024-10-23 12:00:00+00:00,0.9827961454,1.0009169946
2024-10-23 12:30:00+00:00,0.9837639856,1.0009169946
2024-10-23 13:00:00+00:00,0.9841931223,1.0009169946
2024-10-23 13:30:00+00:00,0.9838278996,1.0009169946
2024-10-23 14:00:00+00:00,0.9842935586,1.0009169946
2024-10-23 14:30:00+00:00,0.9837822467,1.0009169946
2024-10-23 15:00:00+00:00,0.9843666032,1.0009169946
2024-10-23 15:30:00+00:00,0.9841657307,1.0009169946
2024-10-23 16:00:00+00:00,0.9835265908,1.0009169946
2024-10-23 16:30:00+00:00,0.9836635493,1.0009169946
2024-10-23 17:00:00+00:00,0.9834352851,1.0009169946
2024-10-23 17:30:00+00:00,0.9832618043,1.0009169946
2024-10-24 06:00:00+00:00,0.9830613060,1.0009169946
2024-10-24 06:30:00+00:00,0.9827514451,1.0009169946
2024-10-24 07:00:00+00:00,0.9818036350,1.0009169946
2024-10-24 07:30:00+00:00,0.9838632991,1.0009169946
2024-10-24 08:00:00+00:00,0.9842734092,1.0009169946
2024-10-24 08:30:00+00:00,0.9845559295,1.0009169946
2024-10-24 09:00:00+00:00,0.9844465668,1.0009169946
2024-10-24 09:30:00+00:00,0.9839908889,1.0009169946
2024-10-24 10:00:00+00:00,0.9843098634,1.0009169946
2024-10-24 10:30:00+00:00,0.9841731600,1.0009169946
2024-10-24 11:00:00+00:00,0.9837903906,1.0009169946
2024-10-24 11:30:00+00:00,0.9838268448,1.0009169946
2024-10-24 12:00:00+00:00,0.9845923837,1.0009169946
2024-10-24 12:30:00+00:00,0.9839362075,1.0009169946
2024-10-24 13:00:00+00:00,0.9847108600,1.0009169946
2024-10-24 13:30:00+00:00,0.9842734092,1.0009169946
2024-10-24 14:00:00+00:00,0.9843372041,1.0009169946
2024-10-24 14:30:00+00:00,0.9840729109,1.0009169946
2024-10-24 15:00:00+00:00,0.9843736583,1.0009169946
2024-10-24 15:30:00+00:00,0.9847199735,1.0009169946
2024-10-24 16:00:00+00:00,0.9846744057,1.0009169946
2024-10-24 16:30:00+00:00,0.9852485599,1.0009169946
2024-10-24 17:00:00+00:00,0.9862510514,1.0009169946
2024-10-24 17:30:00+00:00,0.9861508022,1.0009169946
2024-10-25 06:00:00+00:00,0.9858500798,1.0009169946
2024-10-25 06:30:00+00:00,0.9856131470,1.0009169946
2024-10-25 07:00:00+00:00,0.9864241863,1.0009169946
2024-10-25 07:30:00+00:00,0.9863877351,1.0009169946
2024-10-25 08:00:00+00:00,0.9872169999,1.0009169946
2024-10-25 08:30:00+00:00,0.9863512838,1.0009169946
2024-10-25 09:00:00+00:00,0.9865791039,1.0009169946
2024-10-25 09:30:00+00:00,0.9862419302,1.0009169946
2024-10-25 10:00:00+00:00,0.9865335399,1.0009169946
2024-10-25 10:30:00+00:00,0.9863877350,1.0009169946
2024-10-25 11:00:00+00:00,0.9862419302,1.0007390019
2024-10-25 11:30:00+00:00,0.9861416894,1.0005228846
2024-10-25 12:00:00+00:00,0.9864606375,1.0010083228
2024-10-25 12:30:00+00:00,0.9876999783,1.0023879905
2024-10-25 13:00:00+00:00,0.9869071647,1.0017526828
2024-10-25 13:30:00+00:00,0.9873354663,1.0020787233
2024-10-25 14:00:00+00:00,0.9874812711,1.0021006885
2024-10-25 14:30:00+00:00,0.9869891799,1.0020671511
2024-10-25 15:00:00+00:00,0.9860323359,1.0020671511
2024-10-25 15:30:00+00:00,0.9852941990,1.0020671511
2024-10-25 16:00:00+00:00,0.9850117022,1.0020671511
2024-10-25 16:30:00+00:00,0.9846563030,1.0020671511
2024-10-25 17:00:00+00:00,0.9845013854,1.0020671511
2024-10-25 17:30:00+00:00,0.9844740470,1.0020671511
2024-10-28 06:00:00+00:00,0.9847478162,1.0020671511
2024-10-28 06:30:00+00:00,0.9850398367,1.0020671511
2024-10-28 07:00:00+00:00,0.9854778674,1.0020671511
2024-10-28 07:30:00+00:00,0.9859524007,1.0020671511
2024-10-28 08:00:00+00:00,0.9868649647,1.0020671511
2024-10-28 08:30:00+00:00,0.9873212467,1.0020671511
2024-10-28 09:00:00+00:00,0.9868467134,1.0020671511
2024-10-28 09:30:00+00:00,0.9867737083,1.0020671511
2024-10-28 10:00:00+00:00,0.9866642006,1.0020671511
2024-10-28 10:30:00+00:00,0.9871022313,1.0020671511
2024-10-28 11:00:00+00:00,0.9871934877,1.0020671511
2024-10-28 11:30:00+00:00,0.9873577492,1.0020671511
2024-10-28 12:00:00+00:00,0.9877410261,1.0020671511
2024-10-28 12:30:00+00:00,0.9869927236,1.0020671511
2024-10-28 13:00:00+00:00,0.9870474775,1.0020671511
2024-10-28 13:30:00+00:00,0.9874307543,1.0020671511
2024-10-28 14:00:00+00:00,0.9877227748,1.0020671511
2024-10-28 14:30:00+00:00,0.9877775287,1.0020671511
2024-10-28 15:00:00+00:00,0.9872756184,1.0020671511
2024-10-28 15:30:00+00:00,0.9872847441,1.0020671511
2024-10-28 16:00:00+00:00,0.9874763825,1.0020671511
2024-10-28 16:30:00+00:00,0.9869835980,1.0020671511
2024-10-28 17:00:00+00:00,0.9870109749,1.0020671511
2024-10-28 17:30:00+00:00,0.9868284621,1.0020671511
2024-10-29 06:00:00+00:00,0.9864633487,1.0020671511
2024-10-29 06:30:00+00:00,0.9868558456,1.0020671511
2024-10-29 07:00:00+00:00,0.9868284621,1.0020671511
2024-10-29 07:30:00+00:00,0.9866732889,1.0020671511
2024-10-29 08:00:00+00:00,0.9875678167,1.0020671511
2024-10-29 08:30:00+00:00,0.9874947940,1.0020671511
2024-10-29 09:00:00+00:00,0.9880150806,1.0020671511
2024-10-29 09:30:00+00:00,0.9874491548,1.0020671511
2024-10-29 10:00:00+00:00,0.9865728827,1.0020671511
2024-10-29 10:30:00+00:00,0.9863173034,1.0020671511
2024-10-29 11:00:00+00:00,0.9856418436,1.0020671511
2024-10-29 11:30:00+00:00,0.9857331219,1.0020671511
2024-10-29 12:00:00+00:00,0.9847290601,1.0020671511
2024-10-29 12:30:00+00:00,0.9837523817,1.0020671511
2024-10-29 13:00:00+00:00,0.9838892992,1.0020671511
2024-10-29 13:30:00+00:00,0.9847290600,1.0020671511
2024-10-29 14:00:00+00:00,0.9862990476,1.0020671511
2024-10-29 14:30:00+00:00,0.9858517837,1.0020671511
2024-10-29 15:00:00+00:00,0.9846925488,1.0020671511
2024-10-29 15:30:00+00:00,0.9855870766,1.0020671511
2024-10-29 16:00:00+00:00,0.9859156786,1.0020671511
2024-10-29 16:30:00+00:00,0.9857148663,1.0020671511
2024-10-29 17:00:00+00:00,0.9862260250,1.0020671511
2024-10-29 17:30:00+00:00,0.9863264312,1.0020671511
2024-10-30 06:00:00+00:00,0.9868735899,1.0020671511
2024-10-30 06:30:00+00:00,0.9870377375,1.0020671511
2024-10-30 07:00:00+00:00,0.9867915161,1.0020671511
2024-10-30 07:30:00+00:00,0.9866364878,1.0020671511
2024-10-30 08:00:00+00:00,0.9889254349,1.0020671511
2024-10-30 08:30:00+00:00,0.9880591004,1.0020671511
2024-10-30 09:00:00+00:00,0.9883144411,1.0020671511
2024-10-30 09:30:00+00:00,0.9885150659,1.0020671511
2024-10-30 10:00:00+00:00,0.9884056342,1.0020671511
2024-10-30 10:30:00+00:00,0.9880226231,1.0020671511
2024-10-30 11:00:00+00:00,0.9878219983,1.0020671511
2024-10-30 11:30:00+00:00,0.9870924534,1.0020671511
2024-10-30 12:00:00+00:00,0.9858887043,1.0020671511
2024-10-30 12:30:00+00:00,0.9861622837,1.0020671511
2024-10-30 13:00:00+00:00,0.9867641582,1.0020671511
2024-10-30 13:30:00+00:00,0.9888433610,1.0020671511
2024-10-30 14:00:00+00:00,0.9892081335,1.0020671511
2024-10-30 14:30:00+00:00,0.9893631617,1.0020671511
2024-10-30 15:00:00+00:00,0.9900653487,1.0020671511
2024-10-30 15:30:00+00:00,0.9907037005,1.0020671511
2024-10-30 16:00:00+00:00,0.9903389280,1.0020671511
2024-10-30 16:30:00+00:00,0.9904665984,1.0020671511
2024-10-30 17:00:00+00:00,0.9907948936,1.0020671511
2024-10-30 17:30:00+00:00,0.9909043253,1.0020671511
2024-10-31 06:00:00+00:00,0.9908312727,1.0020671511
2024-10-31 06:30:00+00:00,0.9909408516,1.0020671511
2024-10-31 07:00:00+00:00,0.9911052201,1.0020671511
2024-10-31 07:30:00+00:00,0.9916074570,1.0020671511
2024-10-31 08:00:00+00:00,0.9913974307,1.0020671511
2024-10-31 08:30:00+00:00,0.9913426412,1.0020671511
2024-10-31 09:00:00+00:00,0.9914339570,1.0020671511
2024-10-31 09:30:00+00:00,0.9923105887,1.0020671511
2024-10-31 10:00:00+00:00,0.9929497993,1.0020671511
2024-10-31 10:30:00+00:00,0.9923288518,1.0020671511
2024-10-31 11:00:00+00:00,0.9920183781,1.0020671511
2024-10-31 11:30:00+00:00,0.9924384308,1.0020671511
2024-10-31 12:00:00+00:00,0.9929315361,1.0020671511
2024-10-31 12:30:00+00:00,0.9934976942,1.0020671511
2024-10-31 13:00:00+00:00,0.9934611678,1.0020671511
2024-10-31 13:30:00+00:00,0.9916348518,1.0020671511
2024-10-31 14:00:00+00:00,0.9927123783,1.0020671511
2024-10-31 14:30:00+00:00,0.9922010098,1.0020671511
2024-10-31 15:00:00+00:00,0.9911326149,1.0020671511
2024-10-31 15:30:00+00:00,0.9912695886,1.0020671511
2024-10-31 16:00:00+00:00,0.9914978782,1.0020671511
2024-10-31 16:30:00+00:00,0.9915252729,1.0020671511
2024-10-31 17:00:00+00:00,0.9915800624,1.0020671511
2024-10-31 17:30:00+00:00,0.9918357466,1.0020671511
2024-11-01 06:00:00+00:00,0.9920729493,1.0020671511
2024-11-01 06:30:00+00:00,0.9919817175,1.0020671511
2024-11-01 07:00:00+00:00,0.9922371666,1.0020671511
2024-11-01 07:30:00+00:00,0.9915164353,1.0020671511
2024-11-01 08:00:00+00:00,0.9908230735,1.0020671511
2024-11-01 08:30:00+00:00,0.9910146603,1.0020671511
2024-11-01 09:00:00+00:00,0.9907044721,1.0020671511
2024-11-01 09:30:00+00:00,0.9906406099,1.0020671511
2024-11-01 10:00:00+00:00,0.9903942840,1.0020671511
2024-11-01 10:30:00+00:00,0.9908321967,1.0020671511
2024-11-01 11:00:00+00:00,0.9907865807,1.0020671511
2024-11-01 11:30:00+00:00,0.9914981889,1.0020671511
2024-11-01 12:00:00+00:00,0.9910785225,1.0020671511
2024-11-01 12:30:00+00:00,0.9931677309,1.0020671511
2024-11-01 13:00:00+00:00,0.9917445147,1.0020671511
2024-11-01 13:30:00+00:00,0.9916806524,1.0020671511
2024-11-01 14:00:00+00:00,0.9906588561,1.0020671511
2024-11-01 14:30:00+00:00,0.9902665594,1.0020671511
2024-11-01 15:00:00+00:00,0.9902848057,1.0020671511
2024-11-01 15:30:00+00:00,0.9897374149,1.0020671511
2024-11-01 16:00:00+00:00,0.9897739076,1.0020671511
2024-11-01 16:30:00+00:00,0.9901023421,1.0020671511
2024-11-01 17:00:00+00:00,0.9895367049,1.0020671511
2024-11-01 17:30:00+00:00,0.9886061404,1.0020671511
2024-11-04 07:00:00+00:00,0.9883973746,1.0020671511
2024-11-04 07:30:00+00:00,0.9885789101,1.0020671511
2024-11-04 08:00:00+00:00,0.9889329043,1.0020671511
2024-11-04 08:30:00+00:00,0.9887422920,1.0020671511
2024-11-04 09:00:00+00:00,0.9891507470,1.0020671511
2024-11-04 09:30:00+00:00,0.9890236721,1.0020671511
2024-11-04 10:00:00+00:00,0.9890872095,1.0020671511
2024-11-04 10:30:00+00:00,0.9895138180,1.0020671511
2024-11-04 11:00:00+00:00,0.9895138180,1.0020671511
2024-11-04 11:30:00+00:00,0.9906030312,1.0020671511
2024-11-04 12:00:00+00:00,0.9901128853,1.0020671511
2024-11-04 12:30:00+00:00,0.9897861214,1.0020671511
2024-11-04 13:00:00+00:00,0.9889510580,1.0020671511
2024-11-04 13:30:00+00:00,0.9898405820,1.0020671511
2024-11-04 14:00:00+00:00,0.9894775110,1.0020671511
2024-11-04 14:30:00+00:00,0.9893504361,1.0020671511
2024-11-04 15:00:00+00:00,0.9896318162,1.0020671511
2024-11-04 15:30:00+00:00,0.9893050523,1.0020671511
2024-11-04 16:00:00+00:00,0.9883519908,1.0020671511
2024-11-04 16:30:00+00:00,0.9879344591,1.0020671511
2024-11-04 17:00:00+00:00,0.9886696779,1.0020671511
2024-11-04 17:30:00+00:00,0.9883519908,1.0020671511
2024-11-04 18:00:00+00:00,0.9875532345,1.0020671511
2024-11-04 18:30:00+00:00,0.9880252268,1.0020671511
2024-11-05 07:00:00+00:00,0.9886245363,1.0020671511
2024-11-05 07:30:00+00:00,0.9887425821,1.0020671511
2024-11-05 08:00:00+00:00,0.9887062603,1.0020246217
2024-11-05 08:30:00+00:00,0.9890240759,1.0014763512
2024-11-05 09:00:00+00:00,0.9891148804,1.0013388031
2024-11-05 09:30:00+00:00,0.9890240759,1.0014763512
2024-11-05 10:00:00+00:00,0.9890422368,1.0014488390
2024-11-05 10:30:00+00:00,0.9892238457,1.0011737870
2024-11-05 11:00:00+00:00,0.9898594770,1.0002120966
2024-11-05 11:30:00+00:00,0.9897141899,1.0004317756
2024-11-05 12:00:00+00:00,0.9893782133,1.0009400918
2024-11-05 12:30:00+00:00,0.9893872938,1.0009263479
2024-11-05 13:00:00+00:00,0.9891148804,1.0013388031
2024-11-05 13:30:00+00:00,0.9891148804,1.0013388031
2024-11-05 14:00:00+00:00,0.9904406255,1.0002661438
2024-11-05 14:30:00+00:00,0.9903316602,1.0001962947
2024-11-05 15:00:00+00:00,0.9901137295,1.0001962947
2024-11-05 15:30:00+00:00,0.9899593619,1.0001962947
2024-11-05 16:00:00+00:00,0.9911489004,1.0001962947
2024-11-05 16:30:00+00:00,0.9915938423,1.0001962947
2024-11-05 17:00:00+00:00,0.9920115428,1.0001962947
2024-11-05 17:30:00+00:00,0.9925109673,1.0001962947
2024-11-05 18:00:00+00:00,0.9930013114,1.0001962947
2024-11-05 18:30:00+00:00,0.9925291282,1.0001962947
2024-11-06 07:00:00+00:00,0.9947407944,1.0001962947
2024-11-06 07:30:00+00:00,0.9933342118,1.0001962947
2024-11-06 08:00:00+00:00,0.9948703481,1.0001962947
2024-11-06 08:30:00+00:00,0.9969524605,1.0001962947
2024-11-06 09:00:00+00:00,0.9953422935,1.0001962947
2024-11-06 09:30:00+00:00,0.9952775167,1.0001962947
2024-11-06 10:00:00+00:00,0.9955273702,1.0001962947
2024-11-06 10:30:00+00:00,0.9944724332,1.0001962947
2024-11-06 11:00:00+00:00,0.9917332986,1.0001962947
2024-11-06 11:30:00+00:00,0.9909189613,1.0001962947
2024-11-06 12:00:00+00:00,0.9899473089,1.0001962947
2024-11-06 12:30:00+00:00,0.9891052101,1.0001962947
2024-11-06 13:00:00+00:00,0.9905488080,1.0001962947
2024-11-06 13:30:00+00:00,0.9910947842,1.0001962947
2024-11-06 14:00:00+00:00,0.9910300073,1.0001962947
2024-11-06 14:30:00+00:00,0.9916129988,1.0001962947
2024-11-06 15:00:00+00:00,0.9927882356,1.0001962947
2024-11-06 15:30:00+00:00,0.9937136190,1.0001962947
2024-11-06 16:00:00+00:00,0.9930103276,1.0001962947
2024-11-06 16:30:00+00:00,0.9930658506,1.0001962947
2024-11-06 17:00:00+00:00,0.9941022800,1.0001962947
2024-11-06 17:30:00+00:00,0.9926956974,1.0001962947
2024-11-06 18:00:00+00:00,0.9951202016,1.0001962947
2024-11-06 18:30:00+00:00,0.9950831863,1.0001962947
2024-11-07 07:00:00+00:00,0.9964346481,1.0001962947
2024-11-07 07:30:00+00:00,0.9952960878,1.0001962947
2024-11-07 08:00:00+00:00,0.9967771418,1.0001962947
2024-11-07 08:30:00+00:00,0.9968419380,1.0001962947
2024-11-07 09:00:00+00:00,0.9962124900,1.0001962947
2024-11-07 09:30:00+00:00,0.9947406925,1.0001962947
2024-11-07 10:00:00+00:00,0.9958422265,1.0001962947
2024-11-07 10:30:00+00:00,0.9956478381,1.0001962947
2024-11-07 11:00:00+00:00,0.9960458714,1.0001962947
2024-11-07 11:30:00+00:00,0.9959162792,1.0001962947
2024-11-07 12:00:00+00:00,0.9968789643,1.0001962947
2024-11-07 12:30:00+00:00,0.9974158464,1.0001962947
2024-11-07 13:00:00+00:00,0.9984063013,1.0001962947
2024-11-07 13:30:00+00:00,0.9990079795,1.0001962947
2024-11-07 14:00:00+00:00,0.9993597298,1.0001962947
2024-11-07 14:30:00+00:00,1.0005815994,1.0001962947
2024-11-07 15:00:00+00:00,1.0014424621,1.0001962947
2024-11-07 15:30:00+00:00,1.0007297048,1.0001962947
2024-11-07 16:00:00+00:00,0.9984525842,1.0001962947
2024-11-07 16:30:00+00:00,0.9989246702,1.0001962947
2024-11-07 17:00:00+00:00,0.9996929670,1.0001962947
2024-11-07 17:30:00+00:00,1.0001557964,1.0001962947
2024-11-07 18:00:00+00:00,0.9998318158,1.0001962947
2024-11-07 18:30:00+00:00,0.9995818879,1.0001962947
2024-11-08 07:00:00+00:00,0.9996189871,1.0001962947
2024-11-08 07:30:00+00:00,0.9997952083,1.0001962947
2024-11-08 08:00:00+00:00,0.9996004375,1.0001962947
2024-11-08 08:30:00+00:00,0.9997302847,1.0001962947
2024-11-08 09:00:00+00:00,0.9998879562,1.0001962947
2024-11-08 09:30:00+00:00,0.9997395595,1.0001962947
2024-11-08 10:00:00+00:00,0.9994891400,1.0001962947
2024-11-08 10:30:00+00:00,0.9996931855,1.0001962947
2024-11-08 11:00:00+00:00,1.0011957024,1.0001962947
2024-11-08 11:30:00+00:00,1.0001012764,1.0001962947
2024-11-08 12:00:00+00:00,0.9990532245,1.0001962947
2024-11-08 12:30:00+00:00,0.9990810489,1.0001962947
2024-11-08 13:00:00+00:00,0.9982277676,1.0001962947
2024-11-08 13:30:00+00:00,0.9973281124,1.0001962947
2024-11-08 14:00:00+00:00,0.9984318131,1.0001962947
2024-11-08 14:30:00+00:00,0.9971889904,1.0001962947
2024-11-08 15:00:00+00:00,0.9963635336,1.0001962947
2024-11-08 15:30:00+00:00,0.9968921970,1.0001962947
2024-11-08 16:00:00+00:00,0.9951299856,1.0001962947
2024-11-08 16:30:00+00:00,0.9933121256,1.0001962947
2024-11-08 17:00:00+00:00,0.9922084248,1.0001962947
2024-11-08 17:30:00+00:00,0.9932472019,1.0001962947
2024-11-08 18:00:00+00:00,0.9930709808,1.0001962947
2024-11-08 18:30:00+00:00,0.9930153320,1.0001962947
2024-11-11 07:00:00+00:00,0.9918112280,1.0001962947
2024-11-11 07:30:00+00:00,0.9901532693,1.0001962947
2024-11-11 08:00:00+00:00,0.9894400692,1.0001962947
2024-11-11 08:30:00+00:00,0.9899031861,1.0001962947
2024-11-11 09:00:00+00:00,0.9883471132,1.0001962947
2024-11-11 09:30:00+00:00,0.9893567081,1.0001962947
2024-11-11 10:00:00+00:00,0.9897735133,1.0001962947
2024-11-11 10:30:00+00:00,0.9884675235,1.0001962947
2024-11-11 11:00:00+00:00,0.9875690767,1.0001962947
2024-11-11 11:30:00+00:00,0.9875968637,1.0001962947
2024-11-11 12:00:00+00:00,0.9871893208,1.0001962947
2024-11-11 12:30:00+00:00,0.9866521052,1.0001962947
2024-11-11 13:00:00+00:00,0.9856147232,1.0001962947
2024-11-11 13:30:00+00:00,0.9862538246,1.0001962947
2024-11-11 14:00:00+00:00,0.9869948117,1.0001962947
2024-11-11 14:30:00+00:00,0.9857629207,1.0001962947
2024-11-11 15:00:00+00:00,0.9856795597,1.0001962947
2024-11-11 15:30:00+00:00,0.9861982506,1.0001962947
2024-11-11 16:00:00+00:00,0.9863464481,1.0001962947
2024-11-11 16:30:00+00:00,0.9866243182,1.0001962947
2024-11-11 17:00:00+00:00,0.9862538247,1.0001962947
2024-11-11 17:30:00+00:00,0.9863557104,1.0001962947
2024-11-11 18:00:00+00:00,0.9862353000,1.0001962947
2024-11-11 18:30:00+00:00,0.9864761208,1.0001962947
2024-11-12 07:00:00+00:00,0.9859752114,1.0001962947
2024-11-12 07:30:00+00:00,0.9862534944,1.0001962947
2024-11-12 08:00:00+00:00,0.9850847059,1.0001962947
2024-11-12 08:30:00+00:00,0.9862256662,1.0001962947
2024-11-12 09:00:00+00:00,0.9851218102,1.0001962947
2024-11-12 09:30:00+00:00,0.9857062045,1.0001962947
2024-11-12 10:00:00+00:00,0.9847136618,1.0001962947
2024-11-12 10:30:00+00:00,0.9849362882,1.0001962947
2024-11-12 11:00:00+00:00,0.9859381070,1.0001962947
2024-11-12 11:30:00+00:00,0.9850104971,1.0001962947
2024-11-12 12:00:00+00:00,0.9841756480,1.0001962947
2024-11-12 12:30:00+00:00,0.9850939819,1.0001962947
2024-11-12 13:00:00+00:00,0.9853073322,1.0001962947
2024-11-12 13:30:00+00:00,0.9854000932,1.0001962947
2024-11-12 14:00:00+00:00,0.9848249750,1.0001962947
2024-11-12 14:30:00+00:00,0.9848991838,1.0001962947
2024-11-12 15:00:00+00:00,0.9840643348,1.0001962947
2024-11-12 15:30:00+00:00,0.9841014392,1.0001962947
2024-11-12 16:00:00+00:00,0.9841199914,1.0001962947
2024-11-12 16:30:00+00:00,0.9830810681,1.0001962947
2024-11-12 17:00:00+00:00,0.9831088964,1.0001962947
2024-11-12 17:30:00+00:00,0.9839159171,1.0001962947
2024-11-12 18:00:00+00:00,0.9843518938,1.0001962947
2024-11-12 18:30:00+00:00,0.9847693183,1.0001962947
2024-11-13 07:00:00+00:00,0.9841012755,1.0001962947
2024-11-13 07:30:00+00:00,0.9837765325,1.0001962947
2024-11-13 08:00:00+00:00,0.9836002434,1.0001962947
2024-11-13 08:30:00+00:00,0.9846394210,1.0001962947
2024-11-13 09:00:00+00:00,0.9855672583,1.0001962947
2024-11-13 09:30:00+00:00,0.9860033418,1.0001962947
2024-11-13 10:00:00+00:00,0.9856414852,1.0001962947
2024-11-13 10:30:00+00:00,0.9848992155,1.0001962947
2024-11-13 11:00:00+00:00,0.9846023076,1.0001962947
2024-11-13 11:30:00+00:00,0.9870054060,1.0001962947
2024-11-13 12:00:00+00:00,0.9859940634,1.0001962947
2024-11-13 12:30:00+00:00,0.9864023118,1.0001962947
2024-11-13 13:00:00+00:00,0.9859755067,1.0001962947
2024-11-13 13:30:00+00:00,0.9869033439,1.0001962947
2024-11-13 14:00:00+00:00,0.9854373610,1.0001962947
2024-11-13 14:30:00+00:00,0.9821713739,1.0001962947
2024-11-13 15:00:00+00:00,0.9809280720,1.0001962947
2024-11-13 15:30:00+00:00,0.9824590035,1.0001962947
2024-11-13 16:00:00+00:00,0.9812713718,1.0001962947
2024-11-13 16:30:00+00:00,0.9803620913,1.0001962947
2024-11-13 17:00:00+00:00,0.9803435346,1.0001962947
2024-11-13 17:30:00+00:00,0.9806218858,1.0001962947
2024-11-13 18:00:00+00:00,0.9797218837,1.0001962947
2024-11-13 18:30:00+00:00,0.9796940486,1.0001962947
2024-11-14 07:00:00+00:00,0.9794896592,1.0001962947
2024-11-14 07:30:00+00:00,0.9802514742,1.0001962947
2024-11-14 08:00:00+00:00,0.9797962433,1.0001962947
2024-11-14 08:30:00+00:00,0.9788579102,1.0001962947
2024-11-14 09:00:00+00:00,0.9776873165,1.0001962947
2024-11-14 09:30:00+00:00,0.9773900228,1.0001962947
2024-11-14 10:00:00+00:00,0.9763402046,1.0001962947
2024-11-14 10:30:00+00:00,0.9765445940,1.0001962947
2024-11-14 11:00:00+00:00,0.9764052376,1.0001962947
2024-11-14 11:30:00+00:00,0.9781704186,1.0001962947
2024-11-14 12:00:00+00:00,0.9784305505,1.0001962947
2024-11-14 12:30:00+00:00,0.9788207484,1.0001962947
2024-11-14 13:00:00+00:00,0.9791366229,1.0001962947
2024-11-14 13:30:00+00:00,0.9783376462,1.0001962947
2024-11-14 14:00:00+00:00,0.9803629592,1.0001962947
2024-11-14 14:30:00+00:00,0.9804001209,1.0001962947
2024-11-14 15:00:00+00:00,0.9820631073,1.0001962947
2024-11-14 15:30:00+00:00,0.9824533052,1.0001962947
2024-11-14 16:00:00+00:00,0.9826669850,1.0001962947
2024-11-14 16:30:00+00:00,0.9812548401,1.0001962947
2024-11-14 17:00:00+00:00,0.9810039986,1.0001962947
2024-11-14 17:30:00+00:00,0.9810039986,1.0001962947
2024-11-14 18:00:00+00:00,0.9798426954,1.0001962947
2024-11-14 18:30:00+00:00,0.9798798571,1.0001962947
2024-11-15 07:00:00+00:00,0.9801305298,1.0001962947
2024-11-15 07:30:00+00:00,0.9800933931,1.0001962947
2024-11-15 08:00:00+00:00,0.9804090551,1.0001962947
2024-11-15 08:30:00+00:00,0.9813189045,1.0001962947
2024-11-15 09:00:00+00:00,0.9813281886,1.0001962947
2024-11-15 09:30:00+00:00,0.9806133070,1.0001962947
2024-11-15 10:00:00+00:00,0.9810960842,1.0001962947
2024-11-15 10:30:00+00:00,0.9817645450,1.0001962947
2024-11-15 11:00:00+00:00,0.9821451962,1.0001962947
2024-11-15 11:30:00+00:00,0.9820059336,1.0001962947
2024-11-15 12:00:00+00:00,0.9813003361,1.0001962947
2024-11-15 12:30:00+00:00,0.9818852392,1.0001962947
2024-11-15 13:00:00+00:00,0.9827115310,1.0001962947
2024-11-15 13:30:00+00:00,0.9802790768,1.0001962947
2024-11-15 14:00:00+00:00,0.9790535655,1.0001962947
2024-11-15 14:30:00+00:00,0.9777723491,1.0001962947
2024-11-15 15:00:00+00:00,0.9782179896,1.0001962947
2024-11-15 15:30:00+00:00,0.9781251478,1.0001962947
2024-11-15 16:00:00+00:00,0.9791464072,1.0001962947
2024-11-15 16:30:00+00:00,0.9795920477,1.0001962947
2024-11-15 17:00:00+00:00,0.9795734794,1.0001962947
2024-11-15 17:30:00+00:00,0.9793599433,1.0001962947
2024-11-15 18:00:00+00:00,0.9792392490,1.0001962947
2024-11-15 18:30:00+00:00,0.9796199003,1.0001962947
2024-11-18 07:00:00+00:00,0.9794061880,1.0001962947
2024-11-18 07:30:00+00:00,0.9800287411,1.0001962947
2024-11-18 08:00:00+00:00,0.9806234187,1.0001962947
2024-11-18 08:30:00+00:00,0.9800008656,1.0001962947
2024-11-18 09:00:00+00:00,0.9819242761,1.0001962947
2024-11-18 09:30:00+00:00,0.9817848985,1.0001962947
2024-11-18 10:00:00+00:00,0.9802889126,1.0001962947
2024-11-18 10:30:00+00:00,0.9801030758,1.0001962947
2024-11-18 11:00:00+00:00,0.9790995573,1.0001962947
2024-11-18 11:30:00+00:00,0.9795827329,1.0001962947
2024-11-18 12:00:00+00:00,0.9792110593,1.0001962947
2024-11-18 12:30:00+00:00,0.9800287411,1.0001962947
2024-11-18 13:00:00+00:00,0.9809393412,1.0001962947
2024-11-18 13:30:00+00:00,0.9819428597,1.0001962947
2024-11-18 14:00:00+00:00,0.9814782678,1.0001962947
2024-11-18 14:30:00+00:00,0.9820357781,1.0001962947
2024-11-18 15:00:00+00:00,0.9813667658,1.0001962947
2024-11-18 15:30:00+00:00,0.9824724945,1.0001962947
2024-11-18 16:00:00+00:00,0.9819242760,1.0001962947
2024-11-18 16:30:00+00:00,0.9836246825,1.0001962947
2024-11-18 17:00:00+00:00,0.9832344252,1.0001962947
2024-11-18 17:30:00+00:00,0.9841171499,1.0001962947
2024-11-18 18:00:00+00:00,0.9842658193,1.0001962947
2024-11-18 18:30:00+00:00,0.9846746602,1.0001962947
2024-11-19 07:00:00+00:00,0.9833360797,1.0001962947
2024-11-19 07:30:00+00:00,0.9832617141,1.0001962947
2024-11-19 08:00:00+00:00,0.9840425527,1.0001962947
2024-11-19 08:30:00+00:00,0.9827225637,1.0001962947
2024-11-19 09:00:00+00:00,0.9792645642,1.0001962947
2024-11-19 09:30:00+00:00,0.9806496232,1.0001962947
2024-11-19 10:00:00+00:00,0.9816256714,1.0001962947
2024-11-19 10:30:00+00:00,0.9817186284,1.0001962947
2024-11-19 11:00:00+00:00,0.9809563812,1.0001962947
2024-11-19 11:30:00+00:00,0.9818115853,1.0001962947
2024-11-19 12:00:00+00:00,0.9822670745,1.0001962947
2024-11-19 12:30:00+00:00,0.9827597465,1.0001962947
2024-11-19 13:00:00+00:00,0.9835219937,1.0001962947
2024-11-19 13:30:00+00:00,0.9831873486,1.0001962947
2024-11-19 14:00:00+00:00,0.9844143807,1.0001962947
2024-11-19 14:30:00+00:00,0.9827969293,1.0001962947
2024-11-19 15:00:00+00:00,0.9833732625,1.0001962947
2024-11-19 15:30:00+00:00,0.9840983269,1.0001962947
2024-11-19 16:00:00+00:00,0.9837822732,1.0001962947
2024-11-19 16:30:00+00:00,0.9832617142,1.0001962947
2024-11-19 17:00:00+00:00,0.9841541011,1.0001962947
2024-11-19 17:30:00+00:00,0.9835219937,1.0001962947
2024-11-19 18:00:00+00:00,0.9832059400,1.0001962947
2024-11-19 18:30:00+00:00,0.9843957893,1.0001962947
2024-11-20 07:00:00+00:00,0.9840424794,1.0001962947
2024-11-20 07:30:00+00:00,0.9835404074,1.0001962947
2024-11-20 08:00:00+00:00,0.9829825496,1.0001962947
2024-11-20 08:30:00+00:00,0.9822387393,1.0001962947
2024-11-20 09:00:00+00:00,0.9817366673,1.0001962947
2024-11-20 09:30:00+00:00,0.9814205479,1.0001962947
2024-11-20 10:00:00+00:00,0.9810114522,1.0001962947
2024-11-20 10:30:00+00:00,0.9807883091,1.0001962947
2024-11-20 11:00:00+00:00,0.9806767376,1.0001962947
2024-11-20 11:30:00+00:00,0.9813089763,1.0001962947
2024-11-20 12:00:00+00:00,0.9818482388,1.0001962947
2024-11-20 12:30:00+00:00,0.9816808815,1.0001962947
2024-11-20 13:00:00+00:00,0.9815507147,1.0001962947
2024-11-20 13:30:00+00:00,0.9815135242,1.0001962947
2024-11-20 14:00:00+00:00,0.9797655698,1.0001962947
2024-11-20 14:30:00+00:00,0.9785754733,1.0001962947
2024-11-20 15:00:00+00:00,0.9795610220,1.0001962947
2024-11-20 15:30:00+00:00,0.9782593539,1.0001962947
2024-11-20 16:00:00+00:00,0.9774969483,1.0001962947
2024-11-20 16:30:00+00:00,0.9781477823,1.0001962947
2024-11-20 17:00:00+00:00,0.9789845690,1.0001962947
2024-11-20 17:30:00+00:00,0.9792449026,1.0001962947
2024-11-20 18:00:00+00:00,0.9788172117,1.0001962947
2024-11-20 18:30:00+00:00,0.9795982125,1.0001962947
2024-11-21 07:00:00+00:00,0.9783998988,1.0001962947
2024-11-21 07:30:00+00:00,0.9787528904,1.0001962947
2024-11-21 08:00:00+00:00,0.9780283286,1.0001962947
2024-11-21 08:30:00+00:00,0.9791616175,1.0001962947
2024-11-21 09:00:00+00:00,0.9773409239,1.0001962947
2024-11-21 09:30:00+00:00,0.9769507753,1.0001962947
2024-11-21 10:00:00+00:00,0.9768764613,1.0001962947
2024-11-21 10:30:00+00:00,0.9773223454,1.0001962947
2024-11-21 11:00:00+00:00,0.9780840642,1.0001962947
2024-11-21 11:30:00+00:00,0.9772387421,1.0001962947
2024-11-21 12:00:00+00:00,0.9770994033,1.0001962947
2024-11-21 12:30:00+00:00,0.9779447254,1.0001962947
2024-11-21 13:00:00+00:00,0.9772944777,1.0001962947
2024-11-21 13:30:00+00:00,0.9784370558,1.0001962947
2024-11-21 14:00:00+00:00,0.9778239651,1.0001962947
2024-11-21 14:30:00+00:00,0.9786414194,1.0001962947
2024-11-21 15:00:00+00:00,0.9784184773,1.0001962947
2024-11-21 15:30:00+00:00,0.9763376847,1.0001962947
2024-11-21 16:00:00+00:00,0.9743312059,1.0001962947
2024-11-21 16:30:00+00:00,0.9729749749,1.0001962947
2024-11-21 17:00:00+00:00,0.9732072063,1.0001962947
2024-11-21 17:30:00+00:00,0.9742104456,1.0001962947
2024-11-21 18:00:00+00:00,0.9737738507,1.0001962947
2024-11-21 18:30:00+00:00,0.9740896853,1.0001962947
2024-11-22 07:00:00+00:00,0.9750107883,1.0001962947
2024-11-22 07:30:00+00:00,0.9756434651,1.0001962947
2024-11-22 08:00:00+00:00,0.9750852209,1.0001962947
2024-11-22 08:30:00+00:00,0.9716799311,1.0001962947
2024-11-22 09:00:00+00:00,0.9684514184,1.0001962947
2024-11-22 09:30:00+00:00,0.9678001335,1.0001962947
2024-11-22 10:00:00+00:00,0.9691864400,1.0001962947
2024-11-22 10:30:00+00:00,0.9703959692,1.0001962947
2024-11-22 11:00:00+00:00,0.9697539883,1.0001962947
2024-11-22 11:30:00+00:00,0.9691864400,1.0001962947
2024-11-22 12:00:00+00:00,0.9677350049,1.0001962947
2024-11-22 12:30:00+00:00,0.9683118573,1.0001962947
2024-11-22 13:00:00+00:00,0.9694004336,1.0001962947
2024-11-22 13:30:00+00:00,0.9703680569,1.0001962947
2024-11-22 14:00:00+00:00,0.9687026282,1.0001962947
2024-11-22 14:30:00+00:00,0.9680513433,1.0001962947
2024-11-22 15:00:00+00:00,0.9688049730,1.0001962947
2024-11-22 15:30:00+00:00,0.9686188916,1.0001962947
2024-11-22 16:00:00+00:00,0.9672139769,1.0001962947
2024-11-22 16:30:00+00:00,0.9674744909,1.0001962947
2024-11-22 17:00:00+00:00,0.9684979387,1.0001962947
2024-11-22 17:30:00+00:00,0.9693911295,1.0001962947
2024-11-22 18:00:00+00:00,0.9695399946,1.0001962947
2024-11-22 18:30:00+00:00,0.9691678318,1.0001962947
2024-11-25 07:00:00+00:00,0.9679660441,1.0001962947
2024-11-25 07:30:00+00:00,0.9661078955,1.0001962947
2024-11-25 08:00:00+00:00,0.9663667421,1.0001962947
2024-11-25 08:30:00+00:00,0.9674945736,1.0001962947
2024-11-25 09:00:00+00:00,0.9683265805,1.0001962947
2024-11-25 09:30:00+00:00,0.9697132586,1.0001962947
2024-11-25 10:00:00+00:00,0.9698334374,1.0001962947
2024-11-25 10:30:00+00:00,0.9693804559,1.0001962947
2024-11-25 11:00:00+00:00,0.9691216093,1.0001962947
2024-11-25 11:30:00+00:00,0.9687703175,1.0001962947
2024-11-25 12:00:00+00:00,0.9684467593,1.0001962947
2024-11-25 12:30:00+00:00,0.9696393025,1.0001962947
2024-11-25 13:00:00+00:00,0.9725975491,1.0001962947
2024-11-25 13:30:00+00:00,0.9733093772,1.0001962947
2024-11-25 14:00:00+00:00,0.9730227971,1.0001962947
2024-11-25 14:30:00+00:00,0.9714234949,1.0001962947
2024-11-25 15:00:00+00:00,0.9719319436,1.0001962947
2024-11-25 15:30:00+00:00,0.9696208134,1.0001962947
2024-11-25 16:00:00+00:00,0.9692880107,1.0001962947
2024-11-25 16:30:00+00:00,0.9686131606,1.0001962947
2024-11-25 17:00:00+00:00,0.9683635586,1.0001962947
2024-11-25 17:30:00+00:00,0.9693897004,1.0001962947
2024-11-25 18:00:00+00:00,0.9703603751,1.0001962947
2024-11-25 18:30:00+00:00,0.9713680278,1.0001962947
2024-11-26 07:00:00+00:00,0.9712567621,1.0001962947
2024-11-26 07:30:00+00:00,0.9709971422,1.0001962947
2024-11-26 08:00:00+00:00,0.9719892613,1.0001962947
2024-11-26 08:30:00+00:00,0.9727773932,1.0001962947
2024-11-26 09:00:00+00:00,0.9734171710,1.0001962947
2024-11-26 09:30:00+00:00,0.9742516637,1.0001962947
2024-11-26 10:00:00+00:00,0.9747616314,1.0001962947
2024-11-26 10:30:00+00:00,0.9751510613,1.0001962947
2024-11-26 11:00:00+00:00,0.9743165687,1.0001962947
2024-11-26 11:30:00+00:00,0.9747987200,1.0001962947
2024-11-26 12:00:00+00:00,0.9764862496,1.0001962947
2024-11-26 12:30:00+00:00,0.9757908391,1.0001962947
2024-11-26 13:00:00+00:00,0.9737602402,1.0001962947
2024-11-26 13:30:00+00:00,0.9739085945,1.0001962947
2024-11-26 14:00:00+00:00,0.9735191646,1.0001962947
2024-11-26 14:30:00+00:00,0.9738344174,1.0001962947
2024-11-26 15:00:00+00:00,0.9723694191,1.0001962947
2024-11-26 15:30:00+00:00,0.9716925528,1.0001962947
2024-11-26 16:00:00+00:00,0.9710620472,1.0001962947
2024-11-26 16:30:00+00:00,0.9717203692,1.0001962947
2024-11-26 17:00:00+00:00,0.9707004337,1.0001962947
2024-11-26 17:30:00+00:00,0.9708395158,1.0001962947
2024-11-26 18:00:00+00:00,0.9700513838,1.0001962947
2024-11-26 18:30:00+00:00,0.9704037252,1.0001962947
2024-11-27 07:00:00+00:00,0.9716074817,1.0001962947
2024-11-27 07:30:00+00:00,0.9721075036,1.0001962947
2024-11-27 08:00:00+00:00,0.9749780001,1.0001962947
2024-11-27 08:30:00+00:00,0.9735797906,1.0001962947
2024-11-27 09:00:00+00:00,0.9737094259,1.0001962947
2024-11-27 09:30:00+00:00,0.9737927629,1.0001962947
2024-11-27 10:00:00+00:00,0.9740242545,1.0001962947
2024-11-27 10:30:00+00:00,0.9748391051,1.0001962947
2024-11-27 11:00:00+00:00,0.9733205199,1.0001962947
2024-11-27 11:30:00+00:00,0.9746909504,1.0001962947
2024-11-27 12:00:00+00:00,0.9747465084,1.0001962947
2024-11-27 12:30:00+00:00,0.9748483647,1.0001962947
2024-11-27 13:00:00+00:00,0.9754872816,1.0001962947
2024-11-27 13:30:00+00:00,0.9790059547,1.0001962947
2024-11-27 14:00:00+00:00,0.9775984855,1.0001962947
2024-11-27 14:30:00+00:00,0.9775984855,1.0001962947
2024-11-27 15:00:00+00:00,0.9764132483,1.0001962947
2024-11-27 15:30:00+00:00,0.9788022420,1.0001962947
2024-11-27 16:00:00+00:00,0.9776262645,1.0001962947
2024-11-27 16:30:00+00:00,0.9791355900,1.0001962947
2024-11-27 17:00:00+00:00,0.9798393246,1.0001962947
2024-11-27 17:30:00+00:00,0.9793393027,1.0001962947
2024-11-27 18:00:00+00:00,0.9790059547,1.0001962947
2024-11-27 18:30:00+00:00,0.9783948167,1.0001962947
2024-11-28 07:00:00+00:00,0.9782093109,1.0001962947
2024-11-28 07:30:00+00:00,0.9777455464,1.0001962947
2024-11-28 08:00:00+00:00,0.9773096077,1.0001962947
2024-11-28 08:30:00+00:00,0.9780145298,1.0001962947
2024-11-28 09:00:00+00:00,0.9771983041,1.0001962947
2024-11-28 09:30:00+00:00,0.9768736690,1.0001962947
2024-11-28 10:00:00+00:00,0.9776156923,1.0001962947
2024-11-28 10:30:00+00:00,0.9786174237,1.0001962947
2024-11-28 11:00:00+00:00,0.9790719130,1.0001962947
2024-11-28 11:30:00+00:00,0.9785432214,1.0001962947
2024-11-28 12:00:00+00:00,0.9788493060,1.0001962947
2024-11-28 12:30:00+00:00,0.9780980074,1.0001962947
2024-11-28 13:00:00+00:00,0.9777269957,1.0001962947
2024-11-28 13:30:00+00:00,0.9770591748,1.0001962947
2024-11-28 14:00:00+00:00,0.9774487370,1.0001962947
2024-11-28 14:30:00+00:00,0.9784690190,1.0001962947
2024-11-28 15:00:00+00:00,0.9789327836,1.0001962947
2024-11-28 15:30:00+00:00,0.9787843789,1.0001962947
2024-11-28 16:00:00+00:00,0.9784597437,1.0001962947
2024-11-28 16:30:00+00:00,0.9789142330,1.0001962947
2024-11-28 17:00:00+00:00,0.9788400307,1.0001962947
2024-11-28 17:30:00+00:00,0.9788029295,1.0001962947
2024-11-28 18:00:00+00:00,0.9789420589,1.0001962947
2024-11-28 18:30:00+00:00,0.9790533623,1.0001962947
2024-11-29 07:00:00+00:00,0.9804414080,1.0001962947
2024-11-29 07:30:00+00:00,0.9789978405,1.0001962947
2024-11-29 08:00:00+00:00,0.9780354622,1.0001962947
2024-11-29 08:30:00+00:00,0.9781187449,1.0001962947
2024-11-29 09:00:00+00:00,0.9781650131,1.0001962947
2024-11-29 09:30:00+00:00,0.9769898012,1.0001962947
2024-11-29 10:00:00+00:00,0.9776097949,1.0001962947
2024-11-29 10:30:00+00:00,0.9776097949,1.0001962947
2024-11-29 11:00:00+00:00,0.9771286058,1.0001962947
2024-11-29 11:30:00+00:00,0.9774247222,1.0001962947
2024-11-29 12:00:00+00:00,0.9764068221,1.0001962947
2024-11-29 12:30:00+00:00,0.9775912877,1.0001962947
2024-11-29 13:00:00+00:00,0.9774154686,1.0001962947
2024-11-29 13:30:00+00:00,0.9774617368,1.0001962947
2024-11-29 14:00:00+00:00,0.9762772711,1.0001962947
2024-11-29 14:30:00+00:00,0.9765641339,1.0001962947
2024-11-29 15:00:00+00:00,0.9760459302,1.0001962947
2024-11-29 15:30:00+00:00,0.9773044249,1.0001962947
2024-11-29 16:00:00+00:00,0.9766844312,1.0001962947
2024-11-29 16:30:00+00:00,0.9759441402,1.0001962947
2024-11-29 17:00:00+00:00,0.9759071257,1.0001962947
2024-11-29 17:30:00+00:00,0.9778688969,1.0001962947
2024-11-29 18:00:00+00:00,0.9783408324,1.0001962947
2024-11-29 18:30:00+00:00,0.9786091879,1.0001962947
2024-12-17 07:00:00+00:00,0.9789446152,1.0001962947
2024-12-17 07:30:00+00:00,0.9781153643,1.0001962947
2024-12-17 08:00:00+00:00,0.9776029059,1.0001962947
2024-12-17 08:30:00+00:00,0.9773420180,1.0001962947
2024-12-17 09:00:00+00:00,0.9768295597,1.0001962947
2024-12-17 09:30:00+00:00,0.9769972733,1.0001962947
2024-12-17 10:00:00+00:00,0.9766338937,1.0001962947
2024-12-17 10:30:00+00:00,0.9772302089,1.0001962947
2024-12-17 11:00:00+00:00,0.9773699703,1.0001962947
2024-12-17 11:30:00+00:00,0.9775283666,1.0001962947
2024-12-17 12:00:00+00:00,0.9775097317,1.0001962947
2024-12-17 12:30:00+00:00,0.9784601091,1.0001962947
2024-12-17 13:00:00+00:00,0.9779196984,1.0001962947
2024-12-17 13:30:00+00:00,0.9787769015,1.0001962947
2024-12-17 14:00:00+00:00,0.9789259803,1.0001962947
2024-12-17 14:30:00+00:00,0.9788048538,1.0001962947
2024-12-17 15:00:00+00:00,0.9787675841,1.0001962947
2024-12-17 15:30:00+00:00,0.9782178560,1.0001962947
2024-12-17 16:00:00+00:00,0.9782271734,1.0001962947
2024-12-17 16:30:00+00:00,0.9788141712,1.0001962947
2024-12-17 17:00:00+00:00,0.9789073455,1.0001962947
2024-12-17 17:30:00+00:00,0.9783110302,1.0001962947
2024-12-17 18:00:00+00:00,0.9782364908,1.0001962947
2024-12-17 18:30:00+00:00,0.9777147150,1.0001962947
2024-12-18 07:00:00+00:00,0.9773426562,1.0001962947
2024-12-18 07:30:00+00:00,0.9763846048,1.0001962947
2024-12-18 08:00:00+00:00,0.9759846416,1.0001962947
2024-12-18 08:30:00+00:00,0.9760404504,1.0001962947
2024-12-18 09:00:00+00:00,0.9760869578,1.0001962947
2024-12-18 09:30:00+00:00,0.9761334651,1.0001962947
2024-12-18 10:00:00+00:00,0.9756869946,1.0001962947
2024-12-18 10:30:00+00:00,0.9765241269,1.0001962947
2024-12-18 11:00:00+00:00,0.9767101563,1.0001962947
2024-12-18 11:30:00+00:00,0.9763380975,1.0001962947
2024-12-18 12:00:00+00:00,0.9762078769,1.0001962947
2024-12-18 12:30:00+00:00,0.9757800093,1.0001962947
2024-12-18 13:00:00+00:00,0.9754637593,1.0001962947
2024-12-18 13:30:00+00:00,0.9759102299,1.0001962947
2024-12-18 14:00:00+00:00,0.9756311858,1.0001962947
2024-12-18 14:30:00+00:00,0.9763380975,1.0001962947
2024-12-18 15:00:00+00:00,0.9756125828,1.0001962947
2024-12-18 15:30:00+00:00,0.9742266638,1.0001962947
2024-12-18 16:00:00+00:00,0.9743568843,1.0001962947
2024-12-18 16:30:00+00:00,0.9737894946,1.0001962947
2024-12-18 17:00:00+00:00,0.9743103770,1.0001962947
2024-12-18 17:30:00+00:00,0.9743661858,1.0001962947
2024-12-18 18:00:00+00:00,0.9752219210,1.0001962947
2024-12-18 18:30:00+00:00,0.9754916637,1.0001962947
2024-12-19 07:00:00+00:00,0.9767597314,1.0001962947
2024-12-19 07:30:00+00:00,0.9764215800,1.0001962947
2024-12-19 08:00:00+00:00,0.9768818417,1.0001962947
2024-12-19 08:30:00+00:00,0.9776896478,1.0001962947
2024-12-19 09:00:00+00:00,0.9787604607,1.0001962947
2024-12-19 09:30:00+00:00,0.9780559786,1.0001962947
2024-12-19 10:00:00+00:00,0.9778211512,1.0001962947
2024-12-19 10:30:00+00:00,0.9773796758,1.0001962947
2024-12-19 11:00:00+00:00,0.9778775098,1.0001962947
2024-12-19 11:30:00+00:00,0.9772106000,1.0001962947
2024-12-19 12:00:00+00:00,0.9769382003,1.0001962947
2024-12-19 12:30:00+00:00,0.9762994698,1.0001962947
2024-12-19 13:00:00+00:00,0.9776708616,1.0001962947
2024-12-19 13:30:00+00:00,0.9767879108,1.0001962947
2024-12-19 14:00:00+00:00,0.9768818417,1.0001962947
2024-12-19 14:30:00+00:00,0.9764873317,1.0001962947
2024-12-19 15:00:00+00:00,0.9768630555,1.0001962947
2024-12-19 15:30:00+00:00,0.9750220089,1.0001962947
2024-12-19 16:00:00+00:00,0.9752286570,1.0001962947
2024-12-19 16:30:00+00:00,0.9728240247,1.0001962947
2024-12-19 17:00:00+00:00,0.9744772094,1.0001962947
2024-12-19 17:30:00+00:00,0.9732748932,1.0001962947
2024-12-19 18:00:00+00:00,0.9739136237,1.0001962947
2024-12-19 18:30:00+00:00,0.9744584232,1.0001962947
2024-12-20 07:00:00+00:00,0.9747589790,1.0001962947
2024-12-20 07:30:00+00:00,0.9751910280,1.0001962947
2024-12-20 08:00:00+00:00,0.9763181124,1.0001962947
2024-12-20 08:30:00+00:00,0.9760833032,1.0001962947
2024-12-20 09:00:00+00:00,0.9751910280,1.0001962947
2024-12-20 09:30:00+00:00,0.9751910280,1.0001962947
2024-12-20 10:00:00+00:00,0.9755573304,1.0001962947
2024-12-20 10:30:00+00:00,0.9760363413,1.0001962947
2024-12-20 11:00:00+00:00,0.9756888236,1.0001962947
2024-12-20 11:30:00+00:00,0.9760175566,1.0001962947
2024-12-20 12:00:00+00:00,0.9766374530,1.0001962947
2024-12-20 12:30:00+00:00,0.9758484939,1.0001962947
2024-12-20 13:00:00+00:00,0.9767031997,1.0001962947
2024-12-20 13:30:00+00:00,0.9775109435,1.0001962947
2024-12-20 14:00:00+00:00,0.9761020879,1.0001962947
2024-12-20 14:30:00+00:00,0.9762617582,1.0001962947
2024-12-20 15:00:00+00:00,0.9762617582,1.0001962947
2024-12-20 15:30:00+00:00,0.9765059599,1.0001962947
2024-12-20 16:00:00+00:00,0.9779899543,1.0001962947
2024-12-20 16:30:00+00:00,0.9794645564,1.0001962947
2024-12-20 17:00:00+00:00,0.9804131858,1.0001962947
2024-12-20 17:30:00+00:00,0.9794927335,1.0001962947
2024-12-20 18:00:00+00:00,0.9790888616,1.0001962947
2024-12-20 18:30:00+00:00,0.9802535155,1.0001962947
2024-12-23 07:00:00+00:00,0.9800844091,1.0001962947
2024-12-23 07:30:00+00:00,0.9782618178,1.0001962947
2024-12-23 08:00:00+00:00,0.9780833165,1.0001962947
2024-12-23 08:30:00+00:00,0.9787597422,1.0001962947
2024-12-23 09:00:00+00:00,0.9787785318,1.0001962947
2024-12-23 09:30:00+00:00,0.9777920778,1.0001962947
2024-12-23 10:00:00+00:00,0.9774632597,1.0001962947
2024-12-23 10:30:00+00:00,0.9761198032,1.0001962947
2024-12-23 11:00:00+00:00,0.9769371508,1.0001962947
2024-12-23 11:30:00+00:00,0.9770686780,1.0001962947
2024-12-23 12:00:00+00:00,0.9761104083,1.0001962947
2024-12-23 12:30:00+00:00,0.9766365172,1.0001962947
2024-12-23 13:00:00+00:00,0.9767962288,1.0001962947
2024-12-23 13:30:00+00:00,0.9770217040,1.0001962947
2024-12-23 14:00:00+00:00,0.9772847584,1.0001962947
2024-12-23 14:30:00+00:00,0.9764955951,1.0001962947
2024-12-23 15:00:00+00:00,0.9761949615,1.0001962947
2024-12-23 15:30:00+00:00,0.9762043563,1.0001962947
2024-12-23 16:00:00+00:00,0.9767868340,1.0001962947
2024-12-23 16:30:00+00:00,0.9778014725,1.0001962947
2024-12-23 17:00:00+00:00,0.9777920777,1.0001962947
2024-12-23 17:30:00+00:00,0.9768338080,1.0001962947
2024-12-23 18:00:00+00:00,0.9779799737,1.0001962947
2024-12-23 18:30:00+00:00,0.9778860257,1.0001962947
2024-12-24 07:00:00+00:00,0.9780271185,1.0001962947
2024-12-24 07:30:00+00:00,0.9773592792,1.0001962947
2024-12-24 08:00:00+00:00,0.9779236504,1.0001962947
2024-12-24 08:30:00+00:00,0.9778107762,1.0001962947
2024-12-24 09:00:00+00:00,0.9778672133,1.0001962947
2024-12-24 09:30:00+00:00,0.9775097782,1.0001962947
2024-12-24 10:00:00+00:00,0.9776884958,1.0001962947
2024-12-24 10:30:00+00:00,0.9779424628,1.0001962947
2024-12-24 11:00:00+00:00,0.9782622732,1.0001962947
2024-12-24 11:30:00+00:00,0.9777449329,1.0001962947
2024-12-24 12:00:00+00:00,0.9782434608,1.0001962947
2024-12-24 12:30:00+00:00,0.9774157163,1.0001962947
2024-12-24 13:00:00+00:00,0.9782904917,1.0001962947
2024-12-24 13:30:00+00:00,0.9784974278,1.0001962947
2024-12-24 14:00:00+00:00,0.9789113001,1.0001962947
2024-12-24 14:30:00+00:00,0.9787137701,1.0001962947
2024-12-24 15:00:00+00:00,0.9778295885,1.0001962947
2024-12-24 15:30:00+00:00,0.9774533410,1.0001962947
2024-12-24 16:00:00+00:00,0.9774063101,1.0001962947
2024-12-24 16:30:00+00:00,0.9770770936,1.0001962947
2024-12-24 17:00:00+00:00,0.9774533411,1.0001962947
2024-12-24 17:30:00+00:00,0.9771711554,1.0001962947
2024-12-24 18:00:00+00:00,0.9770770936,1.0001962947
2024-12-24 18:30:00+00:00,0.9775097782,1.0001962947
2024-12-26 07:00:00+00:00,0.9770115427,1.0001962947
2024-12-26 07:30:00+00:00,0.9774627748,1.0001962947
2024-12-26 08:00:00+00:00,0.9771807547,1.0001962947
2024-12-26 08:30:00+00:00,0.9771995561,1.0001962947
2024-12-26 09:00:00+00:00,0.9774251721,1.0001962947
2024-12-26 09:30:00+00:00,0.9775943842,1.0001962947
2024-12-26 10:00:00+00:00,0.9778200002,1.0001962947
2024-12-26 10:30:00+00:00,0.9778388016,1.0001962947
2024-12-26 11:00:00+00:00,0.9777165929,1.0001962947
2024-12-26 11:30:00+00:00,0.9778011989,1.0001962947
2024-12-26 12:00:00+00:00,0.9771807547,1.0001962947
2024-12-26 12:30:00+00:00,0.9776413875,1.0001962947
2024-12-26 13:00:00+00:00,0.9775003775,1.0001962947
2024-12-26 13:30:00+00:00,0.9779234076,1.0001962947
2024-12-26 14:00:00+00:00,0.9775379801,1.0001962947
2024-12-26 14:30:00+00:00,0.9778952055,1.0001962947
2024-12-26 15:00:00+00:00,0.9786096564,1.0001962947
2024-12-26 15:30:00+00:00,0.9784968483,1.0001962947
2024-12-26 16:00:00+00:00,0.9793899119,1.0001962947
2024-12-26 16:30:00+00:00,0.9797377367,1.0001962947
2024-12-26 17:00:00+00:00,0.9788258718,1.0001962947
2024-12-26 17:30:00+00:00,0.9787788684,1.0001962947
2024-12-26 18:00:00+00:00,0.9801983695,1.0001962947
2024-12-26 18:30:00+00:00,0.9796437300,1.0001962947
2024-12-27 07:00:00+00:00,0.9794085102,1.0001962947
2024-12-27 07:30:00+00:00,0.9805846095,1.0001962947
2024-12-27 08:00:00+00:00,0.9797942708,1.0001962947
2024-12-27 08:30:00+00:00,0.9797001828,1.0001962947
2024-12-27 09:00:00+00:00,0.9798977675,1.0001962947
2024-12-27 09:30:00+00:00,0.9801141698,1.0001962947
2024-12-27 10:00:00+00:00,0.9801800314,1.0001962947
2024-12-27 10:30:00+00:00,0.9802835281,1.0001962947
2024-12-27 11:00:00+00:00,0.9812432252,1.0001962947
2024-12-27 11:30:00+00:00,0.9821652871,1.0001962947
2024-12-27 12:00:00+00:00,0.9817701177,1.0001962947
2024-12-27 12:30:00+00:00,0.9815819418,1.0001962947
2024-12-27 13:00:00+00:00,0.9814125835,1.0001962947
2024-12-27 13:30:00+00:00,0.9821464695,1.0001962947
2024-12-27 14:00:00+00:00,0.9815254890,1.0001962947
2024-12-27 14:30:00+00:00,0.9810174141,1.0001962947
2024-12-27 15:00:00+00:00,0.9806975151,1.0001962947
2024-12-27 15:30:00+00:00,0.9805846096,1.0001962947
2024-12-27 16:00:00+00:00,0.9813373132,1.0001962947
2024-12-27 16:30:00+00:00,0.9806034272,1.0001962947
2024-12-27 17:00:00+00:00,0.9803493897,1.0001962947
2024-12-27 17:30:00+00:00,0.9805281568,1.0001962947
2024-12-27 18:00:00+00:00,0.9808292383,1.0001962947
2024-12-27 18:30:00+00:00,0.9809891878,1.0001962947
2024-12-30 07:00:00+00:00,0.9806317461,1.0001962947
2024-12-30 07:30:00+00:00,0.9807822479,1.0001962947
2024-12-30 08:00:00+00:00,0.9801049900,1.0001962947
2024-12-30 08:30:00+00:00,0.9794653576,1.0001962947
2024-12-30 09:00:00+00:00,0.9799827074,1.0001962947
2024-12-30 09:30:00+00:00,0.9814595058,1.0001962947
2024-12-30 10:00:00+00:00,0.9816476330,1.0001962947
2024-12-30 10:30:00+00:00,0.9818733856,1.0001962947
2024-12-30 11:00:00+00:00,0.9826635197,1.0001962947
2024-12-30 11:30:00+00:00,0.9827763960,1.0001962947
2024-12-30 12:00:00+00:00,0.9824847989,1.0001962947
2024-12-30 12:30:00+00:00,0.9829174914,1.0001962947
2024-12-30 13:00:00+00:00,0.9817981347,1.0001962947
2024-12-30 13:30:00+00:00,0.9771419869,1.0001962947
2024-12-30 14:00:00+00:00,0.9783365945,1.0001962947
2024-12-30 14:30:00+00:00,0.9787692870,1.0001962947
2024-12-30 15:00:00+00:00,0.9774523968,1.0001962947
2024-12-30 15:30:00+00:00,0.9764271037,1.0001962947
2024-12-30 16:00:00+00:00,0.9762954147,1.0001962947
2024-12-30 16:30:00+00:00,0.9769256407,1.0001962947
2024-12-30 17:00:00+00:00,0.9774618032,1.0001962947
2024-12-30 17:30:00+00:00,0.9777157749,1.0001962947
2024-12-30 18:00:00+00:00,0.9779979657,1.0001962947
2024-12-30 18:30:00+00:00,0.9786940362,1.0001962947
2024-12-31 07:00:00+00:00,0.9790703195,1.0001962947
2024-12-31 07:30:00+00:00,0.9794654170,1.0001962947
2024-12-31 08:00:00+00:00,0.9790138770,1.0001962947
2024-12-31 08:30:00+00:00,0.9800674702,1.0001962947
2024-12-31 09:00:00+00:00,0.9796347444,1.0001962947
2024-12-31 09:30:00+00:00,0.9800956915,1.0001962947
2024-12-31 10:00:00+00:00,0.9793054966,1.0001962947
2024-12-31 10:30:00+00:00,0.9795500807,1.0001962947
2024-12-31 11:00:00+00:00,0.9796441515,1.0001962947
2024-12-31 11:30:00+00:00,0.9793149037,1.0001962947
2024-12-31 12:00:00+00:00,0.9786281867,1.0001962947
2024-12-31 12:30:00+00:00,0.9776780714,1.0001962947
2024-12-31 13:00:00+00:00,0.9774805226,1.0001962947
2024-12-31 13:30:00+00:00,0.9776780714,1.0001962947
2024-12-31 14:00:00+00:00,0.9765398144,1.0001962947
2024-12-31 14:30:00+00:00,0.9760788674,1.0001962947
2024-12-31 15:00:00+00:00,0.9760130178,1.0001962947
2024-12-31 15:30:00+00:00,0.9740845658,1.0001962947
2024-12-31 16:00:00+00:00,0.9738776100,1.0001962947
2024-12-31 16:30:00+00:00,0.9736706542,1.0001962947
2024-12-31 17:00:00+00:00,0.9733978488,1.0001962947
2024-12-31 17:30:00+00:00,0.9735013267,1.0001962947
2024-12-31 18:00:00+00:00,0.9739152384,1.0001962947
2024-12-31 18:30:00+00:00,0.9739246454,1.0001962947
2025-01-02 07:00:00+00:00,0.9743945140,1.0001962947
2025-01-02 07:30:00+00:00,0.9738400691,1.0001962947
2025-01-02 08:00:00+00:00,0.9725338347,1.0001962947
2025-01-02 08:30:00+00:00,0.9738494665,1.0001962947
2025-01-02 09:00:00+00:00,0.9737554928,1.0001962947
2025-01-02 09:30:00+00:00,0.9727969610,1.0001962947
2025-01-02 10:00:00+00:00,0.9726935899,1.0001962947
2025-01-02 10:30:00+00:00,0.9695078815,1.0001962947
2025-01-02 11:00:00+00:00,0.9699965448,1.0001962947
2025-01-02 11:30:00+00:00,0.9709738713,1.0001962947
2025-01-02 12:00:00+00:00,0.9706825528,1.0001962947
2025-01-02 12:30:00+00:00,0.9696488421,1.0001962947
2025-01-02 13:00:00+00:00,0.9696582395,1.0001962947
2025-01-02 13:30:00+00:00,0.9691977683,1.0001962947
2025-01-02 14:00:00+00:00,0.9694139078,1.0001962947
2025-01-02 14:30:00+00:00,0.9682862234,1.0001962947
2025-01-02 15:00:00+00:00,0.9665759021,1.0001962947
2025-01-02 15:30:00+00:00,0.9655046019,1.0001962947
2025-01-02 16:00:00+00:00,0.9635217568,1.0001962947
2025-01-02 16:30:00+00:00,0.9642829437,1.0001962947
2025-01-02 17:00:00+00:00,0.9638882542,1.0001962947
2025-01-02 17:30:00+00:00,0.9646400438,1.0001962947
2025-01-02 18:00:00+00:00,0.9644145069,1.0001962947
2025-01-02 18:30:00+00:00,0.9638412673,1.0001962947
2025-01-03 07:00:00+00:00,0.9637568778,1.0001962947
2025-01-03 07:30:00+00:00,0.9640006698,1.0001962947
2025-01-03 08:00:00+00:00,0.9640100464,1.0001962947
2025-01-03 08:30:00+00:00,0.9639631634,1.0001962947
2025-01-03 09:00:00+00:00,0.9654540455,1.0001962947
2025-01-03 09:30:00+00:00,0.9648820719,1.0001962947
2025-01-03 10:00:00+00:00,0.9642725917,1.0001962947
2025-01-03 10:30:00+00:00,0.9640475529,1.0001962947
2025-01-03 11:00:00+00:00,0.9656040714,1.0001962947
2025-01-03 11:30:00+00:00,0.9655478117,1.0001962947
2025-01-03 12:00:00+00:00,0.9654352923,1.0001962947
2025-01-03 12:30:00+00:00,0.9653790326,1.0001962947
2025-01-03 13:00:00+00:00,0.9652196301,1.0001962947
2025-01-03 13:30:00+00:00,0.9651539937,1.0001962947
2025-01-03 14:00:00+00:00,0.9649758380,1.0001962947
2025-01-03 14:30:00+00:00,0.9658291102,1.0001962947
2025-01-03 15:00:00+00:00,0.9634474494,1.0001962947
2025-01-03 15:30:00+00:00,0.9647789291,1.0001962947
2025-01-03 16:00:00+00:00,0.9653790326,1.0001962947
2025-01-03 16:30:00+00:00,0.9649289549,1.0001962947
2025-01-03 17:00:00+00:00,0.9660166426,1.0001962947
2025-01-03 17:30:00+00:00,0.9656040714,1.0001962947
2025-01-03 18:00:00+00:00,0.9659228764,1.0001962947
2025-01-03 18:30:00+00:00,0.9655478117,1.0001962947
2025-01-06 07:00:00+00:00,0.9661657564,1.0001962947
2025-01-06 07:30:00+00:00,0.9669335057,1.0001962947
2025-01-06 08:00:00+00:00,0.9681506694,1.0001962947
2025-01-06 08:30:00+00:00,0.9690682235,1.0001962947
2025-01-06 09:00:00+00:00,0.9698266100,1.0001962947
2025-01-06 09:30:00+00:00,0.9695644517,1.0001962947
2025-01-06 10:00:00+00:00,0.9686000836,1.0001962947
2025-01-06 10:30:00+00:00,0.9676638040,1.0001962947
2025-01-06 11:00:00+00:00,0.9750042370,1.0001962947
2025-01-06 11:30:00+00:00,0.9757813492,1.0001962947
2025-01-06 12:00:00+00:00,0.9736559942,1.0001962947
2025-01-06 12:30:00+00:00,0.9747795298,1.0001962947
2025-01-06 13:00:00+00:00,0.9770734152,1.0001962947
2025-01-06 13:30:00+00:00,0.9753038465,1.0001962947
2025-01-06 14:00:00+00:00,0.9719800536,1.0001962947
2025-01-06 14:30:00+00:00,0.9730380497,1.0001962947
2025-01-06 15:00:00+00:00,0.9719332396,1.0001962947
2025-01-06 15:30:00+00:00,0.9731316777,1.0001962947
2025-01-06 16:00:00+00:00,0.9732627568,1.0001962947
2025-01-06 16:30:00+00:00,0.9734312872,1.0001962947
2025-01-06 17:00:00+00:00,0.9721673095,1.0001962947
2025-01-06 17:30:00+00:00,0.9725605470,1.0001962947
2025-01-06 18:00:00+00:00,0.9723826539,1.0001962947
2025-01-06 18:30:00+00:00,0.9720455932,1.0001962947
2025-01-07 07:00:00+00:00,0.9734853144,1.0001962947
2025-01-07 07:30:00+00:00,0.9736629424,1.0001962947
2025-01-07 08:00:00+00:00,0.9728869887,1.0001962947
2025-01-07 08:30:00+00:00,0.9746539194,1.0001962947
2025-01-07 09:00:00+00:00,0.9746539194,1.0001962947
2025-01-07 09:30:00+00:00,0.9748782915,1.0001962947
2025-01-07 10:00:00+00:00,0.9744388961,1.0001962947
2025-01-07 10:30:00+00:00,0.9748969892,1.0001962947
2025-01-07 11:00:00+00:00,0.9731674539,1.0001962947
2025-01-07 11:30:00+00:00,0.9735507563,1.0001962947
2025-01-07 12:00:00+00:00,0.9727841515,1.0001962947
2025-01-07 12:30:00+00:00,0.9712696395,1.0001962947
2025-01-07 13:00:00+00:00,0.9724101979,1.0001962947
2025-01-07 13:30:00+00:00,0.9719614536,1.0001962947
2025-01-07 14:00:00+00:00,0.9718679652,1.0001962947
2025-01-07 14:30:00+00:00,0.9717277326,1.0001962947
2025-01-07 15:00:00+00:00,0.9703534532,1.0001962947
2025-01-07 15:30:00+00:00,0.9697551274,1.0001962947
2025-01-07 16:00:00+00:00,0.9691287552,1.0001962947
2025-01-07 16:30:00+00:00,0.9693250808,1.0001962947
2025-01-07 17:00:00+00:00,0.9693998715,1.0001962947
2025-01-07 17:30:00+00:00,0.9692035459,1.0001962947
2025-01-07 18:00:00+00:00,0.9686519644,1.0001962947
2025-01-07 18:30:00+00:00,0.9680255921,1.0001962947
2025-01-08 07:00:00+00:00,0.9673803352,1.0001962947
2025-01-08 07:30:00+00:00,0.9662394462,1.0001962947
2025-01-08 08:00:00+00:00,0.9655848377,1.0001962947
2025-01-08 08:30:00+00:00,0.9649676355,1.0001962947
2025-01-08 09:00:00+00:00,0.9651453149,1.0001962947
2025-01-08 09:30:00+00:00,0.9650424479,1.0001962947
2025-01-08 10:00:00+00:00,0.9646029251,1.0001962947
2025-01-08 10:30:00+00:00,0.9649863386,1.0001962947
2025-01-08 11:00:00+00:00,0.9632469505,1.0001962947
2025-01-08 11:30:00+00:00,0.9630038102,1.0001962947
2025-01-08 12:00:00+00:00,0.9621621708,1.0001962947
2025-01-08 12:30:00+00:00,0.9616010779,1.0001962947
2025-01-08 13:00:00+00:00,0.9628167793,1.0001962947
2025-01-08 13:30:00+00:00,0.9635368486,1.0001962947
2025-01-08 14:00:00+00:00,0.9626110452,1.0001962947
2025-01-08 14:30:00+00:00,0.9624333658,1.0001962947
2025-01-08 15:00:00+00:00,0.9633030598,1.0001962947
2025-01-08 15:30:00+00:00,0.9633591691,1.0001962947
2025-01-08 16:00:00+00:00,0.9635555517,1.0001962947
2025-01-08 16:30:00+00:00,0.9643878395,1.0001962947
2025-01-08 17:00:00+00:00,0.9634994424,1.0001962947
2025-01-08 17:30:00+00:00,0.9637332311,1.0001962947
2025-01-08 18:00:00+00:00,0.9643504333,1.0001962947
2025-01-08 18:30:00+00:00,0.9643971910,1.0001962947
2025-01-09 07:00:00+00:00,0.9647155296,1.0001962947
2025-01-09 07:30:00+00:00,0.9635358044,1.0001962947
2025-01-09 08:00:00+00:00,0.9643222878,1.0001962947
2025-01-09 08:30:00+00:00,0.9651087713,1.0001962947
2025-01-09 09:00:00+00:00,0.9656330935,1.0001962947
2025-01-09 09:30:00+00:00,0.9649308762,1.0001962947
2025-01-09 10:00:00+00:00,0.9653522066,1.0001962947
2025-01-09 10:30:00+00:00,0.9646593522,1.0001962947
2025-01-09 11:00:00+00:00,0.9644159168,1.0001962947
2025-01-09 11:30:00+00:00,0.9644908200,1.0001962947
2025-01-09 12:00:00+00:00,0.9644908200,1.0001962947
2025-01-09 12:30:00+00:00,0.9646968037,1.0001962947
2025-01-09 13:00:00+00:00,0.9655020129,1.0001962947
2025-01-09 13:30:00+00:00,0.9651274970,1.0001962947
2025-01-09 14:00:00+00:00,0.9653147550,1.0001962947
2025-01-09 14:30:00+00:00,0.9650713196,1.0001962947
2025-01-09 15:00:00+00:00,0.9647904327,1.0001962947
2025-01-09 15:30:00+00:00,0.9643129249,1.0001962947
2025-01-09 16:00:00+00:00,0.9639290461,1.0001962947
2025-01-09 16:30:00+00:00,0.9641256669,1.0001962947
2025-01-09 17:00:00+00:00,0.9641350298,1.0001962947
2025-01-09 17:30:00+00:00,0.9641350298,1.0001962947
2025-01-09 18:00:00+00:00,0.9643410136,1.0001962947
2025-01-09 18:30:00+00:00,0.9643971910,1.0001962947
2025-01-10 07:00:00+00:00,0.9650162481,1.0001962947
2025-01-10 07:30:00+00:00,0.9658510372,1.0001962947
2025-01-10 08:00:00+00:00,0.9662356030,1.0001962947
2025-01-10 08:30:00+00:00,0.9663669181,1.0001962947
2025-01-10 09:00:00+00:00,0.9661980844,1.0001962947
2025-01-10 09:30:00+00:00,0.9661042878,1.0001962947
2025-01-10 10:00:00+00:00,0.9665920298,1.0001962947
2025-01-10 10:30:00+00:00,0.9663106402,1.0001962947
2025-01-10 11:00:00+00:00,0.9663293995,1.0001962947
2025-01-10 11:30:00+00:00,0.9662731216,1.0001962947
2025-01-10 12:00:00+00:00,0.9667514839,1.0001962947
2025-01-10 12:30:00+00:00,0.9666295484,1.0001962947
2025-01-10 13:00:00+00:00,0.9666483077,1.0001962947
2025-01-10 13:30:00+00:00,0.9620335183,1.0001962947
2025-01-10 14:00:00+00:00,0.9624462230,1.0001962947
2025-01-10 14:30:00+00:00,0.9616770915,1.0001962947
2025-01-10 15:00:00+00:00,0.9630652801,1.0001962947
2025-01-10 15:30:00+00:00,0.9614519798,1.0001962947
2025-01-10 16:00:00+00:00,0.9597636422,1.0001962947
2025-01-10 16:30:00+00:00,0.9602513842,1.0001962947
2025-01-10 17:00:00+00:00,0.9604014586,1.0001962947
2025-01-10 17:30:00+00:00,0.9608985803,1.0001962947
2025-01-10 18:00:00+00:00,0.9604764959,1.0001962947
2025-01-10 18:30:00+00:00,0.9606265703,1.0001962947
2025-01-13 07:00:00+00:00,0.9597427946,1.0001962947
2025-01-13 07:30:00+00:00,0.9604385329,1.0001962947
2025-01-13 08:00:00+00:00,0.9612470937,1.0001962947
2025-01-13 08:30:00+00:00,0.9610214488,1.0001962947
2025-01-13 09:00:00+00:00,0.9577590003,1.0001962947
2025-01-13 09:30:00+00:00,0.9583701218,1.0001962947
2025-01-13 10:00:00+00:00,0.9590470563,1.0001962947
2025-01-13 10:30:00+00:00,0.9591786825,1.0001962947
2025-01-13 11:00:00+00:00,0.9581444769,1.0001962947
2025-01-13 11:30:00+00:00,0.9585957666,1.0001962947
2025-01-13 12:00:00+00:00,0.9579470376,1.0001962947
2025-01-13 12:30:00+00:00,0.9592538975,1.0001962947
2025-01-13 13:00:00+00:00,0.9598086078,1.0001962947
2025-01-13 13:30:00+00:00,0.9597804022,1.0001962947
2025-01-13 14:00:00+00:00,0.9600060470,1.0001962947
2025-01-13 14:30:00+00:00,0.9597615984,1.0001962947
2025-01-13 15:00:00+00:00,0.9591222713,1.0001962947
2025-01-13 15:30:00+00:00,0.9587085891,1.0001962947
2025-01-13 16:00:00+00:00,0.9596581779,1.0001962947
2025-01-13 16:30:00+00:00,0.9597615984,1.0001962947
2025-01-13 17:00:00+00:00,0.9605137480,1.0001962947
2025-01-13 17:30:00+00:00,0.9606829816,1.0001962947
2025-01-13 18:00:00+00:00,0.9604197293,1.0001962947
2025-01-13 18:30:00+00:00,0.9605137480,1.0001962947
2025-01-14 07:00:00+00:00,0.9610477466,1.0001962947
2025-01-14 07:30:00+00:00,0.9606730107,1.0001962947
2025-01-14 08:00:00+00:00,0.9617878501,1.0001962947
2025-01-14 08:30:00+00:00,0.9613475354,1.0001962947
2025-01-14 09:00:00+00:00,0.9608229051,1.0001962947
2025-01-14 09:30:00+00:00,0.9611601674,1.0001962947
2025-01-14 10:00:00+00:00,0.9611789042,1.0001962947
2025-01-14 10:30:00+00:00,0.9612070094,1.0001962947
2025-01-14 11:00:00+00:00,0.9611039570,1.0001962947
2025-01-14 11:30:00+00:00,0.9606449055,1.0001962947
2025-01-14 12:00:00+00:00,0.9605418531,1.0001962947
2025-01-14 12:30:00+00:00,0.9600734332,1.0001962947
2025-01-14 13:00:00+00:00,0.9595862765,1.0001962947
2025-01-14 13:30:00+00:00,0.9605605899,1.0001962947
2025-01-14 14:00:00+00:00,0.9616941661,1.0001962947
2025-01-14 14:30:00+00:00,0.9619564812,1.0001962947
2025-01-14 15:00:00+00:00,0.9621344808,1.0001962947
2025-01-14 15:30:00+00:00,0.9644859487,1.0001962947
2025-01-14 16:00:00+00:00,0.9636427929,1.0001962947
2025-01-14 16:30:00+00:00,0.9641580547,1.0001962947
2025-01-14 17:00:00+00:00,0.9634835301,1.0001962947
2025-01-14 17:30:00+00:00,0.9638395292,1.0001962947
2025-01-14 18:00:00+00:00,0.9643641595,1.0001962947
2025-01-14 18:30:00+00:00,0.9648700530,1.0001962947
2025-01-15 07:00:00+00:00,0.9647669716,1.0001962947
2025-01-15 07:30:00+00:00,0.9657790436,1.0001962947
2025-01-15 08:00:00+00:00,0.9653760890,1.0001962947
2025-01-15 08:30:00+00:00,0.9648981662,1.0001962947
2025-01-15 09:00:00+00:00,0.9657040753,1.0001962947
2025-01-15 09:30:00+00:00,0.9661351430,1.0001962947
2025-01-15 10:00:00+00:00,0.9657603015,1.0001962947
2025-01-15 10:30:00+00:00,0.9659289802,1.0001962947
2025-01-15 11:00:00+00:00,0.9659852064,1.0001962947
2025-01-15 11:30:00+00:00,0.9653292339,1.0001962947
2025-01-15 12:00:00+00:00,0.9655166546,1.0001962947
2025-01-15 12:30:00+00:00,0.9651980393,1.0001962947
2025-01-15 13:00:00+00:00,0.9655072835,1.0001962947
2025-01-15 13:30:00+00:00,0.9693868928,1.0001962947
2025-01-15 14:00:00+00:00,0.9690401644,1.0001962947
2025-01-15 14:30:00+00:00,0.9677563324,1.0001962947
2025-01-15 15:00:00+00:00,0.9676813641,1.0001962947
2025-01-15 15:30:00+00:00,0.9657977857,1.0001962947
2025-01-15 16:00:00+00:00,0.9641765963,1.0001962947
2025-01-15 16:30:00+00:00,0.9634550265,1.0001962947
2025-01-15 17:00:00+00:00,0.9638860942,1.0001962947
2025-01-15 17:30:00+00:00,0.9638767232,1.0001962947
2025-01-15 18:00:00+00:00,0.9643171619,1.0001962947
2025-01-15 18:30:00+00:00,0.9644858406,1.0001962947
2025-01-16 07:00:00+00:00,0.9650107716,1.0001962947
2025-01-16 07:30:00+00:00,0.9652732372,1.0001962947
2025-01-16 08:00:00+00:00,0.9648420438,1.0001962947
2025-01-16 08:30:00+00:00,0.9651232569,1.0001962947
2025-01-16 09:00:00+00:00,0.9649545290,1.0001962947
2025-01-16 09:30:00+00:00,0.9642046275,1.0001962947
2025-01-16 10:00:00+00:00,0.9647858012,1.0001962947
2025-01-16 10:30:00+00:00,0.9641483849,1.0001962947
2025-01-16 11:00:00+00:00,0.9643733554,1.0001962947
2025-01-16 11:30:00+00:00,0.9645795783,1.0001962947
2025-01-16 12:00:00+00:00,0.9631172704,1.0001962947
2025-01-16 12:30:00+00:00,0.9628548048,1.0001962947
2025-01-16 13:00:00+00:00,0.9624236114,1.0001962947
2025-01-16 13:30:00+00:00,0.9637734341,1.0001962947
2025-01-16 14:00:00+00:00,0.9631360179,1.0001962947
2025-01-16 14:30:00+00:00,0.9635672112,1.0001962947
2025-01-16 15:00:00+00:00,0.9653482274,1.0001962947
2025-01-16 15:30:00+00:00,0.9655825716,1.0001962947
2025-01-16 16:00:00+00:00,0.9654607126,1.0001962947
2025-01-16 16:30:00+00:00,0.9657044306,1.0001962947
2025-01-16 17:00:00+00:00,0.9666980501,1.0001962947
2025-01-16 17:30:00+00:00,0.9651794995,1.0001962947
2025-01-16 18:00:00+00:00,0.9653201061,1.0001962947
2025-01-16 18:30:00+00:00,0.9655169552,1.0001962947
2025-01-17 07:00:00+00:00,0.9646912780,1.0001962947
2025-01-17 07:30:00+00:00,0.9649727588,1.0001962947
2025-01-17 08:00:00+00:00,0.9658172015,1.0001962947
2025-01-17 08:30:00+00:00,0.9661362132,1.0001962947
2025-01-17 09:00:00+00:00,0.9663144844,1.0001962947
2025-01-17 09:30:00+00:00,0.9661174478,1.0001962947
2025-01-17 10:00:00+00:00,0.9668305327,1.0001962947
2025-01-17 10:30:00+00:00,0.9667836192,1.0001962947
2025-01-17 11:00:00+00:00,0.9671307790,1.0001962947
2025-01-17 11:30:00+00:00,0.9668492981,1.0001962947
2025-01-17 12:00:00+00:00,0.9666241134,1.0001962947
2025-01-17 12:30:00+00:00,0.9657515227,1.0001962947
2025-01-17 13:00:00+00:00,0.9651510301,1.0001962947
2025-01-17 13:30:00+00:00,0.9654981899,1.0001962947
2025-01-17 14:00:00+00:00,0.9644848587,1.0001962947
2025-01-17 14:30:00+00:00,0.9662863364,1.0001962947
2025-01-17 15:00:00+00:00,0.9677688023,1.0001962947
2025-01-17 15:30:00+00:00,0.9663238671,1.0001962947
2025-01-17 16:00:00+00:00,0.9658547323,1.0001962947
2025-01-17 16:30:00+00:00,0.9651228820,1.0001962947
2025-01-17 17:00:00+00:00,0.9648789319,1.0001962947
2025-01-17 17:30:00+00:00,0.9646349818,1.0001962947
2025-01-17 18:00:00+00:00,0.9649915243,1.0001962947
2025-01-17 18:30:00+00:00,0.9646349818,1.0001962947
2025-01-20 07:00:00+00:00,0.9646256260,1.0001962947
2025-01-20 07:30:00+00:00,0.9652244004,1.0001962947
2025-01-20 08:00:00+00:00,0.9645320675,1.0001962947
2025-01-20 08:30:00+00:00,0.9645694909,1.0001962947
2025-01-20 09:00:00+00:00,0.9645320675,1.0001962947
2025-01-20 09:30:00+00:00,0.9642326803,1.0001962947
2025-01-20 10:00:00+00:00,0.9651869771,1.0001962947
2025-01-20 10:30:00+00:00,0.9650559952,1.0001962947
2025-01-20 11:00:00+00:00,0.9656547696,1.0001962947
2025-01-20 11:30:00+00:00,0.9660851387,1.0001962947
2025-01-20 12:00:00+00:00,0.9650653509,1.0001962947
2025-01-20 12:30:00+00:00,0.9655612110,1.0001962947
2025-01-20 13:00:00+00:00,0.9649530807,1.0001962947
2025-01-20 13:30:00+00:00,0.9728400624,1.0001962947
2025-01-20 14:00:00+00:00,0.9729991119,1.0001962947
2025-01-20 14:30:00+00:00,0.9744212012,1.0001962947
2025-01-20 15:00:00+00:00,0.9733265667,1.0001962947
2025-01-20 15:30:00+00:00,0.9730646029,1.0001962947
2025-01-20 16:00:00+00:00,0.9732517199,1.0001962947
2025-01-20 16:30:00+00:00,0.9728587742,1.0001962947
2025-01-20 17:00:00+00:00,0.9702484919,1.0001962947
2025-01-20 17:30:00+00:00,0.9716612253,1.0001962947
2025-01-20 18:00:00+00:00,0.9716892929,1.0001962947
2025-01-20 18:30:00+00:00,0.9726903689,1.0001962947
2025-01-21 07:00:00+00:00,0.9734595907,1.0001962947
2025-01-21 07:30:00+00:00,0.9731031221,1.0001962947
2025-01-21 08:00:00+00:00,0.9721369044,1.0001962947
2025-01-21 08:30:00+00:00,0.9719211471,1.0001962947
2025-01-21 09:00:00+00:00,0.9716022015,1.0001962947
2025-01-21 09:30:00+00:00,0.9712457328,1.0001962947
2025-01-21 10:00:00+00:00,0.9713395404,1.0001962947
2025-01-21 10:30:00+00:00,0.9711894483,1.0001962947
2025-01-21 11:00:00+00:00,0.9708798834,1.0001962947
2025-01-21 11:30:00+00:00,0.9712363521,1.0001962947
2025-01-21 12:00:00+00:00,0.9714896324,1.0001962947
2025-01-21 12:30:00+00:00,0.9712926366,1.0001962947
2025-01-21 13:00:00+00:00,0.9721275237,1.0001962947
2025-01-21 13:30:00+00:00,0.9735252561,1.0001962947
2025-01-21 14:00:00+00:00,0.9749980344,1.0001962947
2025-01-21 14:30:00+00:00,0.9743695239,1.0001962947
2025-01-21 15:00:00+00:00,0.9751106034,1.0001962947
2025-01-21 15:30:00+00:00,0.9756734486,1.0001962947
2025-01-21 16:00:00+00:00,0.9770805617,1.0001962947
2025-01-21 16:30:00+00:00,0.9777184529,1.0001962947
2025-01-21 17:00:00+00:00,0.9782625367,1.0001962947
2025-01-21 17:30:00+00:00,0.9775965032,1.0001962947
2025-01-21 18:00:00+00:00,0.9780843024,1.0001962947
2025-01-21 18:30:00+00:00,0.9783282020,1.0001962947
2025-01-22 07:00:00+00:00,0.9795412620,1.0001962947
2025-01-22 07:30:00+00:00,0.9790804872,1.0001962947
2025-01-22 08:00:00+00:00,0.9792121372,1.0001962947
2025-01-22 08:30:00+00:00,0.9801430902,1.0001962947
2025-01-22 09:00:00+00:00,0.9809988147,1.0001962947
2025-01-22 09:30:00+00:00,0.9823623318,1.0001962947
2025-01-22 10:00:00+00:00,0.9831522313,1.0001962947
2025-01-22 10:30:00+00:00,0.9826726495,1.0001962947
2025-01-22 11:00:00+00:00,0.9822776997,1.0001962947
2025-01-22 11:30:00+00:00,0.9820143998,1.0001962947
2025-01-22 12:00:00+00:00,0.9809612004,1.0001962947
2025-01-22 12:30:00+00:00,0.9815442215,1.0001962947
2025-01-22 13:00:00+00:00,0.9813185359,1.0001962947
2025-01-22 13:30:00+00:00,0.9809517969,1.0001962947
2025-01-22 14:00:00+00:00,0.9799268081,1.0001962947
2025-01-22 14:30:00+00:00,0.9802841436,1.0001962947
2025-01-22 15:00:00+00:00,0.9794942441,1.0001962947
2025-01-22 15:30:00+00:00,0.9798515796,1.0001962947
2025-01-22 16:00:00+00:00,0.9792779621,1.0001962947
2025-01-22 16:30:00+00:00,0.9798139653,1.0001962947
2025-01-22 17:00:00+00:00,0.9792215407,1.0001962947
2025-01-22 17:30:00+00:00,0.9795788762,1.0001962947
2025-01-22 18:00:00+00:00,0.9797951582,1.0001962947
2025-01-22 18:30:00+00:00,0.9794942441,1.0001962947
2025-01-23 07:00:00+00:00,0.9787786938,1.0001962947
2025-01-23 07:30:00+00:00,0.9791929598,1.0001962947
2025-01-23 08:00:00+00:00,0.9787598635,1.0001962947
2025-01-23 08:30:00+00:00,0.9786280516,1.0001962947
2025-01-23 09:00:00+00:00,0.9795883954,1.0001962947
2025-01-23 09:30:00+00:00,0.9802757004,1.0001962947
2025-01-23 10:00:00+00:00,0.9808500236,1.0001962947
2025-01-23 10:30:00+00:00,0.9802474549,1.0001962947
2025-01-23 11:00:00+00:00,0.9803510214,1.0001962947
2025-01-23 11:30:00+00:00,0.9794754138,1.0001962947
2025-01-23 12:00:00+00:00,0.9791176386,1.0001962947
2025-01-23 12:30:00+00:00,0.9795319046,1.0001962947
2025-01-23 13:00:00+00:00,0.9798049436,1.0001962947
2025-01-23 13:30:00+00:00,0.9801909641,1.0001962947
2025-01-23 14:00:00+00:00,0.9802851155,1.0001962947
2025-01-23 14:30:00+00:00,0.9800026614,1.0001962947
2025-01-23 15:00:00+00:00,0.9787316181,1.0001962947
2025-01-23 15:30:00+00:00,0.9789293359,1.0001962947
2025-01-23 16:00:00+00:00,0.9799650009,1.0001962947
2025-01-23 16:30:00+00:00,0.9810194961,1.0001962947
2025-01-23 17:00:00+00:00,0.9806993815,1.0001962947
2025-01-23 17:30:00+00:00,0.9825070876,1.0001962947
2025-01-23 18:00:00+00:00,0.9817727070,1.0001962947
2025-01-23 18:30:00+00:00,0.9814337621,1.0001962947
2025-01-24 07:00:00+00:00,0.9810771297,1.0001962947
2025-01-24 07:30:00+00:00,0.9817903946,1.0001962947
2025-01-24 08:00:00+00:00,0.9834421660,1.0001962947
2025-01-24 08:30:00+00:00,0.9848311555,1.0001962947
2025-01-24 09:00:00+00:00,0.9860512139,1.0001962947
2025-01-24 09:30:00+00:00,0.9849250062,1.0001962947
2025-01-24 10:00:00+00:00,0.9847560750,1.0001962947
2025-01-24 10:30:00+00:00,0.9844182127,1.0001962947
2025-01-24 11:00:00+00:00,0.9843243620,1.0001962947
2025-01-24 11:30:00+00:00,0.9841366608,1.0001962947
2025-01-24 12:00:00+00:00,0.9841929711,1.0001962947
2025-01-24 12:30:00+00:00,0.9829541426,1.0001962947
2025-01-24 13:00:00+00:00,0.9823159582,1.0001962947
2025-01-24 13:30:00+00:00,0.9824942745,1.0001962947
2025-01-24 14:00:00+00:00,0.9831136887,1.0001962947
2025-01-24 14:30:00+00:00,0.9846809945,1.0001962947
2025-01-24 15:00:00+00:00,0.9856382711,1.0001962947
2025-01-24 15:30:00+00:00,0.9869709504,1.0001962947
2025-01-24 16:00:00+00:00,0.9867269387,1.0001962947
2025-01-24 16:30:00+00:00,0.9868020192,1.0001962947
2025-01-24 17:00:00+00:00,0.9866330881,1.0001962947
2025-01-24 17:30:00+00:00,0.9864829270,1.0001962947
2025-01-24 18:00:00+00:00,0.9857039666,1.0001962947
2025-01-24 18:30:00+00:00,0.9849813167,1.0001962947
2025-01-27 07:00:00+00:00,0.9852355856,1.0001962947
2025-01-27 07:30:00+00:00,0.9847929693,1.0001962947
2025-01-27 08:00:00+00:00,0.9862809134,1.0001962947
2025-01-27 08:30:00+00:00,0.9876935185,1.0001962947
2025-01-27 09:00:00+00:00,0.9871943980,1.0001962947
2025-01-27 09:30:00+00:00,0.9877688574,1.0001962947
2025-01-27 10:00:00+00:00,0.9885034121,1.0001962947
2025-01-27 10:30:00+00:00,0.9893321405,1.0001962947
2025-01-27 11:00:00+00:00,0.9901043646,1.0001962947
2025-01-27 11:30:00+00:00,0.9900572778,1.0001962947
2025-01-27 12:00:00+00:00,0.9901985383,1.0001962947
2025-01-27 12:30:00+00:00,0.9908389193,1.0001962947
2025-01-27 13:00:00+00:00,0.9901043646,1.0001962947
2025-01-27 13:30:00+00:00,0.9907070762,1.0001962947
2025-01-27 14:00:00+00:00,0.9903774683,1.0001962947
2025-01-27 14:30:00+00:00,0.9896900004,1.0001962947
2025-01-27 15:00:00+00:00,0.9891061236,1.0001962947
2025-01-27 15:30:00+00:00,0.9887482637,1.0001962947
2025-01-27 16:00:00+00:00,0.9893980620,1.0001962947
2025-01-27 16:30:00+00:00,0.9879572048,1.0001962947
2025-01-27 17:00:00+00:00,0.9876935185,1.0001962947
2025-01-27 17:30:00+00:00,0.9877688574,1.0001962947
2025-01-27 18:00:00+00:00,0.9873733280,1.0001962947
2025-01-27 18:30:00+00:00,0.9874109975,1.0001962947
2025-01-28 07:00:00+00:00,0.9877799392,1.0001962947
2025-01-28 07:30:00+00:00,0.9870988160,1.0001962947
2025-01-28 08:00:00+00:00,0.9865312134,1.0001962947
2025-01-28 08:30:00+00:00,0.9862474121,1.0001962947
2025-01-28 09:00:00+00:00,0.9877799393,1.0001962947
2025-01-28 09:30:00+00:00,0.9871744965,1.0001962947
2025-01-28 10:00:00+00:00,0.9868528550,1.0001962947
2025-01-28 10:30:00+00:00,0.9862095720,1.0001962947
2025-01-28 11:00:00+00:00,0.9864839132,1.0003079724
2025-01-28 11:30:00+00:00,0.9860582113,0.9997201143
2025-01-28 12:00:00+00:00,0.9857649499,0.9994835025
2025-01-28 12:30:00+00:00,0.9857744099,0.9994239798
2025-01-28 13:00:00+00:00,0.9862663322,0.9994239798
2025-01-28 13:30:00+00:00,0.9861811918,0.9994239798
2025-01-28 14:00:00+00:00,0.9868906952,0.9994239798
2025-01-28 14:30:00+00:00,0.9868339349,0.9994239798
2025-01-28 15:00:00+00:00,0.9873826174,0.9994239798
2025-01-28 15:30:00+00:00,0.9861338916,0.9994239798
2025-01-28 16:00:00+00:00,0.9864176929,0.9994239798
2025-01-28 16:30:00+00:00,0.9863230925,0.9994239798
2025-01-28 17:00:00+00:00,0.9864366130,0.9994239798
2025-01-28 17:30:00+00:00,0.9864839132,0.9994239798
2025-01-28 18:00:00+00:00,0.9871271962,0.9994239798
2025-01-28 18:30:00+00:00,0.9863514726,0.9994239798
2025-01-29 07:00:00+00:00,0.9848772469,0.9994239798
2025-01-29 07:30:00+00:00,0.9843385876,0.9994239798
2025-01-29 08:00:00+00:00,0.9852363532,0.9994239798
2025-01-29 08:30:00+00:00,0.9851229512,0.9994239798
2025-01-29 09:00:00+00:00,0.9841212338,0.9994239798
2025-01-29 09:30:00+00:00,0.9831762173,0.9994239798
2025-01-29 10:00:00+00:00,0.9832329183,0.9994239798
2025-01-29 10:30:00+00:00,0.9831762173,0.9994239798
2025-01-29 11:00:00+00:00,0.9833746708,0.9994239798
2025-01-29 11:30:00+00:00,0.9829683137,0.9994239798
2025-01-29 12:00:00+00:00,0.9824013038,0.9994239798
2025-01-29 12:30:00+00:00,0.9832045678,0.9994239798
2025-01-29 13:00:00+00:00,0.9816452907,0.9994239798
2025-01-29 13:30:00+00:00,0.9816641910,0.9994239798
2025-01-29 14:00:00+00:00,0.9825147058,0.9994239798
2025-01-29 14:30:00+00:00,0.9829494134,0.9994239798
2025-01-29 15:00:00+00:00,0.9834786226,0.9994239798
2025-01-29 15:30:00+00:00,0.9846598932,0.9994239798
2025-01-29 16:00:00+00:00,0.9844803401,0.9994239798
2025-01-29 16:30:00+00:00,0.9843102371,0.9994239798
2025-01-29 17:00:00+00:00,0.9849528483,0.9994239798
2025-01-29 17:30:00+00:00,0.9848394463,0.9994239798
2025-01-29 18:00:00+00:00,0.9850095493,0.9994239798
2025-01-29 18:30:00+00:00,0.9848016456,0.9994239798
2025-01-30 07:00:00+00:00,0.9848583847,0.9994239798
2025-01-30 07:30:00+00:00,0.9857283843,0.9994239798
2025-01-30 08:00:00+00:00,0.9857472973,0.9994239798
2025-01-30 08:30:00+00:00,0.9855392539,0.9994239798
2025-01-30 09:00:00+00:00,0.9842909938,0.9994239798
2025-01-30 09:30:00+00:00,0.9842153416,0.9994239798
2025-01-30 10:00:00+00:00,0.9844233850,0.9994239798
2025-01-30 10:30:00+00:00,0.9835533855,0.9994239798
2025-01-30 11:00:00+00:00,0.9829481684,0.9994239798
2025-01-30 11:30:00+00:00,0.9827022989,0.9994239798
2025-01-30 12:00:00+00:00,0.9835912115,0.9994239798
2025-01-30 12:30:00+00:00,0.9837992548,0.9994239798
2025-01-30 13:00:00+00:00,0.9850286020,0.9994239798
2025-01-30 13:30:00+00:00,0.9887922956,0.9994239798
2025-01-30 14:00:00+00:00,0.9866740358,0.9994239798
2025-01-30 14:30:00+00:00,0.9861444709,0.9994239798
2025-01-30 15:00:00+00:00,0.9865416445,0.9994239798
2025-01-30 15:30:00+00:00,0.9864376229,0.9994239798
2025-01-30 16:00:00+00:00,0.9858607753,0.9994239798
2025-01-30 16:30:00+00:00,0.9853312104,0.9994239798
2025-01-30 17:00:00+00:00,0.9849340367,0.9994239798
2025-01-30 17:30:00+00:00,0.9851042540,0.9994239798
2025-01-30 18:00:00+00:00,0.9856243625,0.9994239798
2025-01-30 18:30:00+00:00,0.9858607754,0.9994239798
2025-01-31 07:00:00+00:00,0.9867048668,0.9994239798
2025-01-31 07:30:00+00:00,0.9867333193,0.9994239798
2025-01-31 08:00:00+00:00,0.9855383136,0.9994239798
2025-01-31 08:30:00+00:00,0.9848744215,0.9994239798
2025-01-31 09:00:00+00:00,0.9833190172,0.9994239798
2025-01-31 09:30:00+00:00,0.9847985480,0.9994239798
2025-01-31 10:00:00+00:00,0.9846847380,0.9994239798
2025-01-31 10:30:00+00:00,0.9841156876,0.9994239798
2025-01-31 11:00:00+00:00,0.9840682667,0.9994239798
2025-01-31 11:30:00+00:00,0.9840587826,0.9994239798
2025-01-31 12:00:00+00:00,0.9846657696,0.9994239798
2025-01-31 12:30:00+00:00,0.9847037063,0.9994239798
2025-01-31 13:00:00+00:00,0.9853296616,0.9994239798
2025-01-31 13:30:00+00:00,0.9846657696,0.9994239798
2025-01-31 14:00:00+00:00,0.9840113617,0.9994239798
2025-01-31 14:30:00+00:00,0.9833854063,0.9994239798
2025-01-31 15:00:00+00:00,0.9840018775,0.9994239798
2025-01-31 15:30:00+00:00,0.9860125221,0.9994239798
2025-01-31 16:00:00+00:00,0.9859271645,0.9994239798
2025-01-31 16:30:00+00:00,0.9863349839,0.9994239798
2025-01-31 17:00:00+00:00,0.9893888876,0.9994239798
2025-01-31 17:30:00+00:00,0.9882697552,0.9994239798
2025-01-31 18:00:00+00:00,0.9847321589,0.9994239798
2025-01-31 18:30:00+00:00,0.9834897324,0.9994239798
2025-02-03 07:00:00+00:00,0.9825103904,0.9994239798
2025-02-03 07:30:00+00:00,0.9817422791,0.9994239798
2025-02-03 08:00:00+00:00,0.9834897323,0.9994239798
2025-02-03 08:30:00+00:00,0.9835185365,0.9994239798
2025-02-03 09:00:00+00:00,0.9842674450,0.9994239798
2025-02-03 09:30:00+00:00,0.9822799569,0.9994239798
2025-02-03 10:00:00+00:00,0.9829040474,0.9994239798
2025-02-03 10:30:00+00:00,0.9835473406,0.9994239798
2025-02-03 11:00:00+00:00,0.9831344808,0.9994239798
2025-02-03 11:30:00+00:00,0.9843730603,0.9994239798
2025-02-03 12:00:00+00:00,0.9862165274,0.9994239798
2025-02-03 12:30:00+00:00,0.9848915354,0.9994239798
2025-02-03 13:00:00+00:00,0.9861013107,0.9994239798
2025-02-03 13:30:00+00:00,0.9854772202,0.9994239798
2025-02-03 14:00:00+00:00,0.9851603743,0.9994239798
2025-02-03 14:30:00+00:00,0.9842770463,0.9994239798
2025-02-03 15:00:00+00:00,0.9891545533,0.9994239798
2025-02-03 15:30:00+00:00,0.9905179509,0.9994239798
2025-02-03 16:00:00+00:00,0.9893753853,0.9994239798
2025-02-03 16:30:00+00:00,0.9866389886,0.9994239798
2025-02-03 17:00:00+00:00,0.9876087292,0.9994239798
2025-02-03 17:30:00+00:00,0.9870038415,0.9994239798
2025-02-03 18:00:00+00:00,0.9869846387,0.9994239798
2025-02-03 18:30:00+00:00,0.9868790234,0.9994239798
2025-02-04 07:00:00+00:00,0.9868885985,0.9994239798
2025-02-04 07:30:00+00:00,0.9873386248,0.9994239798
2025-02-04 08:00:00+00:00,0.9892727805,0.9994239798
2025-02-04 08:30:00+00:00,0.9895217313,0.9994239798
2025-02-04 09:00:00+00:00,0.9907664850,0.9994239798
2025-02-04 09:30:00+00:00,0.9899430326,0.9994239798
2025-02-04 10:00:00+00:00,0.9896749318,0.9994239798
2025-02-04 10:30:00+00:00,0.9895983315,0.9994239798
2025-02-04 11:00:00+00:00,0.9886121037,0.9994239798
2025-02-04 11:30:00+00:00,0.9883535779,0.9994239798
2025-02-04 12:00:00+00:00,0.9886216787,0.9994239798
2025-02-04 12:30:00+00:00,0.9886504038,0.9994239798
2025-02-04 13:00:00+00:00,0.9894642812,0.9994239798
2025-02-04 13:30:00+00:00,0.9901153831,0.9994239798
2025-02-04 14:00:00+00:00,0.9909962857,0.9994239798
2025-02-04 14:30:00+00:00,0.9919825137,0.9994239798
2025-02-04 15:00:00+00:00,0.9930070418,0.9994239798
2025-02-04 15:30:00+00:00,0.9938975194,0.9994239798
2025-02-04 16:00:00+00:00,0.9937347439,0.9994239798
2025-02-04 16:30:00+00:00,0.9937347439,0.9994239798
2025-02-04 17:00:00+00:00,0.9931602422,0.9994239798
2025-02-04 17:30:00+00:00,0.9935815435,0.9994239798
2025-02-04 18:00:00+00:00,0.9938783693,0.9994239798
2025-02-04 18:30:00+00:00,0.9940028447,0.9994239798
2025-02-05 07:00:00+00:00,0.9961277232,0.9994239798
2025-02-05 07:30:00+00:00,0.9956874330,0.9994239798
2025-02-05 08:00:00+00:00,0.9951897137,0.9994239798
2025-02-05 08:30:00+00:00,0.9958214344,0.9994239798
2025-02-05 09:00:00+00:00,0.9965871564,0.9994239798
2025-02-05 09:30:00+00:00,0.9958118629,0.9994239798
2025-02-05 10:00:00+00:00,0.9971901625,0.9994239798
2025-02-05 10:30:00+00:00,0.9978505977,0.9994239798
2025-02-05 11:00:00+00:00,0.9971231618,0.9994239798
2025-02-05 11:30:00+00:00,0.9968455876,0.9994239798
2025-02-05 12:00:00+00:00,0.9969317313,0.9994239798
2025-02-05 12:30:00+00:00,0.9972763062,0.9994239798
2025-02-05 13:00:00+00:00,0.9967307293,0.9994239798
2025-02-05 13:30:00+00:00,0.9961851524,0.9994239798
2025-02-05 14:00:00+00:00,0.9975251658,0.9994239798
2025-02-05 14:30:00+00:00,0.9977357394,0.9994239798
2025-02-05 15:00:00+00:00,0.9973720215,0.9994239798
2025-02-05 15:30:00+00:00,0.9975730235,0.9994239798
2025-02-05 16:00:00+00:00,0.9971901625,0.9994239798
2025-02-05 16:30:00+00:00,0.9971805910,0.9994239798
2025-02-05 17:00:00+00:00,0.9967020147,0.9994239798
2025-02-05 17:30:00+00:00,0.9973433069,0.9994239798
2025-02-05 18:00:00+00:00,0.9972188771,0.9994239798
2025-02-05 18:30:00+00:00,0.9969317313,0.9994239798
2025-02-06 07:00:00+00:00,0.9968069985,0.9994239798
2025-02-06 07:30:00+00:00,0.9959530586,0.9994239798
2025-02-06 08:00:00+00:00,0.9943123424,0.9994239798
2025-02-06 08:30:00+00:00,0.9945138339,0.9994239798
2025-02-06 09:00:00+00:00,0.9941972044,0.9994239798
2025-02-06 09:30:00+00:00,0.9939669285,0.9994239798
2025-02-06 10:00:00+00:00,0.9944466701,0.9994239798
2025-02-06 10:30:00+00:00,0.9942739631,0.9994239798
2025-02-06 11:00:00+00:00,0.9947153253,0.9994239798
2025-02-06 11:30:00+00:00,0.9942163941,0.9994239798
2025-02-06 12:00:00+00:00,0.9937078681,0.9994239798
2025-02-06 12:30:00+00:00,0.9942163941,0.9994239798
2025-02-06 13:00:00+00:00,0.9940724717,0.9994239798
2025-02-06 13:30:00+00:00,0.9940532820,0.9994239798
2025-02-06 14:00:00+00:00,0.9947345150,0.9994239798
2025-02-06 14:30:00+00:00,0.9942451786,0.9994239798
2025-02-06 15:00:00+00:00,0.9946385667,0.9994239798
2025-02-06 15:30:00+00:00,0.9949360064,0.9994239798
2025-02-06 16:00:00+00:00,0.9953869635,0.9994239798
2025-02-06 16:30:00+00:00,0.9946961357,0.9994239798
2025-02-06 17:00:00+00:00,0.9958091361,0.9994239798
2025-02-06 17:30:00+00:00,0.9958667051,0.9994239798
2025-02-06 18:00:00+00:00,0.9964519898,0.9994239798
2025-02-06 18:30:00+00:00,0.9968645675,0.9994239798
2025-02-07 07:00:00+00:00,0.9973929597,0.9994239798
2025-02-07 07:30:00+00:00,0.9981231015,0.9994239798
2025-02-07 08:00:00+00:00,0.9987283507,0.9994239798
2025-02-07 08:30:00+00:00,0.9989301004,0.9994239798
2025-02-07 09:00:00+00:00,0.9982960298,0.9994239798
2025-02-07 09:30:00+00:00,0.9983056370,0.9994239798
2025-02-07 10:00:00+00:00,0.9979886017,0.9994239798
2025-02-07 10:30:00+00:00,0.9973641383,0.9994239798
2025-02-07 11:00:00+00:00,0.9972680670,0.9994239798
2025-02-07 11:30:00+00:00,0.9974602096,0.9994239798
2025-02-07 12:00:00+00:00,0.9964034254,0.9994239798
2025-02-07 12:30:00+00:00,0.9966820321,0.9994239798
2025-02-07 13:00:00+00:00,0.9968261391,0.9994239798
2025-02-07 13:30:00+00:00,0.9956444621,0.9994239798
2025-02-07 14:00:00+00:00,0.9973833526,0.9994239798
2025-02-07 14:30:00+00:00,0.9977772449,0.9994239798
2025-02-07 15:00:00+00:00,0.9963938182,0.9994239798
2025-02-07 15:30:00+00:00,0.9948566775,0.9994239798
2025-02-07 16:00:00+00:00,0.9929352516,0.9994239798
2025-02-07 16:30:00+00:00,0.9922243240,0.9994239798
2025-02-07 17:00:00+00:00,0.9914749679,0.9994239798
2025-02-07 17:30:00+00:00,0.9916286820,0.9994239798
2025-02-07 18:00:00+00:00,0.9926086092,0.9994239798
2025-02-07 18:30:00+00:00,0.9919553244,0.9994239798
2025-02-10 07:00:00+00:00,0.9913016471,0.9994239798
2025-02-10 07:30:00+00:00,0.9913689374,0.9994239798
2025-02-10 08:00:00+00:00,0.9917438405,0.9994239798
2025-02-10 08:30:00+00:00,0.9922629372,0.9994239798
2025-02-10 09:00:00+00:00,0.9930319694,0.9994239798
2025-02-10 09:30:00+00:00,0.9927147436,0.9994239798
2025-02-10 10:00:00+00:00,0.9925128727,0.9994239798
2025-02-10 10:30:00+00:00,0.9930223564,0.9994239798
2025-02-10 11:00:00+00:00,0.9933203564,0.9994239798
2025-02-10 11:30:00+00:00,0.9921091307,0.9994239798
2025-02-10 12:00:00+00:00,0.9914362276,0.9994239798
2025-02-10 12:30:00+00:00,0.9914554534,0.9994239798
2025-02-10 13:00:00+00:00,0.9922629372,0.9994239798
2025-02-10 13:30:00+00:00,0.9922052598,0.9994239798
2025-02-10 14:00:00+00:00,0.9907633246,0.9994239798
2025-02-10 14:30:00+00:00,0.9912247438,0.9994239798
2025-02-10 15:00:00+00:00,0.9917726792,0.9994239798
2025-02-10 15:30:00+00:00,0.9915900341,0.9994239798
2025-02-10 16:00:00+00:00,0.9914170018,0.9994239798
2025-02-10 16:30:00+00:00,0.9912439696,0.9994239798
2025-02-10 17:00:00+00:00,0.9912055180,0.9994239798
2025-02-10 17:30:00+00:00,0.9913208728,0.9994239798
2025-02-10 18:00:00+00:00,0.9913400986,0.9994239798
2025-02-10 18:30:00+00:00,0.9908306148,0.9994239798
2025-02-11 07:00:00+00:00,0.9908690743,0.9994239798
2025-02-11 07:30:00+00:00,0.9906479325,0.9994239798
2025-02-11 08:00:00+00:00,0.9910421418,0.9994239798
2025-02-11 08:30:00+00:00,0.9920901615,0.9994239798
2025-02-11 09:00:00+00:00,0.9916767225,0.9994239798
2025-02-11 09:30:00+00:00,0.9920613169,0.9994239798
2025-02-11 10:00:00+00:00,0.9924651411,0.9994239798
2025-02-11 10:30:00+00:00,0.9918882494,0.9994239798
2025-02-11 11:00:00+00:00,0.9919555534,0.9994239798
2025-02-11 11:30:00+00:00,0.9924459113,0.9994239798
2025-02-11 12:00:00+00:00,0.9929458841,0.9994239798
2025-02-11 12:30:00+00:00,0.9924555262,0.9994239798
2025-02-11 13:00:00+00:00,0.9920420872,0.9994239798
2025-02-11 13:30:00+00:00,0.9924939856,0.9996729846
2025-02-11 14:00:00+00:00,0.9932920191,0.9999187349
2025-02-11 14:30:00+00:00,0.9934650866,0.9998865174
2025-02-11 15:00:00+00:00,0.9943111943,0.9998865174
2025-02-11 15:30:00+00:00,0.9941765862,0.9998865174
2025-02-11 16:00:00+00:00,0.9950226940,0.9998865174
2025-02-11 16:30:00+00:00,0.9947342482,0.9998865174
2025-02-11 17:00:00+00:00,0.9948688562,0.9998865174
2025-02-11 17:30:00+00:00,0.9947150184,0.9998865174
2025-02-11 18:00:00+00:00,0.9948207819,0.9998928177
2025-02-11 18:30:00+00:00,0.9946957887,0.9998164691
2025-02-12 07:00:00+00:00,0.9953967521,0.9997824618
2025-02-12 07:30:00+00:00,0.9963281691,0.9997824618
2025-02-12 08:00:00+00:00,0.9959248751,0.9997824618
2025-02-12 08:30:00+00:00,0.9958672617,0.9997824618
2025-02-12 09:00:00+00:00,0.9955407856,0.9997824618
2025-02-12 09:30:00+00:00,0.9960977154,0.9997824618
2025-02-12 10:00:00+00:00,0.9959824886,0.9997824618
2025-02-12 10:30:00+00:00,0.9962897602,0.9997824618
2025-02-12 11:00:00+00:00,0.9970387347,0.9997824618
2025-02-12 11:30:00+00:00,0.9962513512,0.9997824618
2025-02-12 12:00:00+00:00,0.9961553288,0.9997824618
2025-02-12 12:30:00+00:00,0.9960401020,0.9997824618
2025-02-12 13:00:00+00:00,0.9956368080,0.9997824618
2025-02-12 13:30:00+00:00,0.9922184114,0.9997824618
2025-02-12 14:00:00+00:00,0.9936299404,0.9997824618
2025-02-12 14:30:00+00:00,0.9938699963,0.9997824618
2025-02-12 15:00:00+00:00,0.9947534022,0.9997824618
2025-02-12 15:30:00+00:00,0.9961937378,0.9997824618
2025-02-12 16:00:00+00:00,0.9948110156,0.9997824618
2025-02-12 16:30:00+00:00,0.9978069137,0.9997824618
2025-02-12 17:00:00+00:00,1.0003515067,0.9997824618
2025-02-12 17:30:00+00:00,1.0011484924,0.9997824618
2025-02-12 18:00:00+00:00,0.9995161120,0.9997824618
2025-02-12 18:30:00+00:00,0.9976148690,0.9997824618
2025-02-13 07:00:00+00:00,0.9972896949,0.9997824618
2025-02-13 07:30:00+00:00,0.9970984160,0.9997824618
2025-02-13 08:00:00+00:00,0.9964958876,0.9997824618
2025-02-13 08:30:00+00:00,0.9959507429,0.9997824618
2025-02-13 09:00:00+00:00,0.9959698708,0.9997824618
2025-02-13 09:30:00+00:00,0.9968688814,0.9997824618
2025-02-13 10:00:00+00:00,0.9969932127,0.9997824618
2025-02-13 10:30:00+00:00,0.9961611496,0.9997824618
2025-02-13 11:00:00+00:00,0.9965437073,0.9997824618
2025-02-13 11:30:00+00:00,0.9949465289,0.9997824618
2025-02-13 12:00:00+00:00,0.9941335938,0.9997824618
2025-02-13 12:30:00+00:00,0.9936936524,0.9997824618
2025-02-13 13:00:00+00:00,0.9933589144,0.9997824618
2025-02-13 13:30:00+00:00,0.9939423150,0.9997824618
2025-02-13 14:00:00+00:00,0.9932058913,0.9997824618
2025-02-13 14:30:00+00:00,0.9946117910,0.9997824618
2025-02-13 15:00:00+00:00,0.9970410325,0.9997824618
2025-02-13 15:30:00+00:00,0.9978444037,0.9997824618
2025-02-13 16:00:00+00:00,0.9987051586,0.9997824618
2025-02-13 16:30:00+00:00,0.9972705672,0.9997824618
2025-02-13 17:00:00+00:00,0.9980548105,0.9997824618
2025-02-13 17:30:00+00:00,0.9970888523,0.9997824618
2025-02-13 18:00:00+00:00,0.9971366720,0.9997824618
2025-02-13 18:30:00+00:00,0.9955586215,0.9997824618
2025-02-14 07:00:00+00:00,0.9964724496,0.9997824618
2025-02-14 07:30:00+00:00,0.9961583212,0.9997824618
2025-02-14 08:00:00+00:00,0.9974529110,0.9997824618
2025-02-14 08:30:00+00:00,0.9972910872,0.9997824618
2025-02-14 09:00:00+00:00,0.9980906868,0.9997824618
2025-02-14 09:30:00+00:00,0.9977289632,0.9997824618
2025-02-14 10:00:00+00:00,0.9971197444,0.9997824618
2025-02-14 10:30:00+00:00,0.9963772591,0.9997824618
2025-02-14 11:00:00+00:00,0.9962535116,0.9997824618
2025-02-14 11:30:00+00:00,0.9964153353,0.9997824618
2025-02-14 12:00:00+00:00,0.9965295638,0.9997824618
2025-02-14 12:30:00+00:00,0.9968151351,0.9997824618
2025-02-14 13:00:00+00:00,0.9978717489,0.9997824618
2025-02-14 13:30:00+00:00,0.9983762581,0.9997824618
2025-02-14 14:00:00+00:00,0.9993852767,0.9997824618
2025-02-14 14:30:00+00:00,1.0003276620,0.9997824618
2025-02-14 15:00:00+00:00,0.9987094247,0.9997824618
2025-02-14 15:30:00+00:00,1.0002991049,0.9997824618
2025-02-14 16:00:00+00:00,0.9998612289,0.9997824618
2025-02-14 16:30:00+00:00,0.9992615292,0.9997824618
2025-02-14 17:00:00+00:00,0.9993472006,0.9997824618
2025-02-14 17:30:00+00:00,1.0001943954,0.9997824618
2025-02-14 18:00:00+00:00,0.9996518099,0.9997824618
2025-02-14 18:30:00+00:00,0.9999278622,0.9997824618
2025-02-17 07:00:00+00:00,0.9995847618,0.9997824618
2025-02-17 07:30:00+00:00,0.9990510502,0.9997824618
2025-02-17 08:00:00+00:00,0.9982886049,0.9997824618
2025-02-17 08:30:00+00:00,0.9982695438,0.9997824618
2025-02-17 09:00:00+00:00,0.9986698276,0.9997824618
2025-02-17 09:30:00+00:00,0.9982504827,0.9997824618
2025-02-17 10:00:00+00:00,0.9991272947,0.9997824618
2025-02-17 10:30:00+00:00,0.9996514758,0.9997824618
2025-02-17 11:00:00+00:00,0.9990605807,0.9997824618
2025-02-17 11:30:00+00:00,0.9989843362,0.9997824618
2025-02-17 12:00:00+00:00,0.9984506246,0.9997824618
2025-02-17 12:30:00+00:00,0.9980598714,0.9997824618
2025-02-17 13:00:00+00:00,0.9977358322,0.9997824618
2025-02-17 13:30:00+00:00,0.9982504827,0.9997824618
2025-02-17 14:00:00+00:00,0.9982123604,0.9997824618
2025-02-17 14:30:00+00:00,0.9986507664,0.9997824618
2025-02-17 15:00:00+00:00,0.9988318472,0.9997824618
2025-02-17 15:30:00+00:00,0.9987746638,0.9997824618
2025-02-17 16:00:00+00:00,0.9989748057,0.9997824618
2025-02-17 16:30:00+00:00,0.9986793581,0.9997824618
2025-02-17 17:00:00+00:00,0.9991654169,0.9997824618
2025-02-17 17:30:00+00:00,0.9990510502,0.9997824618
2025-02-17 18:00:00+00:00,0.9989176222,0.9997824618
2025-02-17 18:30:00+00:00,0.9990129279,0.9997824618
2025-02-18 07:00:00+00:00,0.9989556319,0.9997824618
2025-02-18 07:30:00+00:00,0.9992039145,0.9997824618
2025-02-18 08:00:00+00:00,0.9994330985,0.9996275146
2025-02-18 08:30:00+00:00,0.9985736586,1.0004140200
2025-02-18 09:00:00+00:00,0.9986882506,1.0003031688
2025-02-18 09:30:00+00:00,0.9992421118,0.9997677401
2025-02-18 10:00:00+00:00,0.9989078852,1.0000907738
2025-02-18 10:30:00+00:00,0.9990893225,0.9999153863
2025-02-18 11:00:00+00:00,0.9992230132,0.9997861934
2025-02-18 11:30:00+00:00,0.9991370692,0.9998692421
2025-02-18 12:00:00+00:00,0.9982967280,1.0002335470
2025-02-18 12:30:00+00:00,0.9984017706,1.0001869347
2025-02-18 13:00:00+00:00,0.9978670080,1.0001869347
2025-02-18 13:30:00+00:00,0.9974086401,1.0001869347
2025-02-18 14:00:00+00:00,0.9981439387,1.0001869347
2025-02-18 14:30:00+00:00,0.9981343893,1.0001869347
2025-02-18 15:00:00+00:00,0.9985163626,1.0001869347
2025-02-18 15:30:00+00:00,0.9994712958,1.0001869347
2025-02-18 16:00:00+00:00,0.9991179705,1.0001869347
2025-02-18 16:30:00+00:00,0.9985450106,1.0001869347
2025-02-18 17:00:00+00:00,0.9976760214,1.0001869347
2025-02-18 17:30:00+00:00,0.9975232321,1.0001869347
2025-02-18 18:00:00+00:00,0.9969120748,1.0001869347
2025-02-18 18:30:00+00:00,0.9973417947,1.0001869347
2025-02-19 07:00:00+00:00,0.9971414736,1.0001869347
2025-02-19 07:30:00+00:00,0.9969506915,1.0002512800
2025-02-19 08:00:00+00:00,0.9967217531,1.0004857106
2025-02-19 08:30:00+00:00,0.9959395466,1.0015010384
2025-02-19 09:00:00+00:00,0.9959967812,1.0014266841
2025-02-19 09:30:00+00:00,0.9948330107,1.0025320538
2025-02-19 10:00:00+00:00,0.9945849941,1.0026622172
2025-02-19 10:30:00+00:00,0.9943560556,1.0027069952
2025-02-19 11:00:00+00:00,0.9946040723,1.0026756687
2025-02-19 11:30:00+00:00,0.9944323684,1.0026756687
2025-02-19 12:00:00+00:00,0.9943369774,1.0026756687
2025-02-19 12:30:00+00:00,0.9947566979,1.0026756687
2025-02-19 13:00:00+00:00,0.9948902453,1.0026756687
2025-02-19 13:30:00+00:00,0.9953195050,1.0026756687
2025-02-19 14:00:00+00:00,0.9949093236,1.0026756687
2025-02-19 14:30:00+00:00,0.9953290441,1.0026756687
2025-02-19 15:00:00+00:00,0.9951001056,1.0026756687
2025-02-19 15:30:00+00:00,0.9943751338,1.0026756687
2025-02-19 16:00:00+00:00,0.9927153300,1.0026756687
2025-02-19 16:30:00+00:00,0.9925150089,1.0026756687
2025-02-19 17:00:00+00:00,0.9930587377,1.0026756687
2025-02-19 17:30:00+00:00,0.9930015031,1.0026756687
2025-02-19 18:00:00+00:00,0.9932399806,1.0026756687
2025-02-19 18:30:00+00:00,0.9939458742,1.0026756687
2025-02-20 07:00:00+00:00,0.9942986416,1.0026756687
2025-02-20 07:30:00+00:00,0.9945751349,1.0026756687
2025-02-20 08:00:00+00:00,0.9953283409,1.0026756687
2025-02-20 08:30:00+00:00,0.9947467515,1.0026756687
2025-02-20 09:00:00+00:00,0.9947372172,1.0026756687
2025-02-20 09:30:00+00:00,0.9951090531,1.0026756687
2025-02-20 10:00:00+00:00,0.9955476288,1.0026756687
2025-02-20 10:30:00+00:00,0.9956048343,1.0026756687
2025-02-20 11:00:00+00:00,0.9953378752,1.0026756687
2025-02-20 11:30:00+00:00,0.9952234642,1.0026756687
2025-02-20 12:00:00+00:00,0.9948897653,1.0026756687
2025-02-20 12:30:00+00:00,0.9949660393,1.0026756687
2025-02-20 13:00:00+00:00,0.9964152457,1.0026756687
2025-02-20 13:30:00+00:00,0.9961578209,1.0026756687
2025-02-20 14:00:00+00:00,0.9967584788,1.0026756687
2025-02-20 14:30:00+00:00,0.9960243414,1.0026756687
2025-02-20 15:00:00+00:00,0.9978930549,1.0026756687
2025-02-20 15:30:00+00:00,0.9986176581,1.0026756687
2025-02-20 16:00:00+00:00,0.9979311919,1.0026756687
2025-02-20 16:30:00+00:00,0.9987130007,1.0026756687
2025-02-20 17:00:00+00:00,0.9998094397,1.0026756687
2025-02-20 17:30:00+00:00,1.0000763988,1.0026756687
2025-02-20 18:00:00+00:00,1.0002289469,1.0026756687
2025-02-20 18:30:00+00:00,1.0009058788,1.0026756687
2025-02-21 07:00:00+00:00,1.0017551797,1.0026756687
2025-02-21 07:30:00+00:00,1.0012398735,1.0026756687
2025-02-21 08:00:00+00:00,0.9992454478,1.0026756687
2025-02-21 08:30:00+00:00,0.9997512112,1.0026756687
2025-02-21 09:00:00+00:00,0.9993790457,1.0026756687
2025-02-21 09:30:00+00:00,0.9990450509,1.0026756687
2025-02-21 10:00:00+00:00,0.9992359051,1.0026756687
2025-02-21 10:30:00+00:00,0.9986633427,1.0026756687
2025-02-21 11:00:00+00:00,0.9990545937,1.0026756687
2025-02-21 11:30:00+00:00,0.9990545937,1.0026756687
2025-02-21 12:00:00+00:00,0.9990068801,1.0026756687
2025-02-21 12:30:00+00:00,0.9983484334,1.0026756687
2025-02-21 13:00:00+00:00,0.9988923677,1.0026756687
2025-02-21 13:30:00+00:00,0.9996176133,1.0026756687
2025-02-21 14:00:00+00:00,0.9998275529,1.0026756687
2025-02-21 14:30:00+00:00,1.0001710903,1.0026756687
2025-02-21 15:00:00+00:00,0.9976709013,1.0026756687
2025-02-21 15:30:00+00:00,0.9976041023,1.0026756687
2025-02-21 16:00:00+00:00,0.9973273638,1.0026756687
2025-02-21 16:30:00+00:00,0.9976518159,1.0026756687
2025-02-21 17:00:00+00:00,0.9980335241,1.0026756687
2025-02-21 17:30:00+00:00,0.9984629459,1.0026756687
2025-02-21 18:00:00+00:00,0.9978999263,1.0026756687
2025-02-21 18:30:00+00:00,0.9981480366,1.0026756687
2025-02-24 07:00:00+00:00,0.9977206253,1.0026756687
2025-02-24 07:30:00+00:00,0.9964573872,1.0026756687
2025-02-24 08:00:00+00:00,0.9952226432,1.0026756687
2025-02-24 08:30:00+00:00,0.9953936077,1.0026756687
2025-02-24 09:00:00+00:00,0.9948902121,1.0026756687
2025-02-24 09:30:00+00:00,0.9946527614,1.0026756687
2025-02-24 10:00:00+00:00,0.9944533027,1.0026756687
2025-02-24 10:30:00+00:00,0.9954126038,1.0026756687
2025-02-24 11:00:00+00:00,0.9944058125,1.0026756687
2025-02-24 11:30:00+00:00,0.9943013342,1.0026756687
2025-02-24 12:00:00+00:00,0.9939499070,1.0026756687
2025-02-24 12:30:00+00:00,0.9943393263,1.0026756687
2025-02-24 13:00:00+00:00,0.9945577810,1.0026756687
2025-02-24 13:30:00+00:00,0.9941588637,1.0026756687
2025-02-24 14:00:00+00:00,0.9940543854,1.0026756687
2025-02-24 14:30:00+00:00,0.9935604878,1.0026756687
2025-02-24 15:00:00+00:00,0.9941683618,1.0026756687
2025-02-24 15:30:00+00:00,0.9943678204,1.0026756687
2025-02-24 16:00:00+00:00,0.9944628007,1.0026756687
2025-02-24 16:30:00+00:00,0.9951751530,1.0026756687
2025-02-24 17:00:00+00:00,0.9950896707,1.0026756687
2025-02-24 17:30:00+00:00,0.9946812554,1.0026756687
2025-02-24 18:00:00+00:00,0.9958875053,1.0026756687
2025-02-24 18:30:00+00:00,0.9954505959,1.0026756687
2025-02-25 07:00:00+00:00,0.9950990480,1.0026756687
2025-02-25 07:30:00+00:00,0.9942534329,1.0026756687
2025-02-25 08:00:00+00:00,0.9945574743,1.0026756687
2025-02-25 08:30:00+00:00,0.9948045079,1.0026756687
2025-02-25 09:00:00+00:00,0.9951655571,1.0026756687
2025-02-25 09:30:00+00:00,0.9950895468,1.0026756687
2025-02-25 10:00:00+00:00,0.9947189963,1.0026756687
2025-02-25 10:30:00+00:00,0.9950610429,1.0026756687
2025-02-25 11:00:00+00:00,0.9955171050,1.0026756687
2025-02-25 11:30:00+00:00,0.9966287564,1.0026756687
2025-02-25 12:00:00+00:00,0.9972938469,1.0026756687
2025-02-25 12:30:00+00:00,0.9970373120,1.0026756687
2025-02-25 13:00:00+00:00,0.9975503819,1.0026756687
2025-02-25 13:30:00+00:00,0.9976548961,1.0026756687
2025-02-25 14:00:00+00:00,0.9980349479,1.0026756687
2025-02-25 14:30:00+00:00,0.9978734259,1.0026756687
2025-02-25 15:00:00+00:00,0.9993081213,1.0026756687
2025-02-25 15:30:00+00:00,0.9975028754,1.0026756687
2025-02-25 16:00:00+00:00,0.9977404078,1.0026756687
2025-02-25 16:30:00+00:00,0.9974268650,1.0026756687
2025-02-25 17:00:00+00:00,0.9969898055,1.0026756687
2025-02-25 17:30:00+00:00,0.9978639246,1.0026756687
2025-02-25 18:00:00+00:00,0.9979874414,1.0026756687
2025-02-25 18:30:00+00:00,0.9984435035,1.0026756687
2025-02-26 07:00:00+00:00,0.9987289253,1.0026756687
2025-02-26 07:30:00+00:00,0.9983864192,1.0026756687
2025-02-26 08:00:00+00:00,0.9998706124,1.0026756687
2025-02-26 08:30:00+00:00,0.9992236564,1.0026756687
2025-02-26 09:00:00+00:00,0.9985957284,1.0026756687
2025-02-26 09:30:00+00:00,0.9987098971,1.0026756687
2025-02-26 10:00:00+00:00,0.9983388488,1.0026756687
2025-02-26 10:30:00+00:00,0.9987574674,1.0026756687
2025-02-26 11:00:00+00:00,0.9984720456,1.0026756687
2025-02-26 11:30:00+00:00,0.9981866238,1.0026756687
2025-02-26 12:00:00+00:00,0.9979678005,1.0026756687
2025-02-26 12:30:00+00:00,0.9967690290,1.0026756687
2025-02-26 13:00:00+00:00,0.9982151660,1.0026756687
2025-02-26 13:30:00+00:00,0.9974730694,1.0026756687
2025-02-26 14:00:00+00:00,0.9979773146,1.0026756687
2025-02-26 14:30:00+00:00,0.9980058567,1.0026756687
2025-02-26 15:00:00+00:00,0.9985576722,1.0026756687
2025-02-26 15:30:00+00:00,0.9995471344,1.0026756687
2025-02-26 16:00:00+00:00,0.9998325562,1.0026756687
2025-02-26 16:30:00+00:00,1.0002892311,1.0026756687
2025-02-26 17:00:00+00:00,1.0011835527,1.0026756687
2025-02-26 17:30:00+00:00,0.9982532222,1.0026756687
2025-02-26 18:00:00+00:00,0.9987289252,1.0026756687
2025-02-26 18:30:00+00:00,0.9978536317,1.0026756687
2025-02-27 07:00:00+00:00,0.9980251530,1.0026756687
2025-02-27 07:30:00+00:00,0.9981966742,1.0026756687
2025-02-27 08:00:00+00:00,0.9977869289,1.0026756687
2025-02-27 08:30:00+00:00,0.9985016009,1.0026756687
2025-02-27 09:00:00+00:00,0.9984348982,1.0026756687
2025-02-27 09:30:00+00:00,0.9990447516,1.0026756687
2025-02-27 10:00:00+00:00,0.9981776163,1.0026756687
2025-02-27 10:30:00+00:00,0.9987969987,1.0026756687
2025-02-27 11:00:00+00:00,0.9984253693,1.0026756687
2025-02-27 11:30:00+00:00,0.9982538480,1.0026756687
2025-02-27 12:00:00+00:00,0.9984063114,1.0026756687
2025-02-27 12:30:00+00:00,0.9983205507,1.0026756687
2025-02-27 13:00:00+00:00,0.9987874698,1.0026756687
2025-02-27 13:30:00+00:00,0.9932511440,1.0026756687
2025-02-27 14:00:00+00:00,0.9944613220,1.0026756687
2025-02-27 14:30:00+00:00,0.9929557463,1.0026756687
2025-02-27 15:00:00+00:00,0.9929748043,1.0026756687
2025-02-27 15:30:00+00:00,0.9924602404,1.0026756687
2025-02-27 16:00:00+00:00,0.9916407499,1.0026756687
2025-02-27 16:30:00+00:00,0.9923268350,1.0026756687
2025-02-27 17:00:00+00:00,0.9920790820,1.0026756687
2025-02-27 17:30:00+00:00,0.9917169815,1.0026756687
2025-02-27 18:00:00+00:00,0.9923649508,1.0026756687
2025-02-27 18:30:00+00:00,0.9926508196,1.0026756687
2025-02-28 07:00:00+00:00,0.9926794871,1.0026756687
2025-02-28 07:30:00+00:00,0.9934439541,1.0026756687
2025-02-28 08:00:00+00:00,0.9936159592,1.0026756687
2025-02-28 08:30:00+00:00,0.9939217460,1.0026756687
2025-02-28 09:00:00+00:00,0.9939981927,1.0026756687
2025-02-28 09:30:00+00:00,0.9933675074,1.0026756687
2025-02-28 10:00:00+00:00,0.9931955023,1.0026756687
2025-02-28 10:30:00+00:00,0.9937306292,1.0026756687
2025-02-28 11:00:00+00:00,0.9934343982,1.0026756687
2025-02-28 11:30:00+00:00,0.9936924058,1.0026756687
2025-02-28 12:00:00+00:00,0.9942848678,1.0026756687
2025-02-28 12:30:00+00:00,0.9944759845,1.0026756687
2025-02-28 13:00:00+00:00,0.9948964413,1.0026756687
2025-02-28 13:30:00+00:00,0.9944568728,1.0026756687
2025-02-28 14:00:00+00:00,0.9948008830,1.0026756687
2025-02-28 14:30:00+00:00,0.9947626596,1.0026756687
2025-02-28 15:00:00+00:00,0.9954506799,1.0026756687
2025-02-28 15:30:00+00:00,0.9938261876,1.0026756687
2025-02-28 16:00:00+00:00,0.9938452993,1.0026756687
2025-02-28 16:30:00+00:00,0.9939695251,1.0026756687
2025-02-28 17:00:00+00:00,0.9942848678,1.0026756687
2025-02-28 17:30:00+00:00,0.9934821774,1.0026756687
2025-02-28 18:00:00+00:00,0.9911983323,1.0026756687
2025-02-28 18:30:00+00:00,0.9903287511,1.0026756687
2025-03-18 06:00:00+00:00,0.9899565154,1.0026756687
2025-03-18 06:30:00+00:00,0.9914999320,1.0026756687
2025-03-18 07:00:00+00:00,0.9913274325,1.0026756687
2025-03-18 07:30:00+00:00,0.9927982178,1.0026756687
2025-03-18 08:00:00+00:00,0.9943597923,1.0026756687
2025-03-18 08:30:00+00:00,0.9942871609,1.0026756687
2025-03-18 09:00:00+00:00,0.9934882158,1.0026756687
2025-03-18 09:30:00+00:00,0.9941872928,1.0026756687
2025-03-18 10:00:00+00:00,0.9929525595,1.0026756687
2025-03-18 10:30:00+00:00,0.9927074286,1.0026756687
2025-03-18 11:00:00+00:00,0.9925984816,1.0026756687
2025-03-18 11:30:00+00:00,0.9910913806,1.0026756687
2025-03-18 12:00:00+00:00,0.9910096703,1.0026756687
2025-03-18 12:30:00+00:00,0.9906555924,1.0026756687
2025-03-18 13:00:00+00:00,0.9911458541,1.0026756687
2025-03-18 13:30:00+00:00,0.9907463816,1.0026756687
2025-03-18 14:00:00+00:00,0.9912366434,1.0026756687
2025-03-18 14:30:00+00:00,0.9911276963,1.0026756687
2025-03-18 15:00:00+00:00,0.9908008551,1.0026756687
2025-03-18 15:30:00+00:00,0.9920174306,1.0026756687
2025-03-18 16:00:00+00:00,0.9927074287,1.0026756687
2025-03-18 16:30:00+00:00,0.9931159801,1.0026756687
2025-03-18 17:00:00+00:00,0.9939784777,1.0026756687
2025-03-18 17:30:00+00:00,0.9941600561,1.0026756687
2025-03-19 06:00:00+00:00,0.9935052375,1.0026756687
2025-03-19 06:30:00+00:00,0.9932142071,1.0026756687
2025-03-19 07:00:00+00:00,0.9922319792,1.0026756687
2025-03-19 07:30:00+00:00,0.9906676905,1.0026756687
2025-03-19 08:00:00+00:00,0.9918500017,1.0026756687
2025-03-19 08:30:00+00:00,0.9919955170,1.0026756687
2025-03-19 09:00:00+00:00,0.9913952666,1.0026756687
2025-03-19 09:30:00+00:00,0.9915498765,1.0026756687
2025-03-19 10:00:00+00:00,0.9914498348,1.0026756687
2025-03-19 10:30:00+00:00,0.9913225090,1.0026756687
2025-03-19 11:00:00+00:00,0.9913225090,1.0026756687
2025-03-19 11:30:00+00:00,0.9920864639,1.0026756687
2025-03-19 12:00:00+00:00,0.9920137063,1.0026756687
2025-03-19 12:30:00+00:00,0.9914316454,1.0026756687
2025-03-19 13:00:00+00:00,0.9909950997,1.0026756687
2025-03-19 13:30:00+00:00,0.9908132056,1.0026756687
2025-03-19 14:00:00+00:00,0.9911224255,1.0026756687
2025-03-19 14:30:00+00:00,0.9898582620,1.0026756687
2025-03-19 15:00:00+00:00,0.9901401978,1.0026756687
2025-03-19 15:30:00+00:00,0.9892307276,1.0026756687
2025-03-19 16:00:00+00:00,0.9899764931,1.0026756687
2025-03-19 16:30:00+00:00,0.9899764931,1.0026756687
2025-03-19 17:00:00+00:00,0.9882484997,1.0026756687
2025-03-19 17:30:00+00:00,0.9886304772,1.0026756687
2025-03-20 06:00:00+00:00,0.9884852972,1.0026756687
2025-03-20 06:30:00+00:00,0.9884399285,1.0026756687
2025-03-20 07:00:00+00:00,0.9873147834,1.0026756687
2025-03-20 07:30:00+00:00,0.9871877509,1.0026756687
2025-03-20 08:00:00+00:00,0.9860263108,1.0026756687
2025-03-20 08:30:00+00:00,0.9858992783,1.0026756687
2025-03-20 09:00:00+00:00,0.9836671357,1.0026756687
2025-03-20 09:30:00+00:00,0.9847015432,1.0026756687
2025-03-20 10:00:00+00:00,0.9839212007,1.0026756687
2025-03-20 10:30:00+00:00,0.9841389707,1.0026756687
2025-03-20 11:00:00+00:00,0.9838123156,1.0026756687
2025-03-20 11:30:00+00:00,0.9844565519,1.0026756687
2025-03-20 12:00:00+00:00,0.9837578731,1.0026756687
2025-03-20 12:30:00+00:00,0.9830319731,1.0026756687
2025-03-20 13:00:00+00:00,0.9820157130,1.0026756687
2025-03-20 13:30:00+00:00,0.9822516305,1.0026756687
2025-03-20 14:00:00+00:00,0.9824331055,1.0026756687
2025-03-20 14:30:00+00:00,0.9826327280,1.0026756687
2025-03-20 15:00:00+00:00,0.9839574956,1.0026756687
2025-03-20 15:30:00+00:00,0.9842660031,1.0026756687
2025-03-20 16:00:00+00:00,0.9843567406,1.0026756687
2025-03-20 16:30:00+00:00,0.9843930356,1.0026756687
2025-03-20 17:00:00+00:00,0.9839756431,1.0026756687
2025-03-20 17:30:00+00:00,0.9840210119,1.0026756687
2025-03-21 06:00:00+00:00,0.9841118843,1.0026756687
2025-03-21 06:30:00+00:00,0.9845298974,1.0026756687
2025-03-21 07:00:00+00:00,0.9847025549,1.0026756687
2025-03-21 07:30:00+00:00,0.9849660849,1.0026756687
2025-03-21 08:00:00+00:00,0.9839301394,1.0026756687
2025-03-21 08:30:00+00:00,0.9847116421,1.0026756687
2025-03-21 09:00:00+00:00,0.9847207294,1.0026756687
2025-03-21 09:30:00+00:00,0.9837665691,1.0026756687
2025-03-21 10:00:00+00:00,0.9839846629,1.0026756687
2025-03-21 10:30:00+00:00,0.9847934273,1.0026756687
2025-03-21 11:00:00+00:00,0.9850569573,1.0026756687
2025-03-21 11:30:00+00:00,0.9860565539,1.0026756687
2025-03-21 12:00:00+00:00,0.9853840980,1.0026756687
2025-03-21 12:30:00+00:00,0.9843481526,1.0026756687
2025-03-21 13:00:00+00:00,0.9843299781,1.0026756687
2025-03-21 13:30:00+00:00,0.9843390653,1.0026756687
2025-03-21 14:00:00+00:00,0.9837302201,1.0026756687
2025-03-21 14:30:00+00:00,0.9835757370,1.0026756687
2025-03-21 15:00:00+00:00,0.9838574415,1.0026756687
2025-03-21 15:30:00+00:00,0.9820036443,1.0026756687
2025-03-21 16:00:00+00:00,0.9828487577,1.0026756687
2025-03-21 16:30:00+00:00,0.9830850260,1.0026756687
2025-03-21 17:00:00+00:00,0.9824943553,1.0026756687
2025-03-21 17:30:00+00:00,0.9834757774,1.0026756687
2025-03-24 06:00:00+00:00,0.9843112941,1.0026756687
2025-03-24 06:30:00+00:00,0.9844293562,1.0026756687
2025-03-24 07:00:00+00:00,0.9852648729,1.0026756687
2025-03-24 07:30:00+00:00,0.9842931307,1.0026756687
2025-03-24 08:00:00+00:00,0.9858733470,1.0026756687
2025-03-24 08:30:00+00:00,0.9847290523,1.0026756687
2025-03-24 09:00:00+00:00,0.9838390455,1.0026756687
2025-03-24 09:30:00+00:00,0.9843839477,1.0026756687
2025-03-24 10:00:00+00:00,0.9855645690,1.0026756687
2025-03-24 10:30:00+00:00,0.9852013009,1.0026756687
2025-03-24 11:00:00+00:00,0.9849833400,1.0026756687
2025-03-24 11:30:00+00:00,0.9837845553,1.0026756687
2025-03-24 12:00:00+00:00,0.9830761824,1.0026756687
2025-03-24 12:30:00+00:00,0.9835302676,1.0026756687
2025-03-24 13:00:00+00:00,0.9828400581,1.0026756687
2025-03-24 13:30:00+00:00,0.9802063642,1.0026756687
2025-03-24 14:00:00+00:00,0.9819409695,1.0026756687
2025-03-24 14:30:00+00:00,0.9807875932,1.0026756687
2025-03-24 15:00:00+00:00,0.9804606519,1.0026756687
2025-03-24 15:30:00+00:00,0.9802790179,1.0026756687
2025-03-24 16:00:00+00:00,0.9804788153,1.0026756687
2025-03-24 16:30:00+00:00,0.9800792204,1.0026756687
2025-03-24 17:00:00+00:00,0.9803153447,1.0026756687
2025-03-24 17:30:00+00:00,0.9797159523,1.0026756687
2025-03-25 06:00:00+00:00,0.9791174032,1.0026756687
2025-03-25 06:30:00+00:00,0.9789723004,1.0026756687
2025-03-25 07:00:00+00:00,0.9788453355,1.0026756687
2025-03-25 07:30:00+00:00,0.9783012000,1.0026756687
2025-03-25 08:00:00+00:00,0.9775031346,1.0026756687
2025-03-25 08:30:00+00:00,0.9785914057,1.0026756687
2025-03-25 09:00:00+00:00,0.9792806439,1.0026756687
2025-03-25 09:30:00+00:00,0.9794982981,1.0026756687
2025-03-25 10:00:00+00:00,0.9809946708,1.0026756687
2025-03-25 10:30:00+00:00,0.9812758075,1.0026756687
2025-03-25 11:00:00+00:00,0.9813483589,1.0026756687
2025-03-25 11:30:00+00:00,0.9810762911,1.0026756687
2025-03-25 12:00:00+00:00,0.9813664967,1.0026756687
2025-03-25 12:30:00+00:00,0.9817383226,1.0026756687
2025-03-25 13:00:00+00:00,0.9814662549,1.0026756687
2025-03-25 13:30:00+00:00,0.9809946708,1.0026756687
2025-03-25 14:00:00+00:00,0.9799880202,1.0026756687
2025-03-25 14:30:00+00:00,0.9805865692,1.0026756687
2025-03-25 15:00:00+00:00,0.9810762911,1.0026756687
2025-03-25 15:30:00+00:00,0.9797522281,1.0026756687
2025-03-25 16:00:00+00:00,0.9803417083,1.0026756687
2025-03-25 16:30:00+00:00,0.9800424338,1.0026756687
2025-03-25 17:00:00+00:00,0.9802782258,1.0026756687
2025-03-25 17:30:00+00:00,0.9803145015,1.0026756687
2025-03-26 06:00:00+00:00,0.9805053762,1.0026756687
2025-03-26 06:30:00+00:00,0.9804599299,1.0026756687
2025-03-26 07:00:00+00:00,0.9807598759,1.0026756687
2025-03-26 07:30:00+00:00,0.9803872157,1.0026756687
2025-03-26 08:00:00+00:00,0.9809507506,1.0026756687
2025-03-26 08:30:00+00:00,0.9815869998,1.0026756687
2025-03-26 09:00:00+00:00,0.9814870178,1.0026756687
2025-03-26 09:30:00+00:00,0.9812597860,1.0026756687
2025-03-26 10:00:00+00:00,0.9812597860,1.0026756687
2025-03-26 10:30:00+00:00,0.9808962150,1.0026756687
2025-03-26 11:00:00+00:00,0.9809871078,1.0026756687
2025-03-26 11:30:00+00:00,0.9809325721,1.0026756687
2025-03-26 12:00:00+00:00,0.9808598579,1.0026756687
2025-03-26 12:30:00+00:00,0.9802236088,1.0026756687
2025-03-26 13:00:00+00:00,0.9789692891,1.0026756687
2025-03-26 13:30:00+00:00,0.9793510386,1.0026756687
2025-03-26 14:00:00+00:00,0.9809871078,1.0026756687
2025-03-26 14:30:00+00:00,0.9807962331,1.0026756687
2025-03-26 15:00:00+00:00,0.9802781445,1.0026756687
2025-03-26 15:30:00+00:00,0.9798963950,1.0026756687
2025-03-26 16:00:00+00:00,0.9805508227,1.0026756687
2025-03-26 16:30:00+00:00,0.9805326442,1.0026756687
2025-03-26 17:00:00+00:00,0.9777331479,1.0026756687
2025-03-26 17:30:00+00:00,0.9777149694,1.0026756687
2025-03-27 06:00:00+00:00,0.9781689098,1.0026756687
2025-03-27 06:30:00+00:00,0.9780781217,1.0026756687
2025-03-27 07:00:00+00:00,0.9772428714,1.0026756687
2025-03-27 07:30:00+00:00,0.9773155019,1.0026756687
2025-03-27 08:00:00+00:00,0.9767253794,1.0026756687
2025-03-27 08:30:00+00:00,0.9783232496,1.0026756687
2025-03-27 09:00:00+00:00,0.9774426052,1.0026756687
2025-03-27 09:30:00+00:00,0.9778783880,1.0026756687
2025-03-27 10:00:00+00:00,0.9777785212,1.0026756687
2025-03-27 10:30:00+00:00,0.9788588993,1.0026756687
2025-03-27 11:00:00+00:00,0.9791131059,1.0026756687
2025-03-27 11:30:00+00:00,0.9793309973,1.0026756687
2025-03-27 12:00:00+00:00,0.9795125734,1.0026756687
2025-03-27 12:30:00+00:00,0.9793400761,1.0026756687
2025-03-27 13:00:00+00:00,0.9786773231,1.0026756687
2025-03-27 13:30:00+00:00,0.9787136383,1.0026756687
2025-03-27 14:00:00+00:00,0.9788225840,1.0026756687
2025-03-27 14:30:00+00:00,0.9795488886,1.0026756687
2025-03-27 15:00:00+00:00,0.9803115085,1.0026756687
2025-03-27 15:30:00+00:00,0.9804840058,1.0026756687
2025-03-27 16:00:00+00:00,0.9801753264,1.0026756687
2025-03-27 16:30:00+00:00,0.9804295330,1.0026756687
2025-03-27 17:00:00+00:00,0.9803478237,1.0026756687
2025-03-27 17:30:00+00:00,0.9795852038,1.0026756687
2025-03-28 06:00:00+00:00,0.9791313139,1.0026756687
2025-03-28 06:30:00+00:00,0.9790586915,1.0026756687
2025-03-28 07:00:00+00:00,0.9803477389,1.0026756687
2025-03-28 07:30:00+00:00,0.9792584031,1.0026756687
2025-03-28 08:00:00+00:00,0.9785775682,1.0026756687
2025-03-28 08:30:00+00:00,0.9784323235,1.0026756687
2025-03-28 09:00:00+00:00,0.9778422666,1.0026756687
2025-03-28 09:30:00+00:00,0.9780238226,1.0026756687
2025-03-28 10:00:00+00:00,0.9782598453,1.0026756687
2025-03-28 10:30:00+00:00,0.9775517771,1.0026756687
2025-03-28 11:00:00+00:00,0.9777877998,1.0026756687
2025-03-28 11:30:00+00:00,0.9778604222,1.0026756687
2025-03-28 12:00:00+00:00,0.9777151774,1.0026756687
2025-03-28 12:30:00+00:00,0.9794127257,1.0026756687
2025-03-28 13:00:00+00:00,0.9807834732,1.0026756687
2025-03-28 13:30:00+00:00,0.9814189191,1.0026756687
2025-03-28 14:00:00+00:00,0.9829167559,1.0026756687
2025-03-28 14:30:00+00:00,0.9824991771,1.0026756687
2025-03-28 15:00:00+00:00,0.9841150253,1.0026756687
2025-03-28 15:30:00+00:00,0.9826898110,1.0026756687
2025-03-28 16:00:00+00:00,0.9832163232,1.0026756687
2025-03-28 16:30:00+00:00,0.9823720880,1.0026756687
2025-03-28 17:00:00+00:00,0.9820543651,1.0026756687
2025-03-28 17:30:00+00:00,0.9821814543,1.0026756687
2025-03-31 06:00:00+00:00,0.9817463192,1.0026756687
2025-03-31 06:30:00+00:00,0.9824443484,1.0026756687
2025-03-31 07:00:00+00:00,0.9815468823,1.0026756687
2025-03-31 07:30:00+00:00,0.9819366908,1.0026756687
2025-03-31 08:00:00+00:00,0.9801417585,1.0026756687
2025-03-31 08:30:00+00:00,0.9815378169,1.0026756687
2025-03-31 09:00:00+00:00,0.9814290332,1.0026756687
2025-03-31 09:30:00+00:00,0.9805134364,1.0026756687
2025-03-31 10:00:00+00:00,0.9804771752,1.0026756687
2025-03-31 10:30:00+00:00,0.9807310039,1.0026756687
2025-03-31 11:00:00+00:00,0.9807310039,1.0026756687
2025-03-31 11:30:00+00:00,0.9808488530,1.0026756687
2025-03-31 12:00:00+00:00,0.9801961504,1.0026756687
2025-03-31 12:30:00+00:00,0.9793893375,1.0026756687
2025-03-31 13:00:00+00:00,0.9806403508,1.0026756687
2025-03-31 13:30:00+00:00,0.9798154072,1.0026756687
2025-03-31 14:00:00+00:00,0.9785915899,1.0026756687
2025-03-31 14:30:00+00:00,0.9792352272,1.0026756687
2025-03-31 15:00:00+00:00,0.9799423217,1.0026756687
2025-03-31 15:30:00+00:00,0.9785281327,1.0026756687
2025-03-31 16:00:00+00:00,0.9790176597,1.0026756687
2025-03-31 16:30:00+00:00,0.9801236280,1.0026756687
2025-03-31 17:00:00+00:00,0.9805225018,1.0026756687
2025-03-31 17:30:00+00:00,0.9803955874,1.0026756687
2025-04-01 06:00:00+00:00,0.9798331427,1.0026756687
2025-04-01 06:30:00+00:00,0.9805044477,1.0026756687
2025-04-01 07:00:00+00:00,0.9801234367,1.0026756687
2025-04-01 07:30:00+00:00,0.9799057162,1.0026756687
2025-04-01 08:00:00+00:00,0.9805951646,1.0026756687
2025-04-01 08:30:00+00:00,0.9813571865,1.0026756687
2025-04-01 09:00:00+00:00,0.9818107709,1.0026756687
2025-04-01 09:30:00+00:00,0.9813208997,1.0026756687
2025-04-01 10:00:00+00:00,0.9802504404,1.0026756687
2025-04-01 10:30:00+00:00,0.9795791354,1.0026756687
2025-04-01 11:00:00+00:00,0.9785993929,1.0026756687
2025-04-01 11:30:00+00:00,0.9780369482,1.0026756687
2025-04-01 12:00:00+00:00,0.9788534002,1.0026756687
2025-04-01 12:30:00+00:00,0.9785903212,1.0026756687
2025-04-01 13:00:00+00:00,0.9793160563,1.0026756687
2025-04-01 13:30:00+00:00,0.9786084646,1.0026756687
2025-04-01 14:00:00+00:00,0.9792888413,1.0026756687
2025-04-01 14:30:00+00:00,0.9804318741,1.0026756687
2025-04-01 15:00:00+00:00,0.9804318741,1.0026756687
2025-04-01 15:30:00+00:00,0.9796879955,1.0026756687
2025-04-01 16:00:00+00:00,0.9796879955,1.0026756687
2025-04-01 16:30:00+00:00,0.9797242823,1.0026756687
2025-04-01 17:00:00+00:00,0.9791981243,1.0026756687
2025-04-01 17:30:00+00:00,0.9791074074,1.0026756687
2025-04-02 06:00:00+00:00,0.9793614948,1.0026756687
2025-04-02 06:30:00+00:00,0.9794159421,1.0026756687
2025-04-02 07:00:00+00:00,0.9788714692,1.0026756687
2025-04-02 07:30:00+00:00,0.9793070475,1.0026756687
2025-04-02 08:00:00+00:00,0.9797063276,1.0026756687
2025-04-02 08:30:00+00:00,0.9798333712,1.0026756687
2025-04-02 09:00:00+00:00,0.9798242967,1.0026756687
2025-04-02 09:30:00+00:00,0.9806047078,1.0026756687
2025-04-02 10:00:00+00:00,0.9794159420,1.0026756687
2025-04-02 10:30:00+00:00,0.9795792839,1.0026756687
2025-04-02 11:00:00+00:00,0.9800602349,1.0026756687
2025-04-02 11:30:00+00:00,0.9802870986,1.0026756687
2025-04-02 12:00:00+00:00,0.9809132424,1.0026756687
2025-04-02 12:30:00+00:00,0.9817934735,1.0026756687
2025-04-02 13:00:00+00:00,0.9819931136,1.0026756687
2025-04-02 13:30:00+00:00,0.9824649901,1.0026756687
2025-04-02 14:00:00+00:00,0.9820838591,1.0026756687
2025-04-02 14:30:00+00:00,0.9853506963,1.0026756687
2025-04-02 15:00:00+00:00,0.9850784599,1.0026756687
2025-04-02 15:30:00+00:00,0.9861674056,1.0026756687
2025-04-02 16:00:00+00:00,0.9849332671,1.0026756687
2025-04-02 16:30:00+00:00,0.9848062234,1.0026756687
2025-04-02 17:00:00+00:00,0.9851329071,1.0026756687
2025-04-02 17:30:00+00:00,0.9847517761,1.0026756687
2025-04-03 06:00:00+00:00,0.9851386802,1.0026756687
2025-04-03 06:30:00+00:00,0.9888187675,1.0026756687
2025-04-03 07:00:00+00:00,0.9852376557,1.0026756687
2025-04-03 07:30:00+00:00,0.9871271871,1.0026756687
2025-04-03 08:00:00+00:00,0.9887287899,1.0026756687
2025-04-03 08:30:00+00:00,0.9905823302,1.0026756687
2025-04-03 09:00:00+00:00,0.9927867835,1.0026756687
2025-04-03 09:30:00+00:00,0.9925258482,1.0026756687
2025-04-03 10:00:00+00:00,0.9974926166,1.0026756687
2025-04-03 10:30:00+00:00,0.9944873619,1.0026756687
2025-04-03 11:00:00+00:00,0.9948832637,1.0026756687
2025-04-03 11:30:00+00:00,0.9976365809,1.0026756687
2025-04-03 12:00:00+00:00,0.9975286077,1.0026756687
2025-04-03 12:30:00+00:00,0.9971327059,1.0026756687
2025-04-03 13:00:00+00:00,0.9982304337,1.0026756687
2025-04-03 13:30:00+00:00,0.9970877171,1.0026756687
2025-04-03 14:00:00+00:00,0.9983024159,1.0026756687
2025-04-03 14:30:00+00:00,1.0004078937,1.0026756687
2025-04-03 15:00:00+00:00,0.9952791658,1.0026756687
2025-04-03 15:30:00+00:00,0.9943074068,1.0026756687
2025-04-03 16:00:00+00:00,0.9930567169,1.0026756687
2025-04-03 16:30:00+00:00,0.9932276745,1.0026756687
2025-04-03 17:00:00+00:00,0.9922199245,1.0026756687
2025-04-03 17:30:00+00:00,0.9919589892,1.0026756687
2025-04-04 06:00:00+00:00,0.9902586210,1.0026756687
2025-04-04 06:30:00+00:00,0.9889520223,1.0026756687
2025-04-04 07:00:00+00:00,0.9888088334,1.0026756687
2025-04-04 07:30:00+00:00,0.9847816458,1.0026756687
2025-04-04 08:00:00+00:00,0.9849964291,1.0026756687
2025-04-04 08:30:00+00:00,0.9841014985,1.0026756687
2025-04-04 09:00:00+00:00,0.9828217478,1.0026756687
2025-04-04 09:30:00+00:00,0.9830275818,1.0026756687
2025-04-04 10:00:00+00:00,0.9884329627,1.0026756687
2025-04-04 10:30:00+00:00,0.9871442627,1.0026756687
2025-04-04 11:00:00+00:00,0.9889251746,1.0026756687
2025-04-04 11:30:00+00:00,0.9898201052,1.0026756687
2025-04-04 12:00:00+00:00,0.9919231921,1.0026756687
2025-04-04 12:30:00+00:00,0.9862135347,1.0026756687
2025-04-04 13:00:00+00:00,0.9869921243,1.0026756687
2025-04-04 13:30:00+00:00,0.9849427331,1.0026756687
2025-04-04 14:00:00+00:00,0.9843341803,1.0026756687
2025-04-04 14:30:00+00:00,0.9831886692,1.0026756687
2025-04-04 15:00:00+00:00,0.9829470379,1.0026756687
2025-04-04 15:30:00+00:00,0.9856586776,1.0026756687
2025-04-04 16:00:00+00:00,0.9830454802,1.0026756687
2025-04-04 16:30:00+00:00,0.9818731211,1.0026756687
2025-04-04 17:00:00+00:00,0.9782665507,1.0026756687
2025-04-04 17:30:00+00:00,0.9797073890,1.0026756687
2025-04-07 06:00:00+00:00,0.9781780688,1.0026756687
2025-04-07 06:30:00+00:00,0.9783025484,1.0026756687
2025-04-07 07:00:00+00:00,0.9805431802,1.0026756687
2025-04-07 07:30:00+00:00,0.9781247206,1.0026756687
2025-04-07 08:00:00+00:00,0.9754395189,1.0026756687
2025-04-07 08:30:00+00:00,0.9773422777,1.0026756687
2025-04-07 09:00:00+00:00,0.9744614653,1.0026756687
2025-04-07 09:30:00+00:00,0.9747459899,1.0026756687
2025-04-07 10:00:00+00:00,0.9767465540,1.0026756687
2025-04-07 10:30:00+00:00,0.9743903341,1.0026756687
2025-04-07 11:00:00+00:00,0.9730921902,1.0026756687
2025-04-07 11:30:00+00:00,0.9753506049,1.0026756687
2025-04-07 12:00:00+00:00,0.9730388418,1.0026756687
2025-04-07 12:30:00+00:00,0.9757240435,1.0026756687
2025-04-07 13:00:00+00:00,0.9751016457,1.0026756687
2025-04-07 13:30:00+00:00,0.9728432310,1.0026756687
2025-04-07 14:00:00+00:00,0.9734656288,1.0026756687
2025-04-07 14:30:00+00:00,0.9711094087,1.0026756687
2025-04-07 15:00:00+00:00,0.9708960152,1.0026756687
2025-04-07 15:30:00+00:00,0.9701847035,1.0026756687
2025-04-07 16:00:00+00:00,0.9712249968,1.0026756687
2025-04-07 16:30:00+00:00,0.9720430052,1.0026756687
2025-04-07 17:00:00+00:00,0.9730032761,1.0026756687
2025-04-07 17:30:00+00:00,0.9726298374,1.0026756687
2025-04-08 06:00:00+00:00,0.9732328318,1.0026756687
2025-04-08 06:30:00+00:00,0.9733658452,1.0026756687
2025-04-08 07:00:00+00:00,0.9717785514,1.0026756687
2025-04-08 07:30:00+00:00,0.9686571691,1.0026756687
2025-04-08 08:00:00+00:00,0.9706967087,1.0026756687
2025-04-08 08:30:00+00:00,0.9698099524,1.0026756687
2025-04-08 09:00:00+00:00,0.9680985126,1.0026756687
2025-04-08 09:30:00+00:00,0.9683202016,1.0026756687
2025-04-08 10:00:00+00:00,0.9693399714,1.0026756687
2025-04-08 10:30:00+00:00,0.9690118716,1.0026756687
2025-04-08 11:00:00+00:00,0.9697212767,1.0026756687
2025-04-08 11:30:00+00:00,0.9695971308,1.0026756687
2025-04-08 12:00:00+00:00,0.9707942519,1.0026756687
2025-04-08 12:30:00+00:00,0.9708651924,1.0026756687
2025-04-08 13:00:00+00:00,0.9714327165,1.0026756687
2025-04-08 13:30:00+00:00,0.9697390118,1.0026756687
2025-04-08 14:00:00+00:00,0.9670432726,1.0026756687
2025-04-08 14:30:00+00:00,0.9674689156,1.0026756687
2025-04-08 15:00:00+00:00,0.9676107966,1.0026756687
2025-04-08 15:30:00+00:00,0.9676107966,1.0026756687
2025-04-08 16:00:00+00:00,0.9676640020,1.0026756687
2025-04-08 16:30:00+00:00,0.9691892230,1.0026756687
2025-04-08 17:00:00+00:00,0.9702444630,1.0026756687
2025-04-08 17:30:00+00:00,0.9695616606,1.0026756687
2025-04-09 06:00:00+00:00,0.9688692167,1.0026756687
2025-04-09 06:30:00+00:00,0.9705608834,1.0026756687
2025-04-09 07:00:00+00:00,0.9690269887,1.0026756687
2025-04-09 07:30:00+00:00,0.9655121786,1.0026756687
2025-04-09 08:00:00+00:00,0.9660205552,1.0026756687
2025-04-09 08:30:00+00:00,0.9665815224,1.0026756687
2025-04-09 09:00:00+00:00,0.9665639922,1.0026756687
2025-04-09 09:30:00+00:00,0.9680277659,1.0026756687
2025-04-09 10:00:00+00:00,0.9667655898,1.0026756687
2025-04-09 10:30:00+00:00,0.9670723687,1.0026756687
2025-04-09 11:00:00+00:00,0.9682644240,1.0026756687
2025-04-09 11:30:00+00:00,0.9672827314,1.0026756687
2025-04-09 12:00:00+00:00,0.9711218505,1.0026756687
2025-04-09 12:30:00+00:00,0.9707887763,1.0026756687
2025-04-09 13:00:00+00:00,0.9712095017,1.0026756687
2025-04-09 13:30:00+00:00,0.9681241822,1.0026756687
2025-04-09 14:00:00+00:00,0.9679751753,1.0026756687
2025-04-09 14:30:00+00:00,0.9677385172,1.0026756687
2025-04-09 15:00:00+00:00,0.9696142513,1.0026756687
2025-04-09 15:30:00+00:00,0.9675193894,1.0026756687
2025-04-09 16:00:00+00:00,0.9665815224,1.0026756687
2025-04-09 16:30:00+00:00,0.9659416692,1.0026756687
2025-04-09 17:00:00+00:00,0.9623041477,1.0026756687
2025-04-09 17:30:00+00:00,0.9621639059,1.0026756687
2025-04-10 06:00:00+00:00,0.9616822021,1.0026756687
2025-04-10 06:30:00+00:00,0.9619274331,1.0026756687
2025-04-10 07:00:00+00:00,0.9619361913,1.0026756687
2025-04-10 07:30:00+00:00,0.9657197555,1.0026756687
2025-04-10 08:00:00+00:00,0.9663503496,1.0026756687
2025-04-10 08:30:00+00:00,0.9667094379,1.0026756687
2025-04-10 09:00:00+00:00,0.9672349329,1.0026756687
2025-04-10 09:30:00+00:00,0.9685924618,1.0026756687
2025-04-10 10:00:00+00:00,0.9682859231,1.0026756687
2025-04-10 10:30:00+00:00,0.9703966615,1.0026756687
2025-04-10 11:00:00+00:00,0.9699762654,1.0026756687
2025-04-10 11:30:00+00:00,0.9695558694,1.0026756687
2025-04-10 12:00:00+00:00,0.9723234765,1.0026756687
2025-04-10 12:30:00+00:00,0.9719293552,1.0026756687
2025-04-10 13:00:00+00:00,0.9737335548,1.0026756687
2025-04-10 13:30:00+00:00,0.9745305557,1.0026756687
2025-04-10 14:00:00+00:00,0.9752837652,1.0026756687
2025-04-10 14:30:00+00:00,0.9796628904,1.0026756687
2025-04-10 15:00:00+00:00,0.9799431545,1.0026756687
2025-04-10 15:30:00+00:00,0.9801183195,1.0026756687
2025-04-10 16:00:00+00:00,0.9804774078,1.0026756687
2025-04-10 16:30:00+00:00,0.9806438145,1.0026756687
2025-04-10 17:00:00+00:00,0.9790673294,1.0026756687
2025-04-10 17:30:00+00:00,0.9817911454,1.0026756687
2025-04-11 06:00:00+00:00,0.9796337068,1.0026756687
2025-04-11 06:30:00+00:00,0.9818781389,1.0026756687
2025-04-11 07:00:00+00:00,0.9867149768,1.0026756687
2025-04-11 07:30:00+00:00,0.9886114349,1.0026756687
2025-04-11 08:00:00+00:00,0.9902121152,1.0026756687
2025-04-11 08:30:00+00:00,0.9940920249,1.0026756687
2025-04-11 09:00:00+00:00,0.9914039261,1.0026756687
2025-04-11 09:30:00+00:00,0.9904730958,1.0026756687
2025-04-11 10:00:00+00:00,0.9883417553,1.0026756687
2025-04-11 10:30:00+00:00,0.9862365128,1.0026756687
2025-04-11 11:00:00+00:00,0.9883852519,1.0026756687
2025-04-11 11:30:00+00:00,0.9855492640,1.0026756687
2025-04-11 12:00:00+00:00,0.9872195391,1.0026756687
2025-04-11 12:30:00+00:00,0.9913430308,1.0026756687
2025-04-11 13:00:00+00:00,0.9915779132,1.0026756687
2025-04-11 13:30:00+00:00,0.9883678535,1.0026756687
2025-04-11 14:00:00+00:00,0.9893247819,1.0026756687
2025-04-11 14:30:00+00:00,0.9865235914,1.0026756687
2025-04-11 15:00:00+00:00,0.9856710552,1.0026756687
2025-04-11 15:30:00+00:00,0.9851751923,1.0026756687
2025-04-11 16:00:00+00:00,0.9821565180,1.0026756687
2025-04-11 16:30:00+00:00,0.9835484139,1.0026756687
2025-04-11 17:00:00+00:00,0.9839833813,1.0026756687
2025-04-11 17:30:00+00:00,0.9817650473,1.0026756687
2025-04-14 06:00:00+00:00,0.9829722804,1.0026756687
2025-04-14 06:30:00+00:00,0.9844985679,1.0026756687
2025-04-14 07:00:00+00:00,0.9829636573,1.0026756687
2025-04-14 07:30:00+00:00,0.9821530865,1.0026756687
2025-04-14 08:00:00+00:00,0.9831102498,1.0026756687
2025-04-14 08:30:00+00:00,0.9819806247,1.0026756687
2025-04-14 09:00:00+00:00,0.9824462717,1.0026756687
2025-04-14 09:30:00+00:00,0.9818943937,1.0026756687
2025-04-14 10:00:00+00:00,0.9815839624,1.0026756687
2025-04-14 10:30:00+00:00,0.9819461323,1.0026756687
2025-04-14 11:00:00+00:00,0.9821703327,1.0026756687
2025-04-14 11:30:00+00:00,0.9816529471,1.0026756687
2025-04-14 12:00:00+00:00,0.9791005116,1.0026756687
2025-04-14 12:30:00+00:00,0.9777639321,1.0026756687
2025-04-14 13:00:00+00:00,0.9749614267,1.0026756687
2025-04-14 13:30:00+00:00,0.9767722764,1.0026756687
2025-04-14 14:00:00+00:00,0.9786176183,1.0021870350
2025-04-14 14:30:00+00:00,0.9802387598,1.0013462833
2025-04-14 15:00:00+00:00,0.9805836836,1.0011731495
2025-04-14 15:30:00+00:00,0.9793505812,1.0017925214
2025-04-14 16:00:00+00:00,0.9792729734,1.0018315418
2025-04-14 16:30:00+00:00,0.9770654614,1.0029433892
2025-04-14 17:00:00+00:00,0.9780053786,1.0024695279
2025-04-14 17:30:00+00:00,0.9777380627,1.0026042266
2025-04-15 06:00:00+00:00,0.9771436931,1.0027282059
2025-04-15 06:30:00+00:00,0.9761789192,1.0030787765
2025-04-15 07:00:00+00:00,0.9762650597,1.0030432357
2025-04-15 07:30:00+00:00,0.9783152042,1.0030255727
2025-04-15 08:00:00+00:00,0.9781687653,1.0030255727
2025-04-15 08:30:00+00:00,0.9774193427,1.0030255727
2025-04-15 09:00:00+00:00,0.9775743957,1.0030255727
2025-04-15 09:30:00+00:00,0.9767302185,1.0032150771
2025-04-15 10:00:00+00:00,0.9773159741,1.0028906054
2025-04-15 10:30:00+00:00,0.9772126055,1.0029434163
2025-04-15 11:00:00+00:00,0.9753519700,1.0038954461
2025-04-15 11:30:00+00:00,0.9756793040,1.0037277623
2025-04-15 12:00:00+00:00,0.9764028844,1.0033573916
2025-04-15 12:30:00+00:00,0.9745077929,1.0038164501
2025-04-15 13:00:00+00:00,0.9743355118,1.0037923865
2025-04-15 13:30:00+00:00,0.9749040393,1.0037923865
2025-04-15 14:00:00+00:00,0.9743010556,1.0037923865
2025-04-15 14:30:00+00:00,0.9758860414,1.0037923865
2025-04-15 15:00:00+00:00,0.9741460028,1.0037923865
2025-04-15 15:30:00+00:00,0.9724231922,1.0037923865
2025-04-15 16:00:00+00:00,0.9715014885,1.0037923865
2025-04-15 16:30:00+00:00,0.9711741545,1.0038533861
2025-04-15 17:00:00+00:00,0.9717168398,1.0037675886
2025-04-15 17:30:00+00:00,0.9710449437,1.0037556889
2025-04-16 06:00:00+00:00,0.9705159499,1.0037556889
2025-04-16 06:30:00+00:00,0.9693214477,1.0040531256
2025-04-16 07:00:00+00:00,0.9718299023,1.0026594248
2025-04-16 07:30:00+00:00,0.9715739375,1.0027983377
2025-04-16 08:00:00+00:00,0.9699528274,1.0036794186
2025-04-16 08:30:00+00:00,0.9700893420,1.0036051357
2025-04-16 09:00:00+00:00,0.9698589737,1.0037304973
2025-04-16 09:30:00+00:00,0.9692531905,1.0040603690
2025-04-16 10:00:00+00:00,0.9696371376,1.0038512589
2025-04-16 10:30:00+00:00,0.9690654830,1.0039815872
2025-04-16 11:00:00+00:00,0.9700552134,1.0039574131
2025-04-16 11:30:00+00:00,0.9695262196,1.0039574131
2025-04-16 12:00:00+00:00,0.9689033720,1.0039574131
2025-04-16 12:30:00+00:00,0.9685364892,1.0039574131
2025-04-16 13:00:00+00:00,0.9700040204,1.0039574131
2025-04-16 13:30:00+00:00,0.9699016345,1.0039574131
2025-04-16 14:00:00+00:00,0.9695603482,1.0039574131
2025-04-16 14:30:00+00:00,0.9713009085,1.0039574131
2025-04-16 15:00:00+00:00,0.9693214478,1.0039574131
2025-04-16 15:30:00+00:00,0.9710961367,1.0039574131
2025-04-16 16:00:00+00:00,0.9703794354,1.0039574131
2025-04-16 16:30:00+00:00,0.9705330142,1.0039574131
2025-04-16 17:00:00+00:00,0.9702258565,1.0039574131
2025-04-16 17:30:00+00:00,0.9705671429,1.0039574131
2025-04-17 06:00:00+00:00,0.9710715557,1.0039574131
2025-04-17 06:30:00+00:00,0.9711228519,1.0039114431
2025-04-17 07:00:00+00:00,0.9711655987,1.0038564931
2025-04-17 07:30:00+00:00,0.9726446396,1.0029694770
2025-04-17 08:00:00+00:00,0.9724309054,1.0030975266
2025-04-17 08:30:00+00:00,0.9727899789,1.0028824286
2025-04-17 09:00:00+00:00,0.9722171712,1.0032256208
2025-04-17 09:30:00+00:00,0.9722855661,1.0031846258
2025-04-17 10:00:00+00:00,0.9722000724,1.0032358703
2025-04-17 10:30:00+00:00,0.9711741481,1.0038513598
2025-04-17 11:00:00+00:00,0.9717726039,1.0036412192
2025-04-17 11:30:00+00:00,0.9709176669,1.0036119399
2025-04-17 12:00:00+00:00,0.9699259401,1.0036119399
2025-04-17 12:30:00+00:00,0.9709176669,1.0036119399
2025-04-17 13:00:00+00:00,0.9716871102,1.0036119399
2025-04-17 13:30:00+00:00,0.9713280367,1.0036119399
2025-04-17 14:00:00+00:00,0.9727386826,1.0036119399
2025-04-17 14:30:00+00:00,0.9703192111,1.0036119399
2025-04-17 15:00:00+00:00,0.9724907509,1.0036119399
2025-04-17 15:30:00+00:00,0.9714819254,1.0036119399
2025-04-17 16:00:00+00:00,0.9704047048,1.0036119399
2025-04-17 16:30:00+00:00,0.9704047048,1.0036119399
2025-04-17 17:00:00+00:00,0.9701482238,1.0036119399
2025-04-17 17:30:00+00:00,0.9704560010,1.0036119399
2025-04-18 06:00:00+00:00,0.9705840228,1.0036119399
2025-04-18 06:30:00+00:00,0.9697476141,1.0039091341
2025-04-18 07:00:00+00:00,0.9706949750,1.0030659517
2025-04-18 07:30:00+00:00,0.9703877228,1.0031528925
2025-04-18 08:00:00+00:00,0.9703109097,1.0031160102
2025-04-18 08:30:00+00:00,0.9705157445,1.0031160102
2025-04-18 09:00:00+00:00,0.9703706532,1.0031160102
2025-04-18 09:30:00+00:00,0.9703535837,1.0031160102
2025-04-18 10:00:00+00:00,0.9707120445,1.0031160102
2025-04-18 10:30:00+00:00,0.9707291141,1.0031160102
2025-04-18 11:00:00+00:00,0.9708144619,1.0031160102
2025-04-18 11:30:00+00:00,0.9713606880,1.0031160102
2025-04-18 12:00:00+00:00,0.9717703576,1.0031160102
2025-04-18 12:30:00+00:00,0.9714801750,1.0031160102
2025-04-18 13:00:00+00:00,0.9712924098,1.0031160102
2025-04-18 13:30:00+00:00,0.9712241315,1.0031160102
2025-04-18 14:00:00+00:00,0.9717703576,1.0031160102
2025-04-18 14:30:00+00:00,0.9726921141,1.0031160102
2025-04-18 15:00:00+00:00,0.9720264011,1.0031160102
2025-04-18 15:30:00+00:00,0.9722739098,1.0031160102
2025-04-18 16:00:00+00:00,0.9723421881,1.0031160102
2025-04-18 16:30:00+00:00,0.9725214185,1.0031160102
2025-04-18 17:00:00+00:00,0.9722909794,1.0031160102
2025-04-18 17:30:00+00:00,0.9723336533,1.0031160102
2025-04-21 06:00:00+00:00,0.9703942813,1.0031160102
2025-04-21 06:30:00+00:00,0.9710013890,1.0031160102
2025-04-21 07:00:00+00:00,0.9721059878,1.0031160102
2025-04-21 07:30:00+00:00,0.9743910738,1.0031160102
2025-04-21 08:00:00+00:00,0.9733792276,1.0031160102
2025-04-21 08:30:00+00:00,0.9746103072,1.0031160102
2025-04-21 09:00:00+00:00,0.9747030598,1.0031160102
2025-04-21 09:30:00+00:00,0.9736490532,1.0031160102
2025-04-21 10:00:00+00:00,0.9725191583,1.0031160102
2025-04-21 10:30:00+00:00,0.9716675210,1.0031160102
2025-04-21 11:00:00+00:00,0.9722409006,1.0031160102
2025-04-21 11:30:00+00:00,0.9732949070,1.0031160102
2025-04-21 12:00:00+00:00,0.9723083569,1.0031160102
2025-04-21 12:30:00+00:00,0.9732864749,1.0031160102
2025-04-21 13:00:00+00:00,0.9702087759,1.0031160102
2025-04-21 13:30:00+00:00,0.9713049427,1.0031160102
2025-04-21 14:00:00+00:00,0.9705713541,1.0031160102
2025-04-21 14:30:00+00:00,0.9695004836,1.0031160102
2025-04-21 15:00:00+00:00,0.9695510759,1.0031160102
2025-04-21 15:30:00+00:00,0.9702930965,1.0031160102
2025-04-21 16:00:00+00:00,0.9704027131,1.0031160102
2025-04-21 16:30:00+00:00,0.9704786016,1.0031160102
2025-04-21 17:00:00+00:00,0.9694583233,1.0031160102
2025-04-21 17:30:00+00:00,0.9708664760,1.0031160102
2025-04-22 06:00:00+00:00,0.9698991592,1.0031160102
2025-04-22 06:30:00+00:00,0.9673925467,1.0031160102
2025-04-22 07:00:00+00:00,0.9677626506,1.0031160102
2025-04-22 07:30:00+00:00,0.9678047078,1.0031160102
2025-04-22 08:00:00+00:00,0.9680822857,1.0031160102
2025-04-22 08:30:00+00:00,0.9673084323,1.0031160102
2025-04-22 09:00:00+00:00,0.9670981460,1.0031160102
2025-04-22 09:30:00+00:00,0.9665345788,1.0031160102
2025-04-22 10:00:00+00:00,0.9670729116,1.0031160102
2025-04-22 10:30:00+00:00,0.9663579383,1.0031160102
2025-04-22 11:00:00+00:00,0.9661812978,1.0031160102
2025-04-22 11:30:00+00:00,0.9661224176,1.0031160102
2025-04-22 12:00:00+00:00,0.9647765855,1.0031160102
2025-04-22 12:30:00+00:00,0.9648270542,1.0031160102
2025-04-22 13:00:00+00:00,0.9643476015,1.0031160102
2025-04-22 13:30:00+00:00,0.9651635123,1.0031160102
2025-04-22 14:00:00+00:00,0.9643055443,1.0031160102
2025-04-22 14:30:00+00:00,0.9654831474,1.0031160102
2025-04-22 15:00:00+00:00,0.9654158557,1.0031160102
2025-04-22 15:30:00+00:00,0.9643728359,1.0031160102
2025-04-22 16:00:00+00:00,0.9632204671,1.0031160102
2025-04-22 16:30:00+00:00,0.9617568747,1.0031160102
2025-04-22 17:00:00+00:00,0.9626821343,1.0031160102
2025-04-22 17:30:00+00:00,0.9631447640,1.0031160102
2025-04-23 06:00:00+00:00,0.9637542957,1.0031160102
2025-04-23 06:30:00+00:00,0.9638304872,1.0031160102
2025-04-23 07:00:00+00:00,0.9653627822,1.0031160102
2025-04-23 07:30:00+00:00,0.9638897472,1.0031160102
2025-04-23 08:00:00+00:00,0.9647024562,1.0031160102
2025-04-23 08:30:00+00:00,0.9661924226,1.0031160102
2025-04-23 09:00:00+00:00,0.9676569919,1.0031160102
2025-04-23 09:30:00+00:00,0.9666326400,1.0031160102
2025-04-23 10:00:00+00:00,0.9648802363,1.0031160102
2025-04-23 10:30:00+00:00,0.9652781251,1.0031160102
2025-04-23 11:00:00+00:00,0.9648887020,1.0031160102
2025-04-23 11:30:00+00:00,0.9660315740,1.0031160102
2025-04-23 12:00:00+00:00,0.9654305080,1.0031160102
2025-04-23 12:30:00+00:00,0.9655574938,1.0031160102
2025-04-23 13:00:00+00:00,0.9649394963,1.0031160102
2025-04-23 13:30:00+00:00,0.9594537108,1.0031160102
2025-04-23 14:00:00+00:00,0.9615362776,1.0031160102
2025-04-23 14:30:00+00:00,0.9611468545,1.0031160102
2025-04-23 15:00:00+00:00,0.9633818042,1.0031160102
2025-04-23 15:30:00+00:00,0.9607574315,1.0031160102
2025-04-23 16:00:00+00:00,0.9609352115,1.0031160102
2025-04-23 16:30:00+00:00,0.9600124483,1.0031160102
2025-04-23 17:00:00+00:00,0.9593097936,1.0031160102
2025-04-23 17:30:00+00:00,0.9591320136,1.0031160102
2025-04-24 06:00:00+00:00,0.9601134478,1.0031160102
2025-04-24 06:30:00+00:00,0.9604857159,1.0031160102
2025-04-24 07:00:00+00:00,0.9622624503,1.0031160102
2025-04-24 07:30:00+00:00,0.9628039313,1.0031160102
2025-04-24 08:00:00+00:00,0.9625839547,1.0031160102
2025-04-24 08:30:00+00:00,0.9628800771,1.0031160102
2025-04-24 09:00:00+00:00,0.9631423569,1.0031160102
2025-04-24 09:30:00+00:00,0.9632100420,1.0031160102
2025-04-24 10:00:00+00:00,0.9634638612,1.0031160102
2025-04-24 10:30:00+00:00,0.9627700887,1.0031160102
2025-04-24 11:00:00+00:00,0.9635230857,1.0031160102
2025-04-24 11:30:00+00:00,0.9622116865,1.0031160102
2025-04-24 12:00:00+00:00,0.9616871268,1.0031160102
2025-04-24 12:30:00+00:00,0.9625501121,1.0031160102
2025-04-24 13:00:00+00:00,0.9623301355,1.0031160102
2025-04-24 13:30:00+00:00,0.9624993483,1.0031160102
2025-04-24 14:00:00+00:00,0.9629223803,1.0031160102
2025-04-24 14:30:00+00:00,0.9622116865,1.0031160102
2025-04-24 15:00:00+00:00,0.9609595118,1.0031160102
2025-04-24 15:30:00+00:00,0.9612133310,1.0031160102
2025-04-24 16:00:00+00:00,0.9619071035,1.0031160102
2025-04-24 16:30:00+00:00,0.9628208526,1.0031160102
2025-04-24 17:00:00+00:00,0.9622793717,1.0031160102
2025-04-24 17:30:00+00:00,0.9619071035,1.0031160102
2025-04-25 06:00:00+00:00,0.9627135455,1.0031160102
2025-04-25 06:30:00+00:00,0.9627984342,1.0031160102
2025-04-25 07:00:00+00:00,0.9642839854,1.0031160102
2025-04-25 07:30:00+00:00,0.9643349185,1.0031160102
2025-04-25 08:00:00+00:00,0.9635114988,1.0031160102
2025-04-25 08:30:00+00:00,0.9635369654,1.0031160102
2025-04-25 09:00:00+00:00,0.9638425645,1.0031160102
2025-04-25 09:30:00+00:00,0.9631719442,1.0031160102
2025-04-25 10:00:00+00:00,0.9629087894,1.0031160102
2025-04-25 10:30:00+00:00,0.9639953640,1.0031160102
2025-04-25 11:00:00+00:00,0.9647508729,1.0031160102
2025-04-25 11:30:00+00:00,0.9634350990,1.0031160102
2025-04-25 12:00:00+00:00,0.9637746536,1.0031160102
2025-04-25 12:30:00+00:00,0.9636982538,1.0031160102
2025-04-25 13:00:00+00:00,0.9626795902,1.0031160102
2025-04-25 13:30:00+00:00,0.9637916313,1.0031160102
2025-04-25 14:00:00+00:00,0.9651498496,1.0031160102
2025-04-25 14:30:00+00:00,0.9650479832,1.0031160102
2025-04-25 15:00:00+00:00,0.9650479832,1.0031160102
2025-04-25 15:30:00+00:00,0.9660666469,1.0031160102
2025-04-25 16:00:00+00:00,0.9659817582,1.0031160102
2025-04-25 16:30:00+00:00,0.9650649609,1.0031160102
2025-04-25 17:00:00+00:00,0.9648782059,1.0031160102
2025-04-25 17:30:00+00:00,0.9657695366,1.0031160102
2025-04-28 06:00:00+00:00,0.9649714221,1.0031160102
2025-04-28 06:30:00+00:00,0.9621270778,1.0031160102
2025-04-28 07:00:00+00:00,0.9636808540,1.0031160102
2025-04-28 07:30:00+00:00,0.9635534953,1.0031160102
2025-04-28 08:00:00+00:00,0.9625176445,1.0031160102
2025-04-28 08:30:00+00:00,0.9631544381,1.0031160102
2025-04-28 09:00:00+00:00,0.9640374584,1.0031160102
2025-04-28 09:30:00+00:00,0.9636808540,1.0031160102
2025-04-28 10:00:00+00:00,0.9641648171,1.0031160102
2025-04-28 10:30:00+00:00,0.9637317975,1.0031160102
2025-04-28 11:00:00+00:00,0.9631884004,1.0031160102
2025-04-28 11:30:00+00:00,0.9638167033,1.0031160102
2025-04-28 12:00:00+00:00,0.9655487817,1.0031160102
2025-04-28 12:30:00+00:00,0.9637827410,1.0031160102
2025-04-28 13:00:00+00:00,0.9639185902,1.0031160102
2025-04-28 13:30:00+00:00,0.9649374599,1.0031160102
2025-04-28 14:00:00+00:00,0.9652940642,1.0031160102
2025-04-28 14:30:00+00:00,0.9661176505,1.0031160102
2025-04-28 15:00:00+00:00,0.9663638773,1.0031160102
2025-04-28 15:30:00+00:00,0.9667544440,1.0031160102
2025-04-28 16:00:00+00:00,0.9673742563,1.0031160102
2025-04-28 16:30:00+00:00,0.9689025608,1.0031160102
2025-04-28 17:00:00+00:00,0.9691657688,1.0031160102
2025-04-28 17:30:00+00:00,0.9680110498,1.0031160102
2025-04-29 06:00:00+00:00,0.9685721073,1.0031160102
2025-04-29 06:30:00+00:00,0.9682320725,1.0031160102
2025-04-29 07:00:00+00:00,0.9688101316,1.0031160102
2025-04-29 07:30:00+00:00,0.9694051925,1.0031160102
2025-04-29 08:00:00+00:00,0.9687761281,1.0031160102
2025-04-29 08:30:00+00:00,0.9678580342,1.0031160102
2025-04-29 09:00:00+00:00,0.9687931299,1.0031160102
2025-04-29 09:30:00+00:00,0.9674414915,1.0031160102
2025-04-29 10:00:00+00:00,0.9674669942,1.0031160102
2025-04-29 10:30:00+00:00,0.9672459715,1.0031160102
2025-04-29 11:00:00+00:00,0.9675860063,1.0031160102
2025-04-29 11:30:00+00:00,0.9669399402,1.0031160102
2025-04-29 12:00:00+00:00,0.9679515437,1.0031160102
2025-04-29 12:30:00+00:00,0.9700002533,1.0031160102
2025-04-29 13:00:00+00:00,0.9697452272,1.0031160102
2025-04-29 13:30:00+00:00,0.9689291437,1.0031160102
2025-04-29 14:00:00+00:00,0.9696262150,1.0031160102
2025-04-29 14:30:00+00:00,0.9676710150,1.0031160102
2025-04-29 15:00:00+00:00,0.9690821594,1.0031160102
2025-04-29 15:30:00+00:00,0.9687591264,1.0031160102
2025-04-29 16:00:00+00:00,0.9701702707,1.0031160102
2025-04-29 16:30:00+00:00,0.9693966916,1.0031160102
2025-04-29 17:00:00+00:00,0.9690651577,1.0031160102
2025-04-29 17:30:00+00:00,0.9679090393,1.0031160102
2025-04-30 06:00:00+00:00,0.9683681992,1.0031160102
2025-04-30 06:30:00+00:00,0.9685042466,1.0031160102
2025-04-30 07:00:00+00:00,0.9676879624,1.0031160102
2025-04-30 07:30:00+00:00,0.9674668854,1.0031160102
2025-04-30 08:00:00+00:00,0.9664295242,1.0031160102
2025-04-30 08:30:00+00:00,0.9669226959,1.0031160102
2025-04-30 09:00:00+00:00,0.9671607788,1.0031160102
2025-04-30 09:30:00+00:00,0.9661404235,1.0031160102
2025-04-30 10:00:00+00:00,0.9664465301,1.0031160102
2025-04-30 10:30:00+00:00,0.9661064116,1.0031160102
2025-04-30 11:00:00+00:00,0.9668036544,1.0031160102
2025-04-30 11:30:00+00:00,0.9670672462,1.0031160102
2025-04-30 12:00:00+00:00,0.9674328735,1.0031160102
2025-04-30 12:30:00+00:00,0.9670842521,1.0031160102
2025-04-30 13:00:00+00:00,0.9663274886,1.0031160102
2025-04-30 13:30:00+00:00,0.9667101219,1.0031160102
2025-04-30 14:00:00+00:00,0.9661234176,1.0031160102
2025-04-30 14:30:00+00:00,0.9665485656,1.0031160102
2025-04-30 15:00:00+00:00,0.9635470205,1.0031160102
2025-04-30 15:30:00+00:00,0.9649330031,1.0031160102
2025-04-30 16:00:00+00:00,0.9653666542,1.0031160102
2025-04-30 16:30:00+00:00,0.9655622222,1.0031160102
2025-04-30 17:00:00+00:00,0.9662594650,1.0031160102
2025-04-30 17:30:00+00:00,0.9647289321,1.0031160102
2025-05-01 06:00:00+00:00,0.9653692446,1.0031160102
2025-05-01 06:30:00+00:00,0.9649679821,1.0031160102
2025-05-01 07:00:00+00:00,0.9640630071,1.0031160102
2025-05-01 07:30:00+00:00,0.9655997571,1.0031160102
2025-05-01 08:00:00+00:00,0.9671023570,1.0031160102
2025-05-01 08:30:00+00:00,0.9664278945,1.0031160102
2025-05-01 09:00:00+00:00,0.9665815695,1.0031160102
2025-05-01 09:30:00+00:00,0.9659668695,1.0031160102
2025-05-01 10:00:00+00:00,0.9662912945,1.0031160102
2025-05-01 10:30:00+00:00,0.9675036194,1.0031160102
2025-05-01 11:00:00+00:00,0.9679134194,1.0031160102
2025-05-01 11:30:00+00:00,0.9664620445,1.0031160102
2025-05-01 12:00:00+00:00,0.9663169070,1.0031160102
2025-05-01 12:30:00+00:00,0.9660351695,1.0031160102
2025-05-01 13:00:00+00:00,0.9667523195,1.0031160102
2025-05-01 13:30:00+00:00,0.9664278945,1.0031160102
2025-05-01 14:00:00+00:00,0.9639690945,1.0031160102
2025-05-01 14:30:00+00:00,0.9631836445,1.0031160102
2025-05-01 15:00:00+00:00,0.9631324195,1.0031160102
2025-05-01 15:30:00+00:00,0.9629787445,1.0031160102
2025-05-01 16:00:00+00:00,0.9629958195,1.0031160102
2025-05-01 16:30:00+00:00,0.9639520195,1.0031160102
2025-05-01 17:00:00+00:00,0.9632092571,1.0031160102
2025-05-01 17:30:00+00:00,0.9632860946,1.0031160102
2025-05-02 06:00:00+00:00,0.9649557745,1.0031160102
2025-05-02 06:30:00+00:00,0.9648194741,1.0031160102
2025-05-02 07:00:00+00:00,0.9644276105,1.0031160102
2025-05-02 07:30:00+00:00,0.9650239247,1.0031160102
2025-05-02 08:00:00+00:00,0.9648194741,1.0031160102
2025-05-02 08:30:00+00:00,0.9654157884,1.0031160102
2025-05-02 09:00:00+00:00,0.9652624505,1.0031160102
2025-05-02 09:30:00+00:00,0.9669150929,1.0031160102
2025-05-02 10:00:00+00:00,0.9661995157,1.0031160102
2025-05-02 10:30:00+00:00,0.9652794880,1.0031160102
2025-05-02 11:00:00+00:00,0.9659865463,1.0031160102
2025-05-02 11:30:00+00:00,0.9665913794,1.0031160102
2025-05-02 12:00:00+00:00,0.9657054267,1.0031160102
2025-05-02 12:30:00+00:00,0.9642231598,1.0031160102
2025-05-02 13:00:00+00:00,0.9666765671,1.0031160102
2025-05-02 13:30:00+00:00,0.9688232984,1.0031160102
2025-05-02 14:00:00+00:00,0.9680906838,1.0031160102
2025-05-02 14:30:00+00:00,0.9684655099,1.0031160102
2025-05-02 15:00:00+00:00,0.9657991331,1.0031160102
2025-05-02 15:30:00+00:00,0.9650920747,1.0031160102
2025-05-02 16:00:00+00:00,0.9655435699,1.0031160102
2025-05-02 16:30:00+00:00,0.9643168662,1.0031160102
2025-05-02 17:00:00+00:00,0.9637461083,1.0031160102
2025-05-02 17:30:00+00:00,0.9629794185,1.0031160102
2025-05-05 06:00:00+00:00,0.9624526152,1.0031160102
2025-05-05 06:30:00+00:00,0.9623591501,1.0031160102
2025-05-05 07:00:00+00:00,0.9620107802,1.0031160102
2025-05-05 07:30:00+00:00,0.9612460657,1.0031160102
2025-05-05 08:00:00+00:00,0.9622486913,1.0031160102
2025-05-05 08:30:00+00:00,0.9623846406,1.0031160102
2025-05-05 09:00:00+00:00,0.9635911901,1.0031160102
2025-05-05 09:30:00+00:00,0.9636591647,1.0031160102
2025-05-05 10:00:00+00:00,0.9635402091,1.0031160102
2025-05-05 10:30:00+00:00,0.9639395600,1.0031160102
2025-05-05 11:00:00+00:00,0.9643219172,1.0031160102
2025-05-05 11:30:00+00:00,0.9637611266,1.0031160102
2025-05-05 12:00:00+00:00,0.9651206190,1.0031160102
2025-05-05 12:30:00+00:00,0.9652310778,1.0031160102
2025-05-05 13:00:00+00:00,0.9650356507,1.0031160102
2025-05-05 13:30:00+00:00,0.9647722491,1.0031160102
2025-05-05 14:00:00+00:00,0.9640925029,1.0031160102
2025-05-05 14:30:00+00:00,0.9634212535,1.0031160102
2025-05-05 15:00:00+00:00,0.9626310486,1.0031160102
2025-05-05 15:30:00+00:00,0.9613650214,1.0031160102
2025-05-05 16:00:00+00:00,0.9602944212,1.0031160102
2025-05-05 16:30:00+00:00,0.9603538990,1.0031160102
2025-05-05 17:00:00+00:00,0.9609571737,1.0031160102
2025-05-05 17:30:00+00:00,0.9601584720,1.0031160102
2025-05-06 06:00:00+00:00,0.9604384189,1.0031160102
2025-05-06 06:30:00+00:00,0.9608286479,1.0031160102
2025-05-06 07:00:00+00:00,0.9616600053,1.0031160102
2025-05-06 07:30:00+00:00,0.9619314690,1.0031160102
2025-05-06 08:00:00+00:00,0.9620502343,1.0031160102
2025-05-06 08:30:00+00:00,0.9609304467,1.0031160102
2025-05-06 09:00:00+00:00,0.9600990893,1.0031160102
2025-05-06 09:30:00+00:00,0.9596070614,1.0031160102
2025-05-06 10:00:00+00:00,0.9599633574,1.0031160102
2025-05-06 10:30:00+00:00,0.9608116813,1.0031160102
2025-05-06 11:00:00+00:00,0.9609813461,1.0029869680
2025-05-06 11:30:00+00:00,0.9609134802,1.0030135466
2025-05-06 12:00:00+00:00,0.9614055081,1.0025192233
2025-05-06 12:30:00+00:00,0.9620332678,1.0018892556
2025-05-06 13:00:00+00:00,0.9624574297,1.0014640583
2025-05-06 13:30:00+00:00,0.9631360889,1.0007845072
2025-05-06 14:00:00+00:00,0.9625083292,1.0014130593
2025-05-06 14:30:00+00:00,0.9620841673,1.0018382124
2025-05-06 15:00:00+00:00,0.9626610275,1.0012600942
2025-05-06 15:30:00+00:00,0.9623216979,1.0016000814
2025-05-06 16:00:00+00:00,0.9627797929,1.0011411543
2025-05-06 16:30:00+00:00,0.9627458599,1.0011751342
2025-05-06 17:00:00+00:00,0.9642898095,1.0003615673
2025-05-06 17:30:00+00:00,0.9640777285,1.0005010952
2025-05-07 06:00:00+00:00,0.9641625542,1.0004333942
2025-05-07 06:30:00+00:00,0.9648072293,1.0004015613
2025-05-07 07:00:00+00:00,0.9636027047,1.0004015613
2025-05-07 07:30:00+00:00,0.9638232515,1.0004015613
2025-05-07 08:00:00+00:00,0.9641625542,1.0004015613
2025-05-07 08:30:00+00:00,0.9634839488,1.0004015613
2025-05-07 09:00:00+00:00,0.9634160882,1.0003890054
2025-05-07 09:30:00+00:00,0.9633567103,1.0004058947
2025-05-07 10:00:00+00:00,0.9635602919,1.0001884918
2025-05-07 10:30:00+00:00,0.9640862111,0.9996272986
2025-05-07 11:00:00+00:00,0.9642304147,0.9994735315
2025-05-07 11:30:00+00:00,0.9634160882,1.0003424759
2025-05-07 12:00:00+00:00,0.9640353156,0.9996815805
2025-05-07 12:30:00+00:00,0.9635433267,1.0002066051
2025-05-07 13:00:00+00:00,0.9636536001,1.0000888799
2025-05-07 13:30:00+00:00,0.9641964844,0.9995097078
2025-05-07 14:00:00+00:00,0.9637638735,0.9999711820
2025-05-07 14:30:00+00:00,0.9642304147,0.9994735315
2025-05-07 15:00:00+00:00,0.9622794242,1.0015578716
2025-05-07 15:30:00+00:00,0.9625339013,1.0012855152
2025-05-07 16:00:00+00:00,0.9625339013,1.0012855152
2025-05-07 16:30:00+00:00,0.9626781049,1.0011312446
2025-05-07 17:00:00+00:00,0.9617874353,1.0018241650
2025-05-07 17:30:00+00:00,0.9621012903,1.0015873439
2025-05-08 06:00:00+00:00,0.9605862774,1.0019710309
2025-05-08 06:30:00+00:00,0.9602798703,1.0021491411
2025-05-08 07:00:00+00:00,0.9606713904,1.0016723120
2025-05-08 07:30:00+00:00,0.9615565665,1.0006762494
2025-05-08 08:00:00+00:00,0.9609777976,1.0013273051
2025-05-08 08:30:00+00:00,0.9607479922,1.0015860388
2025-05-08 09:00:00+00:00,0.9608756619,1.0014422820
2025-05-08 09:30:00+00:00,0.9604841417,1.0018832623
2025-05-08 10:00:00+00:00,0.9611905803,1.0010878516
2025-05-08 10:30:00+00:00,0.9607224583,1.0016147950
2025-05-08 11:00:00+00:00,0.9609182184,1.0013943719
2025-05-08 11:30:00+00:00,0.9614374082,1.0008102236
2025-05-08 12:00:00+00:00,0.9623396069,1.0002566929
2025-05-08 12:30:00+00:00,0.9617438154,1.0007475408
2025-05-08 13:00:00+00:00,0.9623481183,1.0000134123
2025-05-08 13:30:00+00:00,0.9623140730,1.0000532477
2025-05-08 14:00:00+00:00,0.9612501595,1.0012996177
2025-05-08 14:30:00+00:00,0.9599309067,1.0024359169
2025-05-08 15:00:00+00:00,0.9595819430,1.0026129596
2025-05-08 15:30:00+00:00,0.9573519801,1.0039270709
2025-05-08 16:00:00+00:00,0.9557007863,1.0049032018
2025-05-08 16:30:00+00:00,0.9554965149,1.0049391143
2025-05-08 17:00:00+00:00,0.9546709180,1.0049132809
2025-05-08 17:30:00+00:00,0.9555475827,1.0042930989
2025-05-09 06:00:00+00:00,0.9554965567,1.0042828081
2025-05-09 06:30:00+00:00,0.9559217737,1.0042560498
2025-05-09 07:00:00+00:00,0.9562619472,1.0042560498
2025-05-09 07:30:00+00:00,0.9568572510,1.0042560498
2025-05-09 08:00:00+00:00,0.9562534429,1.0042560498
2025-05-09 08:30:00+00:00,0.9572994767,1.0042560498
2025-05-09 09:00:00+00:00,0.9568232337,1.0042560498
2025-05-09 09:30:00+00:00,0.9564235297,1.0042560498
2025-05-09 10:00:00+00:00,0.9561258778,1.0042560498
2025-05-09 10:30:00+00:00,0.9563725036,1.0042560498
2025-05-09 11:00:00+00:00,0.9570613551,1.0037524730
2025-05-09 11:30:00+00:00,0.9571123812,1.0036297615
2025-05-09 12:00:00+00:00,0.9570443465,1.0037180004
2025-05-09 12:30:00+00:00,0.9570868681,1.0036628495
2025-05-09 13:00:00+00:00,0.9578097370,1.0027261217
2025-05-09 13:30:00+00:00,0.9574695634,1.0031667377
2025-05-09 14:00:00+00:00,0.9598847959,1.0015488308
2025-05-09 14:30:00+00:00,0.9582519627,1.0014979698
2025-05-09 15:00:00+00:00,0.9580308499,1.0014979698
2025-05-09 15:30:00+00:00,0.9584135452,1.0014979698
2025-05-09 16:00:00+00:00,0.9577502067,1.0014979698
2025-05-09 16:30:00+00:00,0.9574695635,1.0014979698
2025-05-09 17:00:00+00:00,0.9573249897,1.0014979698
2025-05-09 17:30:00+00:00,0.9577757197,1.0014979698
2025-05-12 06:00:00+00:00,0.9582621905,1.0014979698
2025-05-12 06:30:00+00:00,0.9574258021,1.0014979698
2025-05-12 07:00:00+00:00,0.9487034653,1.0014979698
2025-05-12 07:30:00+00:00,0.9477817311,1.0014979698
2025-05-12 08:00:00+00:00,0.9485669121,1.0014979698
2025-05-12 08:30:00+00:00,0.9505469337,1.0014979698
2025-05-12 09:00:00+00:00,0.9507261598,1.0014979698
2025-05-12 09:30:00+00:00,0.9489253642,1.0014979698
2025-05-12 10:00:00+00:00,0.9465356828,1.0014979698
2025-05-12 10:30:00+00:00,0.9456054140,1.0014979698
2025-05-12 11:00:00+00:00,0.9472013798,1.0014979698
2025-05-12 11:30:00+00:00,0.9483023401,1.0014979698
2025-05-12 12:00:00+00:00,0.9476195740,1.0014979698
2025-05-12 12:30:00+00:00,0.9484815661,1.0014979698
2025-05-12 13:00:00+00:00,0.9493520929,1.0014979698
2025-05-12 13:30:00+00:00,0.9489509678,1.0014979698
2025-05-12 14:00:00+00:00,0.9486351885,1.0014979698
2025-05-12 14:30:00+00:00,0.9483194092,1.0014979698
2025-05-12 15:00:00+00:00,0.9488741566,1.0014979698
2025-05-12 15:30:00+00:00,0.9477902655,1.0014979698
2025-05-12 16:00:00+00:00,0.9469965499,1.0014979698
2025-05-12 16:30:00+00:00,0.9460236083,1.0014979698
2025-05-12 17:00:00+00:00,0.9457505018,1.0014979698
2025-05-12 17:30:00+00:00,0.9455627412,1.0014979698
2025-05-13 06:00:00+00:00,0.9451712531,1.0014979698
2025-05-13 06:30:00+00:00,0.9456648684,1.0014979698
2025-05-13 07:00:00+00:00,0.9460052928,1.0014979698
2025-05-13 07:30:00+00:00,0.9460308247,1.0014979698
2025-05-13 08:00:00+00:00,0.9453244441,1.0014979698
2025-05-13 08:30:00+00:00,0.9456989109,1.0014979698
2025-05-13 09:00:00+00:00,0.9455286987,1.0014979698
2025-05-13 09:30:00+00:00,0.9452733804,1.0014979698
2025-05-13 10:00:00+00:00,0.9454776350,1.0014979698
2025-05-13 10:30:00+00:00,0.9451031682,1.0016056465
2025-05-13 11:00:00+00:00,0.9455031669,1.0012637286
2025-05-13 11:30:00+00:00,0.9452818910,1.0014324975
2025-05-13 12:00:00+00:00,0.9458180594,1.0010236745
2025-05-13 12:30:00+00:00,0.9472818842,0.9999095500
2025-05-13 13:00:00+00:00,0.9482350725,0.9991856643
2025-05-13 13:30:00+00:00,0.9477074147,0.9995862320
2025-05-13 14:00:00+00:00,0.9479031588,0.9994375895
2025-05-13 14:30:00+00:00,0.9499031520,0.9986444949
2025-05-13 15:00:00+00:00,0.9507797448,0.9981374383
2025-05-13 15:30:00+00:00,0.9510691055,0.9979069093
2025-05-13 16:00:00+00:00,0.9504308098,0.9983802574
2025-05-13 16:30:00+00:00,0.9511371904,0.9978564508
2025-05-13 17:00:00+00:00,0.9504988947,0.9983297411
2025-05-13 17:30:00+00:00,0.9512478283,0.9977744689
2025-05-14 06:00:00+00:00,0.9519621188,0.9974726696
2025-05-14 06:30:00+00:00,0.9513668767,0.9977853169
2025-05-14 07:00:00+00:00,0.9517580358,0.9976522427
2025-05-14 07:30:00+00:00,0.9536798174,0.9976266470
2025-05-14 08:00:00+00:00,0.9558396957,0.9976266470
2025-05-14 08:30:00+00:00,0.9556781300,0.9976266470
2025-05-14 09:00:00+00:00,0.9570216764,0.9976266470
2025-05-14 09:30:00+00:00,0.9568431038,0.9976266470
2025-05-14 10:00:00+00:00,0.9554825505,0.9976266470
2025-05-14 10:30:00+00:00,0.9550233638,0.9977555857
2025-05-14 11:00:00+00:00,0.9541390042,0.9983494564
2025-05-14 11:30:00+00:00,0.9538839004,0.9985313137
2025-05-14 12:00:00+00:00,0.9544961494,0.9980949934
2025-05-14 12:30:00+00:00,0.9545556736,0.9980525985
2025-05-14 13:00:00+00:00,0.9542070318,0.9983009749
2025-05-14 13:30:00+00:00,0.9541049903,0.9983736993
2025-05-14 14:00:00+00:00,0.9535097483,0.9987981858
2025-05-14 14:30:00+00:00,0.9534077068,0.9988709997
2025-05-14 15:00:00+00:00,0.9530760720,0.9991077352
2025-05-14 15:30:00+00:00,0.9528294717,0.9992838590
2025-05-14 16:00:00+00:00,0.9525403541,0.9994230548
2025-05-14 16:30:00+00:00,0.9514604149,0.9997934947
2025-05-14 17:00:00+00:00,0.9518940913,0.9996383388
2025-05-14 17:30:00+00:00,0.9514859253,0.9997843653
2025-05-15 06:00:00+00:00,0.9527439874,0.9995429348
2025-05-15 06:30:00+00:00,0.9543590670,0.9987830825
2025-05-15 07:00:00+00:00,0.9530330016,0.9997209268
2025-05-15 07:30:00+00:00,0.9518259421,1.0003631192
2025-05-15 08:00:00+00:00,0.9517664392,1.0003656658
2025-05-15 08:30:00+00:00,0.9529139958,0.9999468923
2025-05-15 09:00:00+00:00,0.9525229765,1.0000895091
2025-05-15 09:30:00+00:00,0.9522509631,1.0001887674
2025-05-15 10:00:00+00:00,0.9527099858,1.0000212912
2025-05-15 10:30:00+00:00,0.9520724543,1.0002539264
2025-05-15 11:00:00+00:00,0.9515879304,1.0004308695
2025-05-15 11:30:00+00:00,0.9506018818,1.0007913395
2025-05-15 12:00:00+00:00,0.9515539288,1.0004432911
2025-05-15 12:30:00+00:00,0.9528969951,0.9999530914
2025-05-15 13:00:00+00:00,0.9523699690,1.0001453372
2025-05-15 13:30:00+00:00,0.9521149565,1.0002384108
2025-05-15 14:00:00+00:00,0.9512819154,1.0005426856
2025-05-15 14:30:00+00:00,0.9508908961,1.0006856323
2025-05-15 15:00:00+00:00,0.9504488743,1.0008473196
2025-05-15 15:30:00+00:00,0.9510439037,1.0006296872
2025-05-15 16:00:00+00:00,0.9504318735,1.0008535404
2025-05-15 16:30:00+00:00,0.9504148726,1.0008597613
2025-05-15 17:00:00+00:00,0.9499983521,1.0010122206
2025-05-15 17:30:00+00:00,0.9496073328,1.0011554277
2025-05-16 06:00:00+00:00,0.9497766667,1.0011067918
2025-05-16 06:30:00+00:00,0.9493109986,1.0012947564
2025-05-16 07:00:00+00:00,0.9494718657,1.0011505837
2025-05-16 07:30:00+00:00,0.9490146643,1.0014885818
2025-05-16 08:00:00+00:00,0.9484643293,1.0018957989
2025-05-16 08:30:00+00:00,0.9482018618,1.0020901517
2025-05-16 09:00:00+00:00,0.9489215307,1.0015574672
2025-05-16 09:30:00+00:00,0.9478123939,1.0021572801
2025-05-16 10:00:00+00:00,0.9476938602,1.0021867083
2025-05-16 10:30:00+00:00,0.9482695954,1.0019734496
2025-05-16 11:00:00+00:00,0.9484389292,1.0019107598
2025-05-16 11:30:00+00:00,0.9477954606,1.0021490617
2025-05-16 12:00:00+00:00,0.9479901945,1.0020769210
2025-05-16 12:30:00+00:00,0.9480325280,1.0020612409
2025-05-16 13:00:00+00:00,0.9474313928,1.0022839872
2025-05-16 13:30:00+00:00,0.9483203955,1.0019546411
2025-05-16 14:00:00+00:00,0.9467032572,1.0025540484
2025-05-16 14:30:00+00:00,0.9444341835,1.0033974369
2025-05-16 15:00:00+00:00,0.9434859138,1.0037507089
2025-05-16 15:30:00+00:00,0.9432065130,1.0038548894
2025-05-16 16:00:00+00:00,0.9429863789,1.0039370004
2025-05-16 16:30:00+00:00,0.9436213809,1.0037002121
2025-05-16 17:00:00+00:00,0.9435451807,1.0037286153
2025-05-16 17:30:00+00:00,0.9436129142,1.0037033679
2025-05-19 06:00:00+00:00,0.9449205467,1.0034453660
2025-05-19 06:30:00+00:00,0.9456460718,1.0029189068
2025-05-19 07:00:00+00:00,0.9472489762,1.0010377164
2025-05-19 07:30:00+00:00,0.9480926101,1.0005101684
2025-05-19 08:00:00+00:00,0.9489868620,1.0004631647
2025-05-19 08:30:00+00:00,0.9497039507,1.0004631647
2025-05-19 09:00:00+00:00,0.9503872941,1.0004631647
2025-05-19 09:30:00+00:00,0.9516189996,1.0004631647
2025-05-19 10:00:00+00:00,0.9514080911,1.0004631647
2025-05-19 10:30:00+00:00,0.9514840182,1.0004631647
2025-05-19 11:00:00+00:00,0.9506825660,1.0004631647
2025-05-19 11:30:00+00:00,0.9510368922,1.0004631647
2025-05-19 12:00:00+00:00,0.9502691854,1.0004631647
2025-05-19 12:30:00+00:00,0.9496786417,1.0004631647
2025-05-19 13:00:00+00:00,0.9498979865,1.0004631647
2025-05-19 13:30:00+00:00,0.9492146430,1.0004631647
2025-05-19 14:00:00+00:00,0.9485819176,1.0004631647
2025-05-19 14:30:00+00:00,0.9494002425,1.0004631647
2025-05-19 15:00:00+00:00,0.9494424241,1.0004631647
2025-05-19 15:30:00+00:00,0.9479323196,1.0004631647
2025-05-19 16:00:00+00:00,0.9480251193,1.0004631647
2025-05-19 16:30:00+00:00,0.9478563925,1.0004631647
2025-05-19 17:00:00+00:00,0.9472489761,1.0004631647
2025-05-19 17:30:00+00:00,0.9474261393,1.0004631647
2025-05-20 06:00:00+00:00,0.9473587943,1.0004631647
2025-05-20 06:30:00+00:00,0.9476871011,1.0004631647
2025-05-20 07:00:00+00:00,0.9488067116,1.0004631647
2025-05-20 07:30:00+00:00,0.9492528721,1.0004631647
2025-05-20 08:00:00+00:00,0.9479817354,1.0004631647
2025-05-20 08:30:00+00:00,0.9477544461,1.0004631647
2025-05-20 09:00:00+00:00,0.9479648992,1.0004631647
2025-05-20 09:30:00+00:00,0.9474934842,1.0004631647
2025-05-20 10:00:00+00:00,0.9467611075,1.0004631647
2025-05-20 10:30:00+00:00,0.9465759088,1.0004631647
2025-05-20 11:00:00+00:00,0.9469547243,1.0001736761
2025-05-20 11:30:00+00:00,0.9467105987,1.0004238522
2025-05-20 12:00:00+00:00,0.9451785003,1.0018298137
2025-05-20 12:30:00+00:00,0.9457256783,1.0014600754
2025-05-20 13:00:00+00:00,0.9456078246,1.0015336047
2025-05-20 13:30:00+00:00,0.9466853444,1.0008618784
2025-05-20 14:00:00+00:00,0.9481669342,1.0003741277
2025-05-20 14:30:00+00:00,0.9486046766,1.0000143273
2025-05-20 15:00:00+00:00,0.9478807180,1.0008323819
2025-05-20 15:30:00+00:00,0.9472998675,1.0013213086
2025-05-20 16:00:00+00:00,0.9468368707,1.0014901235
2025-05-20 16:30:00+00:00,0.9476197562,1.0014518967
2025-05-20 17:00:00+00:00,0.9484531504,1.0014518967
2025-05-20 17:30:00+00:00,0.9490424191,1.0010598964
2025-05-21 06:00:00+00:00,0.9502484030,1.0006844440
2025-05-21 06:30:00+00:00,0.9491094182,1.0006605877
2025-05-21 07:00:00+00:00,0.9486404244,1.0006605877
2025-05-21 07:30:00+00:00,0.9483305535,1.0006605877
2025-05-21 08:00:00+00:00,0.9483054288,1.0006605877
2025-05-21 08:30:00+00:00,0.9482719293,1.0006605877
2025-05-21 09:00:00+00:00,0.9478531848,1.0006605877
2025-05-21 09:30:00+00:00,0.9492769159,1.0006605877
2025-05-21 10:00:00+00:00,0.9513706381,1.0006605877
2025-05-21 10:30:00+00:00,0.9496119114,1.0006605877
2025-05-21 11:00:00+00:00,0.9495784118,1.0006605877
2025-05-21 11:30:00+00:00,0.9483640530,1.0006605877
2025-05-21 12:00:00+00:00,0.9483054288,1.0006605877
2025-05-21 12:30:00+00:00,0.9492852908,1.0006605877
2025-05-21 13:00:00+00:00,0.9489502952,1.0006605877
2025-05-21 13:30:00+00:00,0.9494527886,1.0003226145
2025-05-21 14:00:00+00:00,0.9493941643,1.0003405605
2025-05-21 14:30:00+00:00,0.9497794092,0.9998983842
2025-05-21 15:00:00+00:00,0.9496621608,1.0000329199
2025-05-21 15:30:00+00:00,0.9499469070,0.9997062505
2025-05-21 16:00:00+00:00,0.9498129088,0.9998599518
2025-05-21 16:30:00+00:00,0.9497542846,0.9999272104
2025-05-21 17:00:00+00:00,0.9510775170,0.9984111978
2025-05-21 17:30:00+00:00,0.9503991510,0.9991878431
2025-05-22 06:00:00+00:00,0.9504830078,0.9990928963
2025-05-22 06:30:00+00:00,0.9494767264,0.9999293863
2025-05-22 07:00:00+00:00,0.9493760983,1.0000159801
2025-05-22 07:30:00+00:00,0.9493760983,1.0000159801
2025-05-22 08:00:00+00:00,0.9496444400,0.9997111648
2025-05-22 08:30:00+00:00,0.9477325056,1.0013191930
2025-05-22 09:00:00+00:00,0.9470784228,1.0016699779
2025-05-22 09:30:00+00:00,0.9471203512,1.0016460608
2025-05-22 10:00:00+00:00,0.9471790509,1.0016125795
2025-05-22 10:30:00+00:00,0.9469274806,1.0017560932
2025-05-22 11:00:00+00:00,0.9483362743,1.0009531715
2025-05-22 11:30:00+00:00,0.9483195030,1.0009627193
2025-05-22 12:00:00+00:00,0.9484369025,1.0008958902
2025-05-22 12:30:00+00:00,0.9471706651,1.0016173624
2025-05-22 13:00:00+00:00,0.9473467644,1.0015169363
2025-05-22 13:30:00+00:00,0.9461727695,1.0021869867
2025-05-22 14:00:00+00:00,0.9467429956,1.0018613739
2025-05-22 14:30:00+00:00,0.9456696288,1.0024745431
2025-05-22 15:00:00+00:00,0.9465249679,1.0019858373
2025-05-22 15:30:00+00:00,0.9459295848,1.0023259429
2025-05-22 16:00:00+00:00,0.9461811551,1.0021821961
2025-05-22 16:30:00+00:00,0.9450323173,1.0028391194
2025-05-22 17:00:00+00:00,0.9441350498,1.0033530465
2025-05-22 17:30:00+00:00,0.9448981465,1.0029159205
2025-05-23 06:00:00+00:00,0.9440803130,1.0031244074
2025-05-23 06:30:00+00:00,0.9440302415,1.0031233679
2025-05-23 07:00:00+00:00,0.9457910872,1.0010624098
2025-05-23 07:30:00+00:00,0.9463168373,1.0004596191
2025-05-23 08:00:00+00:00,0.9459997182,1.0008231236
2025-05-23 08:30:00+00:00,0.9465171231,1.0004727337
2025-05-23 09:00:00+00:00,0.9469010041,1.0001180836
2025-05-23 09:30:00+00:00,0.9471179804,0.9998420974
2025-05-23 10:00:00+00:00,0.9469761113,1.0000061639
2025-05-23 10:30:00+00:00,0.9470845994,0.9998962865
2025-05-23 11:00:00+00:00,0.9477188376,0.9998443495
2025-05-23 11:30:00+00:00,0.9448146940,0.9998443495
2025-05-23 12:00:00+00:00,0.9451735394,0.9998443495
2025-05-23 12:30:00+00:00,0.9458077776,0.9998443495
2025-05-23 13:00:00+00:00,0.9449732536,0.9998443495
2025-05-23 13:30:00+00:00,0.9442555629,0.9998443495
2025-05-23 14:00:00+00:00,0.9459329562,0.9998443495
2025-05-23 14:30:00+00:00,0.9467758254,0.9998443495
2025-05-23 15:00:00+00:00,0.9458828847,0.9998443495
2025-05-23 15:30:00+00:00,0.9471513612,0.9998443495
2025-05-23 16:00:00+00:00,0.9472598494,0.9998443495
2025-05-23 16:30:00+00:00,0.9478857424,0.9998443495
2025-05-23 17:00:00+00:00,0.9476353852,0.9998443495
2025-05-23 17:30:00+00:00,0.9480776829,0.9998443495
2025-05-26 06:00:00+00:00,0.9477870373,0.9998443495
2025-05-26 06:30:00+00:00,0.9474216542,0.9998443495
2025-05-26 07:00:00+00:00,0.9463421134,1.0003787810
2025-05-26 07:30:00+00:00,0.9457608221,1.0009585173
2025-05-26 08:00:00+00:00,0.9458272554,1.0008815569
2025-05-26 08:30:00+00:00,0.9453954391,1.0008357636
2025-05-26 09:00:00+00:00,0.9450715768,1.0008357636
2025-05-26 09:30:00+00:00,0.9449470144,1.0008357636
2025-05-26 10:00:00+00:00,0.9450632727,1.0008357636
2025-05-26 10:30:00+00:00,0.9453622224,1.0008357636
2025-05-26 11:00:00+00:00,0.9449802311,1.0008357636
2025-05-26 11:30:00+00:00,0.9447726271,1.0008357636
2025-05-26 12:00:00+00:00,0.9441498150,1.0008357636
2025-05-26 12:30:00+00:00,0.9446231522,1.0008357636
2025-05-26 13:00:00+00:00,0.9450051435,1.0008357636
2025-05-26 13:30:00+00:00,0.9451629226,1.0008357636
2025-05-26 14:00:00+00:00,0.9453123975,1.0008357636
2025-05-26 14:30:00+00:00,0.9453788308,1.0008357636
2025-05-26 15:00:00+00:00,0.9450715768,1.0008357636
2025-05-26 15:30:00+00:00,0.9451297060,1.0008357636
2025-05-26 16:00:00+00:00,0.9451130976,1.0008357636
2025-05-26 16:30:00+00:00,0.9452957892,1.0008357636
2025-05-26 17:00:00+00:00,0.9450217519,1.0008357636
2025-05-26 17:30:00+00:00,0.9450798810,1.0008357636
2025-05-27 06:00:00+00:00,0.9457360307,1.0008357636
2025-05-27 06:30:00+00:00,0.9439503068,1.0018172388
2025-05-27 07:00:00+00:00,0.9424635877,1.0026776971
2025-05-27 07:30:00+00:00,0.9419486348,1.0029762220
2025-05-27 08:00:00+00:00,0.9423971422,1.0027162023
2025-05-27 08:30:00+00:00,0.9425964788,1.0026006993
2025-05-27 09:00:00+00:00,0.9426795357,1.0025525842
2025-05-27 09:30:00+00:00,0.9425798674,1.0026103231
2025-05-27 10:00:00+00:00,0.9425632560,1.0026199472
2025-05-27 10:30:00+00:00,0.9421894999,1.0028365580
2025-05-27 11:00:00+00:00,0.9423223910,1.0027595256
2025-05-27 11:30:00+00:00,0.9427958154,1.0024852341
2025-05-27 12:00:00+00:00,0.9437758871,1.0019180780
2025-05-27 12:30:00+00:00,0.9440915035,1.0018045908
2025-05-27 13:00:00+00:00,0.9442410059,1.0016491500
2025-05-27 13:30:00+00:00,0.9434104367,1.0026272057
2025-05-27 14:00:00+00:00,0.9426795357,1.0032872570
2025-05-27 14:30:00+00:00,0.9419652461,1.0037068760
2025-05-27 15:00:00+00:00,0.9417326867,1.0038522875
2025-05-27 15:30:00+00:00,0.9406612523,1.0045229557
2025-05-27 16:00:00+00:00,0.9413007907,1.0041224886
2025-05-27 16:30:00+00:00,0.9411845110,1.0041952687
2025-05-27 17:00:00+00:00,0.9413090964,1.0041172906
2025-05-27 17:30:00+00:00,0.9412758736,1.0041380831
2025-05-28 06:00:00+00:00,0.9413091495,1.0041022555
2025-05-28 06:30:00+00:00,0.9404106998,1.0047642163
2025-05-28 07:00:00+00:00,0.9414755292,1.0033911153
2025-05-28 07:30:00+00:00,0.9422741512,1.0028406921
2025-05-28 08:00:00+00:00,0.9417916504,1.0032615581
2025-05-28 08:30:00+00:00,0.9427233762,1.0020938501
2025-05-28 09:00:00+00:00,0.9431143682,1.0016158171
2025-05-28 09:30:00+00:00,0.9428315229,1.0019615855
2025-05-28 10:00:00+00:00,0.9432225149,1.0014836704
2025-05-28 10:30:00+00:00,0.9421909615,1.0027454747
2025-05-28 11:00:00+00:00,0.9419829870,1.0030002308
2025-05-28 11:30:00+00:00,0.9415254431,1.0035611200
2025-05-28 12:00:00+00:00,0.9411261321,1.0040511026
2025-05-28 12:30:00+00:00,0.9409763905,1.0042349614
2025-05-28 13:00:00+00:00,0.9399531560,1.0051520979
2025-05-28 13:30:00+00:00,0.9407767350,1.0046220671
2025-05-28 14:00:00+00:00,0.9417666936,1.0042919668
2025-05-28 14:30:00+00:00,0.9402443203,1.0054445628
2025-05-28 15:00:00+00:00,0.9396952677,1.0060978426
2025-05-28 15:30:00+00:00,0.9387635420,1.0069516147
2025-05-28 16:00:00+00:00,0.9396619918,1.0063575942
2025-05-28 16:30:00+00:00,0.9395455261,1.0064310574
2025-05-28 17:00:00+00:00,0.9398283714,1.0062526719
2025-05-28 17:30:00+00:00,0.9393458706,1.0065570280
2025-05-29 06:00:00+00:00,0.9415931895,1.0058220971
2025-05-29 06:30:00+00:00,0.9416516699,1.0057938394
2025-05-29 07:00:00+00:00,0.9421529306,1.0057938394
2025-05-29 07:30:00+00:00,0.9420192611,1.0057938394
2025-05-29 08:00:00+00:00,0.9410250940,1.0057938394
2025-05-29 08:30:00+00:00,0.9417017960,1.0057938394
2025-05-29 09:00:00+00:00,0.9421362219,1.0057938394
2025-05-29 09:30:00+00:00,0.9422030567,1.0057938394
2025-05-29 10:00:00+00:00,0.9431470977,1.0057938394
2025-05-29 10:30:00+00:00,0.9429131760,1.0057938394
2025-05-29 11:00:00+00:00,0.9428379869,1.0057938394
2025-05-29 11:30:00+00:00,0.9416266068,1.0057938394
2025-05-29 12:00:00+00:00,0.9436567128,1.0057938394
2025-05-29 12:30:00+00:00,0.9481680593,1.0057938394
2025-05-29 13:00:00+00:00,0.9486191939,1.0057938394
2025-05-29 13:30:00+00:00,0.9483435005,1.0057938394
2025-05-29 14:00:00+00:00,0.9481597049,1.0057938394
2025-05-29 14:30:00+00:00,0.9482181854,1.0057938394
2025-05-29 15:00:00+00:00,0.9492541241,1.0057938394
2025-05-29 15:30:00+00:00,0.9498723456,1.0057938394
2025-05-29 16:00:00+00:00,0.9498723456,1.0057938394
2025-05-29 16:30:00+00:00,0.9500143695,1.0057938394
2025-05-29 17:00:00+00:00,0.9493042502,1.0057938394
2025-05-29 17:30:00+00:00,0.9504905672,1.0057938394
2025-05-30 06:00:00+00:00,0.9497034600,1.0057938394
2025-05-30 06:30:00+00:00,0.9500970136,1.0057938394
2025-05-30 07:00:00+00:00,0.9489749672,1.0057938394
2025-05-30 07:30:00+00:00,0.9493685208,1.0057938394
2025-05-30 08:00:00+00:00,0.9494187617,1.0057938394
2025-05-30 08:30:00+00:00,0.9482129804,1.0057938394
2025-05-30 09:00:00+00:00,0.9485981605,1.0057938394
2025-05-30 09:30:00+00:00,0.9483469561,1.0057938394
2025-05-30 10:00:00+00:00,0.9486149075,1.0057938394
2025-05-30 10:30:00+00:00,0.9485144257,1.0057938394
2025-05-30 11:00:00+00:00,0.9488828589,1.0057938394
2025-05-30 11:30:00+00:00,0.9493936412,1.0057938394
2025-05-30 12:00:00+00:00,0.9504989407,1.0057938394
2025-05-30 12:30:00+00:00,0.9500635197,1.0057938394
2025-05-30 13:00:00+00:00,0.9487321362,1.0057938394
2025-05-30 13:30:00+00:00,0.9476770776,1.0057938394
2025-05-30 14:00:00+00:00,0.9487153892,1.0057938394
2025-05-30 14:30:00+00:00,0.9505743019,1.0057938394
2025-05-30 15:00:00+00:00,0.9503649649,1.0057938394
2025-05-30 15:30:00+00:00,0.9500970135,1.0057938394
2025-05-30 16:00:00+00:00,0.9503314710,1.0057938394
2025-05-30 16:30:00+00:00,0.9504235793,1.0057938394
2025-05-30 17:00:00+00:00,0.9511939395,1.0053566160
2025-05-30 17:30:00+00:00,0.9510013495,1.0055092931
2025-06-02 06:00:00+00:00,0.9519457069,1.0046897782
2025-06-02 06:30:00+00:00,0.9528232072,1.0043087442
2025-06-02 07:00:00+00:00,0.9541352790,1.0042748227
2025-06-02 07:30:00+00:00,0.9547035648,1.0042748227
2025-06-02 08:00:00+00:00,0.9540015646,1.0042748227
2025-06-02 08:30:00+00:00,0.9544027076,1.0042748227
2025-06-02 09:00:00+00:00,0.9554557079,1.0042748227
2025-06-02 09:30:00+00:00,0.9546701362,1.0042748227
2025-06-02 10:00:00+00:00,0.9545029933,1.0042748227
2025-06-02 10:30:00+00:00,0.9539932075,1.0042748227
2025-06-02 11:00:00+00:00,0.9546283505,1.0042748227
2025-06-02 11:30:00+00:00,0.9539012789,1.0042748227
2025-06-02 12:00:00+00:00,0.9544528504,1.0042748227
2025-06-02 12:30:00+00:00,0.9542522789,1.0042748227
2025-06-02 13:00:00+00:00,0.9534750644,1.0042748227
2025-06-02 13:30:00+00:00,0.9543525647,1.0042748227
2025-06-02 14:00:00+00:00,0.9563332082,1.0042748227
2025-06-02 14:30:00+00:00,0.9556312080,1.0042748227
2025-06-02 15:00:00+00:00,0.9554891365,1.0042748227
2025-06-02 15:30:00+00:00,0.9552718508,1.0042748227
2025-06-02 16:00:00+00:00,0.9545197077,1.0042748227
2025-06-02 16:30:00+00:00,0.9542689933,1.0042748227
2025-06-02 17:00:00+00:00,0.9542355648,1.0042748227
2025-06-02 17:30:00+00:00,0.9546032792,1.0042748227
2025-06-03 06:00:00+00:00,0.9551966624,1.0042748227
2025-06-03 06:30:00+00:00,0.9551715899,1.0042748227
2025-06-03 07:00:00+00:00,0.9552133775,1.0042748227
2025-06-03 07:30:00+00:00,0.9540934710,1.0042748227
2025-06-03 08:00:00+00:00,0.9536505229,1.0042748227
2025-06-03 08:30:00+00:00,0.9537424556,1.0042748227
2025-06-03 09:00:00+00:00,0.9539597508,1.0042748227
2025-06-03 09:30:00+00:00,0.9537591706,1.0042748227
2025-06-03 10:00:00+00:00,0.9529401345,1.0042748227
2025-06-03 10:30:00+00:00,0.9525724040,1.0042748227
2025-06-03 11:00:00+00:00,0.9516530778,1.0048018099
2025-06-03 11:30:00+00:00,0.9519706632,1.0043483391
2025-06-03 12:00:00+00:00,0.9515277151,1.0049087914
2025-06-03 12:30:00+00:00,0.9512519172,1.0052580421
2025-06-03 13:00:00+00:00,0.9513438498,1.0051416005
2025-06-03 13:30:00+00:00,0.9517784404,1.0045914838
2025-06-03 14:00:00+00:00,0.9516196477,1.0047924239
2025-06-03 14:30:00+00:00,0.9520709533,1.0042215238
2025-06-03 15:00:00+00:00,0.9509594043,1.0056287029
2025-06-03 15:30:00+00:00,0.9504412386,1.0060969855
2025-06-03 16:00:00+00:00,0.9508507567,1.0058113643
2025-06-03 16:30:00+00:00,0.9505331713,1.0060127615
2025-06-03 17:00:00+00:00,0.9509176168,1.0057689785
2025-06-03 17:30:00+00:00,0.9509259743,1.0057636807
2025-06-04 06:00:00+00:00,0.9517796033,1.0054647337
2025-06-04 06:30:00+00:00,0.9521980489,1.0050605843
2025-06-04 07:00:00+00:00,0.9535705504,1.0031178491
2025-06-04 07:30:00+00:00,0.9529428820,1.0039845327
2025-06-04 08:00:00+00:00,0.9532441628,1.0035683600
2025-06-04 08:30:00+00:00,0.9540141027,1.0029778163
2025-06-04 09:00:00+00:00,0.9531939494,1.0037854280
2025-06-04 09:30:00+00:00,0.9526248634,1.0045216966
2025-06-04 10:00:00+00:00,0.9522482623,1.0048753410
2025-06-04 10:30:00+00:00,0.9525662810,1.0046340444
2025-06-04 11:00:00+00:00,0.9526499701,1.0045778017
2025-06-04 11:30:00+00:00,0.9523319515,1.0047915668
2025-06-04 12:00:00+00:00,0.9541396365,1.0041543637
2025-06-04 12:30:00+00:00,0.9548593629,1.0035160918
2025-06-04 13:00:00+00:00,0.9541731121,1.0043789050
2025-06-04 13:30:00+00:00,0.9540726852,1.0045111656
2025-06-04 14:00:00+00:00,0.9554200800,1.0027392748
2025-06-04 14:30:00+00:00,0.9567842126,1.0017911439
2025-06-04 15:00:00+00:00,0.9561146996,1.0024106556
2025-06-04 15:30:00+00:00,0.9560226416,1.0025037877
2025-06-04 16:00:00+00:00,0.9563992426,1.0020251005
2025-06-04 16:30:00+00:00,0.9568176882,1.0014937148
2025-06-04 17:00:00+00:00,0.9561314375,1.0023654575
2025-06-04 17:30:00+00:00,0.9561398064,1.0023548181
2025-06-05 06:00:00+00:00,0.9568523239,1.0018501210
2025-06-05 06:30:00+00:00,0.9563829006,1.0022769914
2025-06-05 07:00:00+00:00,0.9574558682,1.0008469151
2025-06-05 07:30:00+00:00,0.9566176123,1.0013376491
2025-06-05 08:00:00+00:00,0.9568690891,1.0012759066
2025-06-05 08:30:00+00:00,0.9567014379,1.0012759066
2025-06-05 09:00:00+00:00,0.9572379217,1.0008706957
2025-06-05 09:30:00+00:00,0.9571876263,1.0008801157
2025-06-05 10:00:00+00:00,0.9580845601,0.9997065464
2025-06-05 10:30:00+00:00,0.9576235194,1.0003094737
2025-06-05 11:00:00+00:00,0.9574810159,1.0004959653
2025-06-05 11:30:00+00:00,0.9577911706,1.0000901518
2025-06-05 12:00:00+00:00,0.9582102985,0.9995422251
2025-06-05 12:30:00+00:00,0.9580929427,0.9996955902
2025-06-05 13:00:00+00:00,0.9632398340,0.9962880358
2025-06-05 13:30:00+00:00,0.9623680479,0.9962347938
2025-06-05 14:00:00+00:00,0.9615800874,0.9962347938
2025-06-05 14:30:00+00:00,0.9604568245,0.9962347938
2025-06-05 15:00:00+00:00,0.9597191593,0.9962347938
2025-06-05 15:30:00+00:00,0.9589144337,0.9962347938
2025-06-05 16:00:00+00:00,0.9591491453,0.9962347938
2025-06-05 16:30:00+00:00,0.9596353337,0.9962347938
2025-06-05 17:00:00+00:00,0.9589395813,0.9962347938
2025-06-05 17:30:00+00:00,0.9592162058,0.9962347938
2025-06-06 06:00:00+00:00,0.9588135967,0.9962347938
2025-06-06 06:30:00+00:00,0.9591658797,0.9962347938
2025-06-06 07:00:00+00:00,0.9581090307,0.9962347938
2025-06-06 07:30:00+00:00,0.9584697014,0.9962347938
2025-06-06 08:00:00+00:00,0.9583271107,0.9962347938
2025-06-06 08:30:00+00:00,0.9574296279,0.9962347938
2025-06-06 09:00:00+00:00,0.9574044648,0.9962347938
2025-06-06 09:30:00+00:00,0.9578238493,0.9962347938
2025-06-06 10:00:00+00:00,0.9578574000,0.9962347938
2025-06-06 10:30:00+00:00,0.9581090307,0.9962347938
2025-06-06 11:00:00+00:00,0.9579412769,0.9962347938
2025-06-06 11:30:00+00:00,0.9576980339,0.9962347938
2025-06-06 12:00:00+00:00,0.9569850803,0.9962347938
2025-06-06 12:30:00+00:00,0.9559282314,0.9962347938
2025-06-06 13:00:00+00:00,0.9542506935,0.9962347938
2025-06-06 13:30:00+00:00,0.9554165823,0.9962347938
2025-06-06 14:00:00+00:00,0.9573625263,0.9962347938
2025-06-06 14:30:00+00:00,0.9553243177,0.9962347938
2025-06-06 15:00:00+00:00,0.9556094992,0.9962347938
2025-06-06 15:30:00+00:00,0.9559114560,0.9962347938
2025-06-06 16:00:00+00:00,0.9558191914,0.9962347938
2025-06-06 16:30:00+00:00,0.9551230132,0.9962347938
2025-06-06 17:00:00+00:00,0.9556346622,0.9962347938
2025-06-06 17:30:00+00:00,0.9556262746,0.9962347938
2025-06-09 06:00:00+00:00,0.9555928084,0.9962347938
2025-06-09 06:30:00+00:00,0.9560864343,0.9962347938
2025-06-09 07:00:00+00:00,0.9558940039,0.9962347938
2025-06-09 07:30:00+00:00,0.9556681073,0.9962347938
2025-06-09 08:00:00+00:00,0.9561282670,0.9962347938
2025-06-09 08:30:00+00:00,0.9561617332,0.9962347938
2025-06-09 09:00:00+00:00,0.9567139248,0.9962347938
2025-06-09 09:30:00+00:00,0.9559776693,0.9962347938
2025-06-09 10:00:00+00:00,0.9558270715,0.9962347938
2025-06-09 10:30:00+00:00,0.9554254776,0.9962347938
2025-06-09 11:00:00+00:00,0.9551159156,0.9962347938
2025-06-09 11:30:00+00:00,0.9552581468,0.9962347938
2025-06-09 12:00:00+00:00,0.9545386243,0.9962347938
2025-06-09 12:30:00+00:00,0.9538191018,0.9962347938
2025-06-09 13:00:00+00:00,0.9534007747,0.9962347938
2025-06-09 13:30:00+00:00,0.9539529664,0.9962347938
2025-06-09 14:00:00+00:00,0.9541202973,0.9962347938
2025-06-09 14:30:00+00:00,0.9544465924,0.9962347938
2025-06-09 15:00:00+00:00,0.9553585453,0.9962347938
2025-06-09 15:30:00+00:00,0.9558270716,0.9962347938
2025-06-09 16:00:00+00:00,0.9556681073,0.9962347938
2025-06-09 16:30:00+00:00,0.9558438046,0.9962347938
2025-06-09 17:00:00+00:00,0.9557936054,0.9962347938
2025-06-09 17:30:00+00:00,0.9556430077,0.9962347938
2025-06-10 06:00:00+00:00,0.9558105879,0.9962347938
2025-06-10 06:30:00+00:00,0.9547380744,0.9962347938
2025-06-10 07:00:00+00:00,0.9544867041,0.9962347938
2025-06-10 07:30:00+00:00,0.9545537362,0.9961557694
2025-06-10 08:00:00+00:00,0.9552324361,0.9953906167
2025-06-10 08:30:00+00:00,0.9558943780,0.9946898800
2025-06-10 09:00:00+00:00,0.9557770718,0.9948139899
2025-06-10 09:30:00+00:00,0.9565982150,0.9939458656
2025-06-10 10:00:00+00:00,0.9570255446,0.9934946809
2025-06-10 10:30:00+00:00,0.9571847458,0.9933266963
2025-06-10 11:00:00+00:00,0.9574863902,0.9930085642
2025-06-10 11:30:00+00:00,0.9576623494,0.9928703980
2025-06-10 12:00:00+00:00,0.9574863902,0.9929880272
2025-06-10 12:30:00+00:00,0.9579053407,0.9925111843
2025-06-10 13:00:00+00:00,0.9590281282,0.9912992550
2025-06-10 13:30:00+00:00,0.9587935159,0.9915522544
2025-06-10 14:00:00+00:00,0.9579053407,0.9925111844
2025-06-10 14:30:00+00:00,0.9573690840,0.9930910409
2025-06-10 15:00:00+00:00,0.9567490371,0.9937623278
2025-06-10 15:30:00+00:00,0.9571093346,0.9933721475
2025-06-10 16:00:00+00:00,0.9567993112,0.9937078660
2025-06-10 16:30:00+00:00,0.9571847457,0.9932905199
2025-06-10 17:00:00+00:00,0.9568663433,0.9936352594
2025-06-10 17:30:00+00:00,0.9571344717,0.9933449368
2025-06-11 06:00:00+00:00,0.9561121786,0.9938542499
2025-06-11 06:30:00+00:00,0.9560954197,0.9938451094
2025-06-11 07:00:00+00:00,0.9563049060,0.9935904320
2025-06-11 07:30:00+00:00,0.9568914676,0.9929453003
2025-06-11 08:00:00+00:00,0.9576372388,0.9921262363
2025-06-11 08:30:00+00:00,0.9578383456,0.9919055899
2025-06-11 09:00:00+00:00,0.9586595319,0.9914059821
2025-06-11 09:30:00+00:00,0.9581819031,0.9917755434
2025-06-11 10:00:00+00:00,0.9582656976,0.9916619741
2025-06-11 10:30:00+00:00,0.9584751839,0.9914317459
2025-06-11 11:00:00+00:00,0.9577796894,0.9921965034
2025-06-11 11:30:00+00:00,0.9580059346,0.9919476012
2025-06-11 12:00:00+00:00,0.9581232470,0.9918185886
2025-06-11 12:30:00+00:00,0.9603354221,0.9893918630
2025-06-11 13:00:00+00:00,0.9602013509,0.9894203278
2025-06-11 13:30:00+00:00,0.9611566084,0.9884810175
2025-06-11 14:00:00+00:00,0.9612236440,0.9884083726
2025-06-11 14:30:00+00:00,0.9621118658,0.9883714943
2025-06-11 15:00:00+00:00,0.9625811151,0.9883714943
2025-06-11 15:30:00+00:00,0.9627487041,0.9883714943
2025-06-11 16:00:00+00:00,0.9627403247,0.9883714943
2025-06-11 16:30:00+00:00,0.9627654631,0.9883714943
2025-06-11 17:00:00+00:00,0.9632347123,0.9883714943
2025-06-11 17:30:00+00:00,0.9634274397,0.9883714943
2025-06-12 06:00:00+00:00,0.9627421426,0.9883714943
2025-06-12 06:30:00+00:00,0.9629427174,0.9883714943
2025-06-12 07:00:00+00:00,0.9622323485,0.9883714943
2025-06-12 07:30:00+00:00,0.9632937232,0.9883714943
2025-06-12 08:00:00+00:00,0.9640625932,0.9883714943
2025-06-12 08:30:00+00:00,0.9647813194,0.9883714943
2025-06-12 09:00:00+00:00,0.9659095525,0.9883714943
2025-06-12 09:30:00+00:00,0.9671046437,0.9883714943
2025-06-12 10:00:00+00:00,0.9686340263,0.9883714943
2025-06-12 10:30:00+00:00,0.9688513156,0.9883714943
2025-06-12 11:00:00+00:00,0.9689014593,0.9883714943
2025-06-12 11:30:00+00:00,0.9685755253,0.9883714943
2025-06-12 12:00:00+00:00,0.9693109662,0.9883714943
2025-06-12 12:30:00+00:00,0.9702636963,0.9883714943
2025-06-12 13:00:00+00:00,0.9686423836,0.9893966575
2025-06-12 13:30:00+00:00,0.9681910903,0.9895170332
2025-06-12 14:00:00+00:00,0.9679069428,0.9894882576
2025-06-12 14:30:00+00:00,0.9679403719,0.9894882576
2025-06-12 15:00:00+00:00,0.9671715020,0.9894882576
2025-06-12 15:30:00+00:00,0.9675225078,0.9894882576
2025-06-12 16:00:00+00:00,0.9672885039,0.9894882576
2025-06-12 16:30:00+00:00,0.9674556496,0.9894882576
2025-06-12 17:00:00+00:00,0.9668706398,0.9894882576
2025-06-12 17:30:00+00:00,0.9673553622,0.9894882576
2025-06-13 06:00:00+00:00,0.9674392655,0.9894882576
2025-06-13 06:30:00+00:00,0.9684461058,0.9894882576
2025-06-13 07:00:00+00:00,0.9689159646,0.9894882576
2025-06-13 07:30:00+00:00,0.9678755630,0.9894882576
2025-06-13 08:00:00+00:00,0.9686223029,0.9894882576
2025-06-13 08:30:00+00:00,0.9672966298,0.9894882576
2025-06-13 09:00:00+00:00,0.9673889235,0.9894882576
2025-06-13 09:30:00+00:00,0.9668687227,0.9894882576
2025-06-13 10:00:00+00:00,0.9662226668,0.9894882576
2025-06-13 10:30:00+00:00,0.9653081202,0.9894882576
2025-06-13 11:00:00+00:00,0.9647627484,0.9894882576
2025-06-13 11:30:00+00:00,0.9657444176,0.9894882576
2025-06-13 12:00:00+00:00,0.9661807151,0.9894882576
2025-06-13 12:30:00+00:00,0.9662478378,0.9894882576
2025-06-13 13:00:00+00:00,0.9654088043,0.9894882576
2025-06-13 13:30:00+00:00,0.9668687226,0.9894882576
2025-06-13 14:00:00+00:00,0.9687062062,0.9894882576
2025-06-13 14:30:00+00:00,0.9686306932,0.9894882576
2025-06-13 15:00:00+00:00,0.9702332473,0.9894882576
2025-06-13 15:30:00+00:00,0.9696039721,0.9894882576
2025-06-13 16:00:00+00:00,0.9700906115,0.9894882576
2025-06-13 16:30:00+00:00,0.9694613364,0.9894882576
2025-06-13 17:00:00+00:00,0.9686978158,0.9894882576
2025-06-13 17:30:00+00:00,0.9690166486,0.9894882576
2025-06-16 06:00:00+00:00,0.9678260250,0.9894882576
2025-06-16 06:30:00+00:00,0.9704168889,0.9894882576
2025-06-16 07:00:00+00:00,0.9710960474,0.9894882576
2025-06-16 07:30:00+00:00,0.9708445072,0.9894882576
2025-06-16 08:00:00+00:00,0.9709283540,0.9894882576
2025-06-16 08:30:00+00:00,0.9708361226,0.9894882576
2025-06-16 09:00:00+00:00,0.9708277379,0.9894882576
2025-06-16 09:30:00+00:00,0.9712972796,0.9894882576
2025-06-16 10:00:00+00:00,0.9707271218,0.9894882576
2025-06-16 10:30:00+00:00,0.9705510437,0.9894882576
2025-06-16 11:00:00+00:00,0.9707941992,0.9894882576
2025-06-16 11:30:00+00:00,0.9703581962,0.9894882576
2025-06-16 12:00:00+00:00,0.9702575801,0.9894882576
2025-06-16 12:30:00+00:00,0.9712972796,0.9894882576
2025-06-16 13:00:00+00:00,0.9722531323,0.9894882576
2025-06-16 13:30:00+00:00,0.9727310587,0.9894882576
2025-06-16 14:00:00+00:00,0.9732425238,0.9894882576
2025-06-16 14:30:00+00:00,0.9719009761,0.9894882576
2025-06-16 15:00:00+00:00,0.9717332827,0.9894882576
2025-06-16 15:30:00+00:00,0.9709535081,0.9894882576
2025-06-16 16:00:00+00:00,0.9712134329,0.9894882576
2025-06-16 16:30:00+00:00,0.9712805103,0.9894882576
2025-06-16 17:00:00+00:00,0.9707774299,0.9894882576
2025-06-16 17:30:00+00:00,0.9707690453,0.9894882576
2025-06-17 06:00:00+00:00,0.9713653820,0.9894882576
2025-06-17 06:30:00+00:00,0.9711302069,0.9894882576
2025-06-17 07:00:00+00:00,0.9705674667,0.9894882576
2025-06-17 07:30:00+00:00,0.9707690453,0.9894882576
2025-06-17 08:00:00+00:00,0.9708026417,0.9894882576
2025-06-17 08:30:00+00:00,0.9702734979,0.9894882576
2025-06-17 09:00:00+00:00,0.9706346595,0.9894882576
2025-06-17 09:30:00+00:00,0.9706598569,0.9894882576
2025-06-17 10:00:00+00:00,0.9708278391,0.9894882576
2025-06-17 10:30:00+00:00,0.9716257544,0.9889665719
2025-06-17 11:00:00+00:00,0.9716761491,0.9888561180
2025-06-17 11:30:00+00:00,0.9710798123,0.9895594395
2025-06-17 12:00:00+00:00,0.9716089562,0.9889353189
2025-06-17 12:30:00+00:00,0.9701307130,0.9902197412
2025-06-17 13:00:00+00:00,0.9710294177,0.9896633783
2025-06-17 13:30:00+00:00,0.9708362382,0.9897774078
2025-06-17 14:00:00+00:00,0.9690388288,0.9908400988
2025-06-17 14:30:00+00:00,0.9681401241,0.9913726122
2025-06-17 15:00:00+00:00,0.9676109802,0.9916865134
2025-06-17 15:30:00+00:00,0.9687700573,0.9909992734
2025-06-17 16:00:00+00:00,0.9678965500,0.9915170728
2025-06-17 16:30:00+00:00,0.9661327370,0.9925648820
2025-06-17 17:00:00+00:00,0.9660487459,0.9925641304
2025-06-17 17:30:00+00:00,0.9647720813,0.9925371170
2025-06-18 06:00:00+00:00,0.9656106781,0.9925371170
2025-06-18 06:30:00+00:00,0.9652668534,0.9925371170
2025-06-18 07:00:00+00:00,0.9659796607,0.9925371170
2025-06-18 07:30:00+00:00,0.9655100465,0.9925371170
2025-06-18 08:00:00+00:00,0.9647049936,0.9925371170
2025-06-18 08:30:00+00:00,0.9645792041,0.9925371170
2025-06-18 09:00:00+00:00,0.9651075201,0.9925371170
2025-06-18 09:30:00+00:00,0.9647049936,0.9925371170
2025-06-18 10:00:00+00:00,0.9650068885,0.9925371170
2025-06-18 10:30:00+00:00,0.9638328530,0.9931613041
2025-06-18 11:00:00+00:00,0.9640508881,0.9928636902
2025-06-18 11:30:00+00:00,0.9650068885,0.9917671020
2025-06-18 12:00:00+00:00,0.9654765028,0.9912292681
2025-06-18 12:30:00+00:00,0.9648894850,0.9919016469
2025-06-18 13:00:00+00:00,0.9644869586,0.9923632069
2025-06-18 13:30:00+00:00,0.9634470985,0.9935574579
2025-06-18 14:00:00+00:00,0.9645540464,0.9922862519
2025-06-18 14:30:00+00:00,0.9650236606,0.9917478840
2025-06-18 15:00:00+00:00,0.9668685736,0.9906407307
2025-06-18 15:30:00+00:00,0.9660970645,0.9912680609
2025-06-18 16:00:00+00:00,0.9653590993,0.9920667325
2025-06-18 16:30:00+00:00,0.9646546780,0.9926320072
2025-06-18 17:00:00+00:00,0.9646127481,0.9926313033
2025-06-18 17:30:00+00:00,0.9642521515,0.9928326365
2025-06-19 06:00:00+00:00,0.9638734127,0.9929142276
2025-06-19 06:30:00+00:00,0.9650937933,0.9928888807
2025-06-19 07:00:00+00:00,0.9656324440,0.9928888807
2025-06-19 07:30:00+00:00,0.9646729724,0.9928888807
2025-06-19 08:00:00+00:00,0.9654136172,0.9928888807
2025-06-19 08:30:00+00:00,0.9659186023,0.9928888807
2025-06-19 09:00:00+00:00,0.9657334411,0.9928888807
2025-06-19 09:30:00+00:00,0.9658344381,0.9928888807
2025-06-19 10:00:00+00:00,0.9659691008,0.9928888807
2025-06-19 10:30:00+00:00,0.9656829425,0.9930041713
2025-06-19 11:00:00+00:00,0.9664320037,0.9921078398
2025-06-19 11:30:00+00:00,0.9663057574,0.9922505490
2025-06-19 12:00:00+00:00,0.9655735291,0.9930790353
2025-06-19 12:30:00+00:00,0.9660027664,0.9925932109
2025-06-19 13:00:00+00:00,0.9661879276,0.9923837796
2025-06-19 13:30:00+00:00,0.9656156112,0.9930313854
2025-06-19 14:00:00+00:00,0.9650769604,0.9936416339
2025-06-19 14:30:00+00:00,0.9652284560,0.9934699292
2025-06-19 15:00:00+00:00,0.9647234709,0.9940424985
2025-06-19 15:30:00+00:00,0.9645046440,0.9942041475
2025-06-19 16:00:00+00:00,0.9644288963,0.9942249424
2025-06-19 16:30:00+00:00,0.9642353187,0.9943348160
2025-06-19 17:00:00+00:00,0.9646898052,0.9940769060
2025-06-19 17:30:00+00:00,0.9661205963,0.9936457456
2025-06-20 06:00:00+00:00,0.9655003964,0.9936200958
2025-06-20 06:30:00+00:00,0.9652322018,0.9937364825
2025-06-20 07:00:00+00:00,0.9652405829,0.9936744036
2025-06-20 07:30:00+00:00,0.9652070585,0.9937183404
2025-06-20 08:00:00+00:00,0.9650394369,0.9939380768
2025-06-20 08:30:00+00:00,0.9657183044,0.9930486800
2025-06-20 09:00:00+00:00,0.9658356396,0.9928951012
2025-06-20 09:30:00+00:00,0.9660703098,0.9925880706
2025-06-20 10:00:00+00:00,0.9660116422,0.9926648124
2025-06-20 10:30:00+00:00,0.9658524017,0.9928731648
2025-06-20 11:00:00+00:00,0.9651483910,0.9937952383
2025-06-20 11:30:00+00:00,0.9655925882,0.9932132759
2025-06-20 12:00:00+00:00,0.9651483910,0.9937952383
2025-06-20 12:30:00+00:00,0.9649053397,0.9941139283
2025-06-20 13:00:00+00:00,0.9653662991,0.9935096713
2025-06-20 13:30:00+00:00,0.9653662991,0.9935096713
2025-06-20 14:00:00+00:00,0.9645114289,0.9946308136
2025-06-20 14:30:00+00:00,0.9649640072,0.9940369865
2025-06-20 15:00:00+00:00,0.9657266855,0.9930377088
2025-06-20 15:30:00+00:00,0.9654668720,0.9933779205
2025-06-20 16:00:00+00:00,0.9663217421,0.9927564852
2025-06-20 16:30:00+00:00,0.9668497502,0.9922049106
2025-06-20 17:00:00+00:00,0.9671766123,0.9917395483
2025-06-20 17:30:00+00:00,0.9665396502,0.9925894096
2025-06-23 06:00:00+00:00,0.9661031073,0.9928203821
2025-06-23 06:30:00+00:00,0.9660359468,0.9928573928
2025-06-23 07:00:00+00:00,0.9651796511,0.9932350176
2025-06-23 07:30:00+00:00,0.9653307621,0.9931895290
2025-06-23 08:00:00+00:00,0.9650117499,0.9931895290
2025-06-23 08:30:00+00:00,0.9639036024,0.9931895290
2025-06-23 09:00:00+00:00,0.9617796531,0.9931895290
2025-06-23 09:30:00+00:00,0.9630808869,0.9931895290
2025-06-23 10:00:00+00:00,0.9627115044,0.9931895290
2025-06-23 10:30:00+00:00,0.9623001466,0.9931895290
2025-06-23 11:00:00+00:00,0.9625687885,0.9929678469
2025-06-23 11:30:00+00:00,0.9631480474,0.9921938917
2025-06-23 12:00:00+00:00,0.9622917516,0.9932625113
2025-06-23 12:30:00+00:00,0.9627115044,0.9927384157
2025-06-23 13:00:00+00:00,0.9628794056,0.9925289188
2025-06-23 13:30:00+00:00,0.9645668119,0.9914241066
2025-06-23 14:00:00+00:00,0.9679500196,0.9913704840
2025-06-23 14:30:00+00:00,0.9680255751,0.9913704840
2025-06-23 15:00:00+00:00,0.9694779199,0.9913704840
2025-06-23 15:30:00+00:00,0.9685712538,0.9913704840
2025-06-23 16:00:00+00:00,0.9684956983,0.9913704840
2025-06-23 16:30:00+00:00,0.9692092781,0.9913704840
2025-06-23 17:00:00+00:00,0.9703426107,0.9913704840
2025-06-23 17:30:00+00:00,0.9712492768,0.9913704840
2025-06-24 06:00:00+00:00,0.9716340625,0.9913704840
2025-06-24 06:30:00+00:00,0.9707724772,0.9913704840
2025-06-24 07:00:00+00:00,0.9705800843,0.9913704840
2025-06-24 07:30:00+00:00,0.9696097552,0.9913704840
2025-06-24 08:00:00+00:00,0.9698188779,0.9913704840
2025-06-24 08:30:00+00:00,0.9697101341,0.9913704840
2025-06-24 09:00:00+00:00,0.9711990874,0.9913704840
2025-06-24 09:30:00+00:00,0.9711488980,0.9913704840
2025-06-24 10:00:00+00:00,0.9701785689,0.9913704840
2025-06-24 10:30:00+00:00,0.9700530953,0.9913704840
2025-06-24 11:00:00+00:00,0.9710987086,0.9913704840
2025-06-24 11:30:00+00:00,0.9710317894,0.9913704840
2025-06-24 12:00:00+00:00,0.9703542319,0.9913704840
2025-06-24 12:30:00+00:00,0.9703876916,0.9913704840
2025-06-24 13:00:00+00:00,0.9689238329,0.9913704840
2025-06-24 13:30:00+00:00,0.9696683096,0.9913704840
2025-06-24 14:00:00+00:00,0.9731062860,0.9913704840
2025-06-24 14:30:00+00:00,0.9717344414,0.9913704840
2025-06-24 15:00:00+00:00,0.9724370935,0.9913704840
2025-06-24 15:30:00+00:00,0.9709314103,0.9913704840
2025-06-24 16:00:00+00:00,0.9717846308,0.9913704840
2025-06-24 16:30:00+00:00,0.9723367146,0.9913704840
2025-06-24 17:00:00+00:00,0.9726043916,0.9913704840
2025-06-24 17:30:00+00:00,0.9725123776,0.9913704840
2025-06-25 06:00:00+00:00,0.9725709662,0.9913704840
2025-06-25 06:30:00+00:00,0.9715163712,0.9913704840
2025-06-25 07:00:00+00:00,0.9714996316,0.9913704840
2025-06-25 07:30:00+00:00,0.9708133078,0.9913704840
2025-06-25 08:00:00+00:00,0.9709555945,0.9913704840
2025-06-25 08:30:00+00:00,0.9717339860,0.9913704840
2025-06-25 09:00:00+00:00,0.9705956929,0.9913704840
2025-06-25 09:30:00+00:00,0.9709723340,0.9913704840
2025-06-25 10:00:00+00:00,0.9715331107,0.9913704840
2025-06-25 10:30:00+00:00,0.9712066885,0.9913704840
2025-06-25 11:00:00+00:00,0.9713322355,0.9913704840
2025-06-25 11:30:00+00:00,0.9708551568,0.9913704840
2025-06-25 12:00:00+00:00,0.9705371043,0.9913704840
2025-06-25 12:30:00+00:00,0.9702943800,0.9913704840
2025-06-25 13:00:00+00:00,0.9710560320,0.9913704840
2025-06-25 13:30:00+00:00,0.9709807038,0.9913704840
2025-06-25 14:00:00+00:00,0.9721357365,0.9913704840
2025-06-25 14:30:00+00:00,0.9726630340,0.9913704840
2025-06-25 15:00:00+00:00,0.9729727167,0.9913704840
2025-06-25 15:30:00+00:00,0.9725542266,0.9913704840
2025-06-25 16:00:00+00:00,0.9736423008,0.9913704840
2025-06-25 16:30:00+00:00,0.9734916443,0.9913704840
2025-06-25 17:00:00+00:00,0.9738096968,0.9913704840
2025-06-25 17:30:00+00:00,0.9744625414,0.9909830239
2025-06-26 06:00:00+00:00,0.9738204217,0.9911278641
2025-06-26 06:30:00+00:00,0.9756467103,0.9911032615
2025-06-26 07:00:00+00:00,0.9759052260,0.9911032615
2025-06-26 07:30:00+00:00,0.9765473457,0.9911032615
2025-06-26 08:00:00+00:00,0.9781568145,0.9911032615
2025-06-26 08:30:00+00:00,0.9779983694,0.9911032615
2025-06-26 09:00:00+00:00,0.9772895359,0.9911032615
2025-06-26 09:30:00+00:00,0.9777898890,0.9911032615
2025-06-26 10:00:00+00:00,0.9780901008,0.9911032615
2025-06-26 10:30:00+00:00,0.9769392888,0.9911032615
2025-06-26 11:00:00+00:00,0.9758885474,0.9915766271
2025-06-26 11:30:00+00:00,0.9752547669,0.9921576972
2025-06-26 12:00:00+00:00,0.9764139181,0.9910139522
2025-06-26 12:30:00+00:00,0.9762554730,0.9911701335
2025-06-26 13:00:00+00:00,0.9772645182,0.9901763584
2025-06-26 13:30:00+00:00,0.9771060731,0.9903322719
2025-06-26 14:00:00+00:00,0.9765056495,0.9909235543
2025-06-26 14:30:00+00:00,0.9763889004,0.9910386091
2025-06-26 15:00:00+00:00,0.9755049434,0.9919106191
2025-06-26 15:30:00+00:00,0.9770977339,0.9903404793
2025-06-26 16:00:00+00:00,0.9778566026,0.9895941752
2025-06-26 16:30:00+00:00,0.9781401360,0.9893156292
2025-06-26 17:00:00+00:00,0.9778732811,0.9895777857
2025-06-26 17:30:00+00:00,0.9777565320,0.9896925236
2025-06-27 06:00:00+00:00,0.9787435735,0.9891612645
2025-06-27 06:30:00+00:00,0.9802659594,0.9891147777
2025-06-27 07:00:00+00:00,0.9797138854,0.9891147777
2025-06-27 07:30:00+00:00,0.9798979101,0.9891147777
2025-06-27 08:00:00+00:00,0.9798979101,0.9891147777
2025-06-27 08:30:00+00:00,0.9794796722,0.9891147777
2025-06-27 09:00:00+00:00,0.9793960246,0.9891147777
2025-06-27 09:30:00+00:00,0.9794796722,0.9891147777
2025-06-27 10:00:00+00:00,0.9789443277,0.9893370263
2025-06-27 10:30:00+00:00,0.9798477215,0.9883933110
2025-06-27 11:00:00+00:00,0.9801153938,0.9881261963
2025-06-27 11:30:00+00:00,0.9798560863,0.9883849615
2025-06-27 12:00:00+00:00,0.9803161480,0.9879259554
2025-06-27 12:30:00+00:00,0.9826080916,0.9867421256
2025-06-27 13:00:00+00:00,0.9806674678,0.9881256310
2025-06-27 13:30:00+00:00,0.9810355172,0.9877486039
2025-06-27 14:00:00+00:00,0.9804667136,0.9882881977
2025-06-27 14:30:00+00:00,0.9802074061,0.9885343907
2025-06-27 15:00:00+00:00,0.9798728158,0.9888522461
2025-06-27 15:30:00+00:00,0.9806507383,0.9881135568
2025-06-27 16:00:00+00:00,0.9808849515,0.9878913785
2025-06-27 16:30:00+00:00,0.9805503612,0.9882088076
2025-06-27 17:00:00+00:00,0.9796636968,0.9890510127
2025-06-27 17:30:00+00:00,0.9788606801,0.9896033938
2025-06-30 06:00:00+00:00,0.9791444949,0.9894712722
2025-06-30 06:30:00+00:00,0.9802797543,0.9894389941
2025-06-30 07:00:00+00:00,0.9790025875,0.9894389941
2025-06-30 07:30:00+00:00,0.9787271201,0.9894389941
2025-06-30 08:00:00+00:00,0.9782847029,0.9894389941
2025-06-30 08:30:00+00:00,0.9791277999,0.9894389941
2025-06-30 09:00:00+00:00,0.9790109350,0.9894389941
2025-06-30 09:30:00+00:00,0.9782847029,0.9894389941
2025-06-30 10:00:00+00:00,0.9785935602,0.9894389941
2025-06-30 10:30:00+00:00,0.9787104251,0.9894389941
2025-06-30 11:00:00+00:00,0.9791027574,0.9891854690
2025-06-30 11:30:00+00:00,0.9785935602,0.9896769788
2025-06-30 12:00:00+00:00,0.9778255907,0.9904916842
2025-06-30 12:30:00+00:00,0.9777671582,0.9905152975
2025-06-30 13:00:00+00:00,0.9781594905,0.9902852740
2025-06-30 13:30:00+00:00,0.9784433053,0.9901347256
2025-06-30 14:00:00+00:00,0.9796286496,0.9897988921
2025-06-30 14:30:00+00:00,0.9798790744,0.9895781286
2025-06-30 15:00:00+00:00,0.9804467041,0.9888611611
2025-06-30 15:30:00+00:00,0.9824918404,0.9875982003
2025-06-30 16:00:00+00:00,0.9812981486,0.9875418635
2025-06-30 16:30:00+00:00,0.9818991682,0.9875418635
2025-06-30 17:00:00+00:00,0.9823499330,0.9875418635
2025-06-30 17:30:00+00:00,0.9821495931,0.9875418635
2025-07-01 06:00:00+00:00,0.9817829452,0.9875418635
2025-07-01 06:30:00+00:00,0.9815662897,0.9875418635
2025-07-01 07:00:00+00:00,0.9820245995,0.9875418635
2025-07-01 07:30:00+00:00,0.9821162615,0.9875418635
2025-07-01 08:00:00+00:00,0.9823329170,0.9875418635
2025-07-01 08:30:00+00:00,0.9836661820,0.9875418635
2025-07-01 09:00:00+00:00,0.9845078054,0.9875418635
2025-07-01 09:30:00+00:00,0.9844161434,0.9875418635
2025-07-01 10:00:00+00:00,0.9844994725,0.9875418635
2025-07-01 10:30:00+00:00,0.9842494853,0.9875418635
2025-07-01 11:00:00+00:00,0.9839495007,0.9875418635
2025-07-01 11:30:00+00:00,0.9844494751,0.9875418635
2025-07-01 12:00:00+00:00,0.9841328246,0.9875418635
2025-07-01 12:30:00+00:00,0.9835828529,0.9875418635
2025-07-01 13:00:00+00:00,0.9831495418,0.9875418635
2025-07-01 13:30:00+00:00,0.9836245174,0.9875418635
2025-07-01 14:00:00+00:00,0.9826912319,0.9875418635
2025-07-01 14:30:00+00:00,0.9815912884,0.9875418635
2025-07-01 15:00:00+00:00,0.9808996572,0.9875418635
2025-07-01 15:30:00+00:00,0.9812663050,0.9875418635
2025-07-01 16:00:00+00:00,0.9802830221,0.9875418635
2025-07-01 16:30:00+00:00,0.9804080157,0.9875418635
2025-07-01 17:00:00+00:00,0.9813829657,0.9875418635
2025-07-01 17:30:00+00:00,0.9818579413,0.9875418635
2025-07-02 06:00:00+00:00,0.9817663136,0.9875418635
2025-07-02 06:30:00+00:00,0.9813748132,0.9875418635
2025-07-02 07:00:00+00:00,0.9810582810,0.9875418635
2025-07-02 07:30:00+00:00,0.9807667382,0.9875418635
2025-07-02 08:00:00+00:00,0.9810666108,0.9875418635
2025-07-02 08:30:00+00:00,0.9809000149,0.9875418635
2025-07-02 09:00:00+00:00,0.9803335888,0.9875418635
2025-07-02 09:30:00+00:00,0.9804502059,0.9875418635
2025-07-02 10:00:00+00:00,0.9806584508,0.9875418635
2025-07-02 10:30:00+00:00,0.9802169717,0.9875418635
2025-07-02 11:00:00+00:00,0.9798338011,0.9875418635
2025-07-02 11:30:00+00:00,0.9787342681,0.9875418635
2025-07-02 12:00:00+00:00,0.9810666108,0.9875418635
2025-07-02 12:30:00+00:00,0.9793006942,0.9875418635
2025-07-02 13:00:00+00:00,0.9800337162,0.9875418635
2025-07-02 13:30:00+00:00,0.9795755775,0.9875418635
2025-07-02 14:00:00+00:00,0.9798171415,0.9875418635
2025-07-02 14:30:00+00:00,0.9802086419,0.9875418635
2025-07-02 15:00:00+00:00,0.9812248769,0.9875418635
2025-07-02 15:30:00+00:00,0.9820328670,0.9875418635
2025-07-02 16:00:00+00:00,0.9819162499,0.9875418635
2025-07-02 16:30:00+00:00,0.9819578989,0.9875418635
2025-07-02 17:00:00+00:00,0.9823493993,0.9875418635
2025-07-02 17:30:00+00:00,0.9825493143,0.9875418635
2025-07-03 06:00:00+00:00,0.9826076204,0.9875418635
2025-07-03 06:30:00+00:00,0.9830740692,0.9875418635
2025-07-03 07:00:00+00:00,0.9834905413,0.9875418635
2025-07-03 07:30:00+00:00,0.9829907748,0.9875418635
2025-07-03 08:00:00+00:00,0.9828241859,0.9875418635
2025-07-03 08:30:00+00:00,0.9827075737,0.9875418635
2025-07-03 09:00:00+00:00,0.9820495478,0.9875418635
2025-07-03 09:30:00+00:00,0.9822411250,0.9875418635
2025-07-03 10:00:00+00:00,0.9826242793,0.9875418635
2025-07-03 10:30:00+00:00,0.9823160900,0.9875418635
2025-07-03 11:00:00+00:00,0.9823577372,0.9875418635
2025-07-03 11:30:00+00:00,0.9816080874,0.9875418635
2025-07-03 12:00:00+00:00,0.9819079473,0.9875418635
2025-07-03 12:30:00+00:00,0.9777432265,0.9875418635
2025-07-03 13:00:00+00:00,0.9799255404,0.9875418635
2025-07-03 13:30:00+00:00,0.9807501551,0.9875418635
2025-07-03 14:00:00+00:00,0.9797089749,0.9875418635
2025-07-03 14:30:00+00:00,0.9789759840,0.9875418635
2025-07-03 15:00:00+00:00,0.9798755637,0.9875418635
2025-07-03 15:30:00+00:00,0.9792925027,0.9875418635
2025-07-03 16:00:00+00:00,0.9783512758,0.9875418635
2025-07-03 16:30:00+00:00,0.9788926895,0.9875418635
2025-07-03 17:00:00+00:00,0.9793591383,0.9875418635
2025-07-03 17:30:00+00:00,0.9790509489,0.9875418635
2025-07-04 06:00:00+00:00,0.9786023118,0.9875418635
2025-07-04 06:30:00+00:00,0.9787933980,0.9875418635
2025-07-04 07:00:00+00:00,0.9782699879,0.9875418635
2025-07-04 07:30:00+00:00,0.9778379669,0.9875418635
2025-07-04 08:00:00+00:00,0.9778296588,0.9875418635
2025-07-04 08:30:00+00:00,0.9782450636,0.9875418635
2025-07-04 09:00:00+00:00,0.9783447608,0.9875418635
2025-07-04 09:30:00+00:00,0.9785690794,0.9875418635
2025-07-04 10:00:00+00:00,0.9787186251,0.9875418635
2025-07-04 10:30:00+00:00,0.9785109227,0.9875418635
2025-07-04 11:00:00+00:00,0.9786438522,0.9875418635
2025-07-04 11:30:00+00:00,0.9777798103,0.9875418635
2025-07-04 12:00:00+00:00,0.9775804160,0.9875418635
2025-07-04 12:30:00+00:00,0.9775887241,0.9875418635
2025-07-04 13:00:00+00:00,0.9778462750,0.9875418635
2025-07-04 13:30:00+00:00,0.9786604684,0.9875418635
2025-07-04 14:00:00+00:00,0.9789263275,0.9875418635
2025-07-04 14:30:00+00:00,0.9785524632,0.9875418635
2025-07-04 15:00:00+00:00,0.9788764789,0.9875418635
2025-07-04 15:30:00+00:00,0.9785940037,0.9875418635
2025-07-04 16:00:00+00:00,0.9788100142,0.9875418635
2025-07-04 16:30:00+00:00,0.9782284475,0.9875418635
2025-07-04 17:00:00+00:00,0.9784112256,0.9875418635
2025-07-04 17:30:00+00:00,0.9783613770,0.9875418635
2025-07-07 06:00:00+00:00,0.9775468792,0.9875418635
2025-07-07 06:30:00+00:00,0.9770648295,0.9875418635
2025-07-07 07:00:00+00:00,0.9763833110,0.9875418635
2025-07-07 07:30:00+00:00,0.9762004646,0.9875987591
2025-07-07 08:00:00+00:00,0.9756353029,0.9882104008
2025-07-07 08:30:00+00:00,0.9744301787,0.9892474540
2025-07-07 09:00:00+00:00,0.9747044484,0.9890899909
2025-07-07 09:30:00+00:00,0.9752446764,0.9890519938
2025-07-07 10:00:00+00:00,0.9747875604,0.9890519938
2025-07-07 10:30:00+00:00,0.9747127595,0.9890519938
2025-07-07 11:00:00+00:00,0.9746130251,0.9890519938
2025-07-07 11:30:00+00:00,0.9748706724,0.9890519938
2025-07-07 12:00:00+00:00,0.9741559091,0.9890519938
2025-07-07 12:30:00+00:00,0.9742888883,0.9890519938
2025-07-07 13:00:00+00:00,0.9754857012,0.9890519938
2025-07-07 13:30:00+00:00,0.9753277884,0.9890519938
2025-07-07 14:00:00+00:00,0.9753610332,0.9890519938
2025-07-07 14:30:00+00:00,0.9756353029,0.9890519938
2025-07-07 15:00:00+00:00,0.9755106348,0.9890519938
2025-07-07 15:30:00+00:00,0.9751864980,0.9890519938
2025-07-07 16:00:00+00:00,0.9745548467,0.9890519938
2025-07-07 16:30:00+00:00,0.9719451296,0.9890519938
2025-07-07 17:00:00+00:00,0.9719118848,0.9890519938
2025-07-07 17:30:00+00:00,0.9729757185,0.9890519938
2025-07-08 06:00:00+00:00,0.9731249632,0.9890519938
2025-07-08 06:30:00+00:00,0.9735726972,0.9890519938
2025-07-08 07:00:00+00:00,0.9746422840,0.9890519938
2025-07-08 07:30:00+00:00,0.9750817266,0.9890519938
2025-07-08 08:00:00+00:00,0.9746837409,0.9890519938
2025-07-08 08:30:00+00:00,0.9741530932,0.9890519938
2025-07-08 09:00:00+00:00,0.9741365104,0.9890519938
2025-07-08 09:30:00+00:00,0.9735726972,0.9890519938
2025-07-08 10:00:00+00:00,0.9726689379,0.9890519938
2025-07-08 10:30:00+00:00,0.9724284881,0.9890519938
2025-07-08 11:00:00+00:00,0.9728264739,0.9890519938
2025-07-08 11:30:00+00:00,0.9718978405,0.9890519938
2025-07-08 12:00:00+00:00,0.9716656821,0.9890519938
2025-07-08 12:30:00+00:00,0.9718315095,0.9890519938
2025-07-08 13:00:00+00:00,0.9701566527,0.9890519938
2025-07-08 13:30:00+00:00,0.9705214730,0.9890519938
2025-07-08 14:00:00+00:00,0.9696591705,0.9890519938
2025-07-08 14:30:00+00:00,0.9694435949,0.9890519938
2025-07-08 15:00:00+00:00,0.9704883076,0.9890519938
2025-07-08 15:30:00+00:00,0.9706541350,0.9890519938
2025-07-08 16:00:00+00:00,0.9710687035,0.9890519938
2025-07-08 16:30:00+00:00,0.9708199624,0.9890519938
2025-07-08 17:00:00+00:00,0.9715164375,0.9890519938
2025-07-08 17:30:00+00:00,0.9721134162,0.9890519938
2025-07-09 06:00:00+00:00,0.9719391830,0.9890519938
2025-07-09 06:30:00+00:00,0.9728767235,0.9890519938
2025-07-09 07:00:00+00:00,0.9724950698,0.9890519938
2025-07-09 07:30:00+00:00,0.9713584056,0.9890519938
2025-07-09 08:00:00+00:00,0.9717898402,0.9887518392
2025-07-09 08:30:00+00:00,0.9718396211,0.9886419081
2025-07-09 09:00:00+00:00,0.9715575292,0.9889692393
2025-07-09 09:30:00+00:00,0.9718562147,0.9886226596
2025-07-09 10:00:00+00:00,0.9717649497,0.9887285348
2025-07-09 10:30:00+00:00,0.9709020805,0.9897305889
2025-07-09 11:00:00+00:00,0.9709933455,0.9896245123
2025-07-09 11:30:00+00:00,0.9699977272,0.9904669748
2025-07-09 12:00:00+00:00,0.9711592819,0.9897652439
2025-07-09 12:30:00+00:00,0.9720055574,0.9894958082
2025-07-09 13:00:00+00:00,0.9719142924,0.9894709030
2025-07-09 13:30:00+00:00,0.9710099391,0.9894709030
2025-07-09 14:00:00+00:00,0.9723208366,0.9894709030
2025-07-09 14:30:00+00:00,0.9719557766,0.9894709030
2025-07-09 15:00:00+00:00,0.9712837342,0.9894709030
2025-07-09 15:30:00+00:00,0.9712339533,0.9894709030
2025-07-09 16:00:00+00:00,0.9708605965,0.9894709030
2025-07-09 16:30:00+00:00,0.9711509851,0.9894709030
2025-07-09 17:00:00+00:00,0.9714579674,0.9894709030
2025-07-09 17:30:00+00:00,0.9715243420,0.9894709030
2025-07-10 06:00:00+00:00,0.9715905492,0.9894709030
2025-07-10 06:30:00+00:00,0.9709946845,0.9898345879
2025-07-10 07:00:00+00:00,0.9710195122,0.9897373270
2025-07-10 07:30:00+00:00,0.9710277881,0.9897254279
2025-07-10 08:00:00+00:00,0.9704898547,0.9904993758
2025-07-10 08:30:00+00:00,0.9705643377,0.9903921521
2025-07-10 09:00:00+00:00,0.9709615809,0.9898206272
2025-07-10 09:30:00+00:00,0.9708539942,0.9899753596
2025-07-10 10:00:00+00:00,0.9710691676,0.9896659362
2025-07-10 10:30:00+00:00,0.9706305449,0.9902968588
2025-07-10 11:00:00+00:00,0.9697781273,0.9911869362
2025-07-10 11:30:00+00:00,0.9692732975,0.9915216346
2025-07-10 12:00:00+00:00,0.9687353641,0.9919099371
2025-07-10 12:30:00+00:00,0.9688346749,0.9918382228
2025-07-10 13:00:00+00:00,0.9683712245,0.9919746813
2025-07-10 13:30:00+00:00,0.9676843249,0.9919467426
2025-07-10 14:00:00+00:00,0.9656319020,0.9919467426
2025-07-10 14:30:00+00:00,0.9666250099,0.9919467426
2025-07-10 15:00:00+00:00,0.9668650110,0.9919467426
2025-07-10 15:30:00+00:00,0.9672374264,0.9919467426
2025-07-10 16:00:00+00:00,0.9672870818,0.9919467426
2025-07-10 16:30:00+00:00,0.9670884602,0.9919467426
2025-07-10 17:00:00+00:00,0.9671546674,0.9919467426
2025-07-10 17:30:00+00:00,0.9673863926,0.9919467426
2025-07-11 06:00:00+00:00,0.9676017687,0.9919467426
2025-07-11 06:30:00+00:00,0.9671130307,0.9919467426
2025-07-11 07:00:00+00:00,0.9687614859,0.9919467426
2025-07-11 07:30:00+00:00,0.9682644642,0.9919467426
2025-07-11 08:00:00+00:00,0.9680159534,0.9919467426
2025-07-11 08:30:00+00:00,0.9677177404,0.9919467426
2025-07-11 09:00:00+00:00,0.9677591588,0.9919467426
2025-07-11 09:30:00+00:00,0.9687780532,0.9919467426
2025-07-11 10:00:00+00:00,0.9686620815,0.9919467426
2025-07-11 10:30:00+00:00,0.9685875283,0.9919467426
2025-07-11 11:00:00+00:00,0.9682313294,0.9919467426
2025-07-11 11:30:00+00:00,0.9681981946,0.9919467426
2025-07-11 12:00:00+00:00,0.9682478968,0.9919467426
2025-07-11 12:30:00+00:00,0.9682478968,0.9919467426
2025-07-11 13:00:00+00:00,0.9687780532,0.9919467426
2025-07-11 13:30:00+00:00,0.9682644641,0.9919467426
2025-07-11 14:00:00+00:00,0.9676680381,0.9919467426
2025-07-11 14:30:00+00:00,0.9685461098,0.9919467426
2025-07-11 15:00:00+00:00,0.9687449184,0.9919467426
2025-07-11 15:30:00+00:00,0.9688774575,0.9919467426
2025-07-11 16:00:00+00:00,0.9685543934,0.9919467426
2025-07-11 16:30:00+00:00,0.9684964076,0.9919467426
2025-07-11 17:00:00+00:00,0.9684632728,0.9919467426
2025-07-11 17:30:00+00:00,0.9686289467,0.9919467426
2025-07-14 06:00:00+00:00,0.9676577944,0.9919467426
2025-07-14 06:30:00+00:00,0.9681309199,0.9919467426
2025-07-14 07:00:00+00:00,0.9693759869,0.9919467426
2025-07-14 07:30:00+00:00,0.9699736191,0.9919467426
2025-07-14 08:00:00+00:00,0.9698076101,0.9919467426
2025-07-14 08:30:00+00:00,0.9697080048,0.9919467426
2025-07-14 09:00:00+00:00,0.9699072155,0.9919467426
2025-07-14 09:30:00+00:00,0.9704301437,0.9919467426
2025-07-14 10:00:00+00:00,0.9706044530,0.9919467426
2025-07-14 10:30:00+00:00,0.9707206593,0.9919467426
2025-07-14 11:00:00+00:00,0.9707704620,0.9919467426
2025-07-14 11:30:00+00:00,0.9702226325,0.9919467426
2025-07-14 12:00:00+00:00,0.9699653186,0.9919467426
2025-07-14 12:30:00+00:00,0.9699653186,0.9919467426
2025-07-14 13:00:00+00:00,0.9692846820,0.9919467426
2025-07-14 13:30:00+00:00,0.9696665025,0.9919467426
2025-07-14 14:00:00+00:00,0.9702060316,0.9919467426
2025-07-14 14:30:00+00:00,0.9697744084,0.9919467426
2025-07-14 15:00:00+00:00,0.9700068209,0.9919467426
2025-07-14 15:30:00+00:00,0.9687617538,0.9919467426
2025-07-14 16:00:00+00:00,0.9680811171,0.9919467426
2025-07-14 16:30:00+00:00,0.9680313145,0.9919467426
2025-07-14 17:00:00+00:00,0.9681641216,0.9919467426
2025-07-14 17:30:00+00:00,0.9680645163,0.9919467426
2025-07-15 06:00:00+00:00,0.9677165836,0.9919467426
2025-07-15 06:30:00+00:00,0.9674183557,0.9919467426
2025-07-15 07:00:00+00:00,0.9679154023,0.9915020695
2025-07-15 07:30:00+00:00,0.9684538694,0.9906095582
2025-07-15 08:00:00+00:00,0.9682467666,0.9909274042
2025-07-15 08:30:00+00:00,0.9681639255,0.9910545902
2025-07-15 09:00:00+00:00,0.9679651069,0.9913599477
2025-07-15 09:30:00+00:00,0.9679982433,0.9913090439
2025-07-15 10:00:00+00:00,0.9675591855,0.9919838730
2025-07-15 10:30:00+00:00,0.9678988340,0.9914617684
2025-07-15 11:00:00+00:00,0.9669378773,0.9925389718
2025-07-15 11:30:00+00:00,0.9667307745,0.9926091270
2025-07-15 12:00:00+00:00,0.9664076943,0.9925429216
2025-07-15 12:30:00+00:00,0.9674266398,0.9925429216
2025-07-15 13:00:00+00:00,0.9665319559,0.9925429216
2025-07-15 13:30:00+00:00,0.9645354855,0.9925429216
2025-07-15 14:00:00+00:00,0.9627792541,0.9925429216
2025-07-15 14:30:00+00:00,0.9624975944,0.9925429216
2025-07-15 15:00:00+00:00,0.9618514338,0.9925429216
2025-07-15 15:30:00+00:00,0.9624478898,0.9925429216
2025-07-15 16:00:00+00:00,0.9612384098,0.9925429216
2025-07-15 16:30:00+00:00,0.9606419539,0.9925429216
2025-07-15 17:00:00+00:00,0.9604099988,0.9925429216
2025-07-15 17:30:00+00:00,0.9606833744,0.9925429216
2025-07-16 06:00:00+00:00,0.9607825776,0.9925429216
2025-07-16 06:30:00+00:00,0.9612620595,0.9925429216
2025-07-16 07:00:00+00:00,0.9609479162,0.9925429216
2025-07-16 07:30:00+00:00,0.9605015020,0.9925429216
2025-07-16 08:00:00+00:00,0.9608156453,0.9925429216
2025-07-16 08:30:00+00:00,0.9610801870,0.9925429216
2025-07-16 09:00:00+00:00,0.9604849681,0.9925429216
2025-07-16 09:30:00+00:00,0.9602534941,0.9925429216
2025-07-16 10:00:00+00:00,0.9600550878,0.9925429216
2025-07-16 10:30:00+00:00,0.9604022988,0.9925429216
2025-07-16 11:00:00+00:00,0.9598070799,0.9925429216
2025-07-16 11:30:00+00:00,0.9592531955,0.9925429216
2025-07-16 12:00:00+00:00,0.9585009049,0.9925429216
2025-07-16 12:30:00+00:00,0.9588481160,0.9925429216
2025-07-16 13:00:00+00:00,0.9574427380,0.9925429216
2025-07-16 13:30:00+00:00,0.9566987143,0.9925429216
2025-07-16 14:00:00+00:00,0.9564672403,0.9925429216
2025-07-16 14:30:00+00:00,0.9583686342,0.9925429216
2025-07-16 15:00:00+00:00,0.9659907437,0.9925429216
2025-07-16 15:30:00+00:00,0.9613612632,0.9925429216
2025-07-16 16:00:00+00:00,0.9619564822,0.9925429216
2025-07-16 16:30:00+00:00,0.9622044900,0.9925429216
2025-07-16 17:00:00+00:00,0.9631469200,0.9925429216
2025-07-16 17:30:00+00:00,0.9623946294,0.9925429216
2025-07-17 06:00:00+00:00,0.9595944659,0.9925429216
2025-07-17 06:30:00+00:00,0.9596110349,0.9925429216
2025-07-17 07:00:00+00:00,0.9602903645,0.9925429216
2025-07-17 07:30:00+00:00,0.9602406575,0.9925429216
2025-07-17 08:00:00+00:00,0.9613176434,0.9925429216
2025-07-17 08:30:00+00:00,0.9611353842,0.9925429216
2025-07-17 09:00:00+00:00,0.9608122885,0.9925429216
2025-07-17 09:30:00+00:00,0.9602406575,0.9925429216
2025-07-17 10:00:00+00:00,0.9601578124,0.9925429216
2025-07-17 10:30:00+00:00,0.9598430011,0.9925429216
2025-07-17 11:00:00+00:00,0.9591471025,0.9925429216
2025-07-17 11:30:00+00:00,0.9588985673,0.9925429216
2025-07-17 12:00:00+00:00,0.9590808265,0.9925429216
2025-07-17 12:30:00+00:00,0.9599341307,0.9925429216
2025-07-17 13:00:00+00:00,0.9600832519,0.9925429216
2025-07-17 13:30:00+00:00,0.9598761392,0.9925429216
2025-07-17 14:00:00+00:00,0.9602572265,0.9925429216
2025-07-17 14:30:00+00:00,0.9600086913,0.9925429216
2025-07-17 15:00:00+00:00,0.9605306152,0.9925429216
2025-07-17 15:30:00+00:00,0.9607045899,0.9925429216
2025-07-17 16:00:00+00:00,0.9610525392,0.9925429216
2025-07-17 16:30:00+00:00,0.9598595701,0.9925429216
2025-07-17 17:00:00+00:00,0.9599258462,0.9925429216
2025-07-17 17:30:00+00:00,0.9597684406,0.9925429216
2025-07-18 06:00:00+00:00,0.9595784218,0.9925429216
2025-07-18 06:30:00+00:00,0.9600493379,0.9925429216
2025-07-18 07:00:00+00:00,0.9603798054,0.9925429216
2025-07-18 07:30:00+00:00,0.9607515813,0.9925429216
2025-07-18 08:00:00+00:00,0.9615860117,0.9925429216
2025-07-18 08:30:00+00:00,0.9612885910,0.9925429216
2025-07-18 09:00:00+00:00,0.9615612266,0.9925429216
2025-07-18 09:30:00+00:00,0.9611316189,0.9925429216
2025-07-18 10:00:00+00:00,0.9614290397,0.9925429216
2025-07-18 10:30:00+00:00,0.9616603669,0.9925429216
2025-07-18 11:00:00+00:00,0.9618916941,0.9925429216
2025-07-18 11:30:00+00:00,0.9620238811,0.9925429216
2025-07-18 12:00:00+00:00,0.9623543486,0.9925429216
2025-07-18 12:30:00+00:00,0.9630152836,0.9925429216
2025-07-18 13:00:00+00:00,0.9635688166,0.9925429216
2025-07-18 13:30:00+00:00,0.9638662373,0.9925429216
2025-07-18 14:00:00+00:00,0.9628004797,0.9925429216
2025-07-18 14:30:00+00:00,0.9623047785,0.9925429216
2025-07-18 15:00:00+00:00,0.9629078817,0.9925429216
2025-07-18 15:30:00+00:00,0.9620404045,0.9925429216
2025-07-18 16:00:00+00:00,0.9610985722,0.9925429216
2025-07-18 16:30:00+00:00,0.9607185346,0.9925429216
2025-07-18 17:00:00+00:00,0.9603054503,0.9925429216
2025-07-18 17:30:00+00:00,0.9605863476,0.9925429216
2025-07-21 06:00:00+00:00,0.9607927726,0.9925429216
2025-07-21 06:30:00+00:00,0.9612386506,0.9925429216
2025-07-21 07:00:00+00:00,0.9611478236,0.9925429216
2025-07-21 07:30:00+00:00,0.9614037907,0.9925429216
2025-07-21 08:00:00+00:00,0.9610157117,0.9925429216
2025-07-21 08:30:00+00:00,0.9612964497,0.9925429216
2025-07-21 09:00:00+00:00,0.9613459917,0.9925429216
2025-07-21 09:30:00+00:00,0.9615193887,0.9925429216
2025-07-21 10:00:00+00:00,0.9611313097,0.9925429216
2025-07-21 10:30:00+00:00,0.9615771877,0.9925429216
2025-07-21 11:00:00+00:00,0.9628817936,0.9925429216
2025-07-21 11:30:00+00:00,0.9634019846,0.9925429216
2025-07-21 12:00:00+00:00,0.9633111576,0.9925429216
2025-07-21 12:30:00+00:00,0.9631873026,0.9925429216
2025-07-21 13:00:00+00:00,0.9629808776,0.9925429216
2025-07-21 13:30:00+00:00,0.9631707886,0.9925429216
2025-07-21 14:00:00+00:00,0.9645497076,0.9925429216
2025-07-21 14:30:00+00:00,0.9657882575,0.9925429216
2025-07-21 15:00:00+00:00,0.9671671765,0.9925429216
2025-07-21 15:30:00+00:00,0.9664653316,0.9925429216
2025-07-21 16:00:00+00:00,0.9660029396,0.9925429216
2025-07-21 16:30:00+00:00,0.9660855096,0.9925429216
2025-07-21 17:00:00+00:00,0.9652102676,0.9925429216
2025-07-21 17:30:00+00:00,0.9653093516,0.9925429216
2025-07-22 06:00:00+00:00,0.9652102354,0.9925429216
2025-07-22 06:30:00+00:00,0.9656232196,0.9925429216
2025-07-22 07:00:00+00:00,0.9654415065,0.9925429216
2025-07-22 07:30:00+00:00,0.9652267547,0.9925429216
2025-07-22 08:00:00+00:00,0.9655736615,0.9925429216
2025-07-22 08:30:00+00:00,0.9662592153,0.9925429216
2025-07-22 09:00:00+00:00,0.9663418122,0.9925429216
2025-07-22 09:30:00+00:00,0.9668291335,0.9925429216
2025-07-22 10:00:00+00:00,0.9667465367,0.9925429216
2025-07-22 10:30:00+00:00,0.9665317849,0.9925963732
2025-07-22 11:00:00+00:00,0.9661022813,0.9929046947
2025-07-22 11:30:00+00:00,0.9664987462,0.9925869642
2025-07-22 12:00:00+00:00,0.9655901808,0.9933154404
2025-07-22 12:30:00+00:00,0.9656067002,0.9933021844
2025-07-22 13:00:00+00:00,0.9654580259,0.9934215022
2025-07-22 13:30:00+00:00,0.9667382770,0.9923951144
2025-07-22 14:00:00+00:00,0.9663170331,0.9927325619
2025-07-22 14:30:00+00:00,0.9682167605,0.9912128084
2025-07-22 15:00:00+00:00,0.9691418452,0.9908079481
2025-07-22 15:30:00+00:00,0.9703477592,0.9907755488
2025-07-22 16:00:00+00:00,0.9711737277,0.9907755488
2025-07-22 16:30:00+00:00,0.9709259371,0.9907755488
2025-07-22 17:00:00+00:00,0.9702651624,0.9907755488
2025-07-22 17:30:00+00:00,0.9701660461,0.9907755488
2025-07-23 06:00:00+00:00,0.9705299494,0.9907755488
2025-07-23 06:30:00+00:00,0.9711585095,0.9907755488
2025-07-23 07:00:00+00:00,0.9713156496,0.9907755488
2025-07-23 07:30:00+00:00,0.9711088864,0.9907755488
2025-07-23 08:00:00+00:00,0.9708607705,0.9907755488
2025-07-23 08:30:00+00:00,0.9703728093,0.9907755488
2025-07-23 09:00:00+00:00,0.9703479978,0.9907755488
2025-07-23 09:30:00+00:00,0.9706291957,0.9907755488
2025-07-23 10:00:00+00:00,0.9704637852,0.9907755488
2025-07-23 10:30:00+00:00,0.9698021429,0.9907755488
2025-07-23 11:00:00+00:00,0.9698186840,0.9907004890
2025-07-23 11:30:00+00:00,0.9697773313,0.9906983006
2025-07-23 12:00:00+00:00,0.9697525197,0.9907363221
2025-07-23 12:30:00+00:00,0.9697194376,0.9907870212
2025-07-23 13:00:00+00:00,0.9694961334,0.9911293532
2025-07-23 13:30:00+00:00,0.9698186840,0.9906349369
2025-07-23 14:00:00+00:00,0.9698683071,0.9905589093
2025-07-23 14:30:00+00:00,0.9704472441,0.9896726391
2025-07-23 15:00:00+00:00,0.9704472441,0.9896726391
2025-07-23 15:30:00+00:00,0.9715224128,0.9887825885
2025-07-23 16:00:00+00:00,0.9718532339,0.9887204266
2025-07-23 16:30:00+00:00,0.9718863161,0.9887204266
2025-07-23 17:00:00+00:00,0.9723908183,0.9887204266
2025-07-23 17:30:00+00:00,0.9725975815,0.9887204266
2025-07-24 06:00:00+00:00,0.9722422872,0.9887204266
2025-07-24 06:30:00+00:00,0.9714490719,0.9887204266
2025-07-24 07:00:00+00:00,0.9723827524,0.9887204266
2025-07-24 07:30:00+00:00,0.9718291542,0.9887204266
2025-07-24 08:00:00+00:00,0.9721018219,0.9887204266
2025-07-24 08:30:00+00:00,0.9715234358,0.9887204266
2025-07-24 09:00:00+00:00,0.9710607269,0.9887204266
2025-07-24 09:30:00+00:00,0.9710607269,0.9887204266
2025-07-24 10:00:00+00:00,0.9707467459,0.9887204266
2025-07-24 10:30:00+00:00,0.9707880592,0.9887204266
2025-07-24 11:00:00+00:00,0.9706889073,0.9887204266
2025-07-24 11:30:00+00:00,0.9713581826,0.9881473491
2025-07-24 12:00:00+00:00,0.9707963218,0.9889178942
2025-07-24 12:30:00+00:00,0.9697139135,0.9901270692
2025-07-24 13:00:00+00:00,0.9724736416,0.9884919190
2025-07-24 13:30:00+00:00,0.9726306321,0.9884406497
2025-07-24 14:00:00+00:00,0.9726306321,0.9884406497
2025-07-24 14:30:00+00:00,0.9722009739,0.9884406497
2025-07-24 15:00:00+00:00,0.9729859265,0.9884406497
2025-07-24 15:30:00+00:00,0.9720852966,0.9884406497
2025-07-24 16:00:00+00:00,0.9716721637,0.9884406497
2025-07-24 16:30:00+00:00,0.9719035181,0.9884406497
2025-07-24 17:00:00+00:00,0.9724323283,0.9884406497
2025-07-24 17:30:00+00:00,0.9725149549,0.9884406497
2025-07-25 06:00:00+00:00,0.9727302083,0.9884406497
2025-07-25 06:30:00+00:00,0.9726143026,0.9884406497
2025-07-25 07:00:00+00:00,0.9729951356,0.9884406497
2025-07-25 07:30:00+00:00,0.9730448095,0.9884406497
2025-07-25 08:00:00+00:00,0.9724901180,0.9884406497
2025-07-25 08:30:00+00:00,0.9722251907,0.9884406497
2025-07-25 09:00:00+00:00,0.9716870572,0.9884406497
2025-07-25 09:30:00+00:00,0.9715463145,0.9884406497
2025-07-25 10:00:00+00:00,0.9715214776,0.9884406497
2025-07-25 10:30:00+00:00,0.9709833441,0.9884406497
2025-07-25 11:00:00+00:00,0.9697249394,0.9884406497
2025-07-25 11:30:00+00:00,0.9703789786,0.9884406497
2025-07-25 12:00:00+00:00,0.9704866053,0.9884406497
2025-07-25 12:30:00+00:00,0.9701554462,0.9884406497
2025-07-25 13:00:00+00:00,0.9705114423,0.9884406497
2025-07-25 13:30:00+00:00,0.9704452105,0.9884406497
2025-07-25 14:00:00+00:00,0.9714138508,0.9884406497
2025-07-25 14:30:00+00:00,0.9710909707,0.9884406497
2025-07-25 15:00:00+00:00,0.9717615679,0.9884406497
2025-07-25 15:30:00+00:00,0.9710412969,0.9884406497
2025-07-25 16:00:00+00:00,0.9706770218,0.9884406497
2025-07-25 16:30:00+00:00,0.9710412969,0.9884406497
2025-07-25 17:00:00+00:00,0.9714221298,0.9884406497
2025-07-25 17:30:00+00:00,0.9716539412,0.9884406497
2025-07-28 06:00:00+00:00,0.9697753176,0.9884406497
2025-07-28 06:30:00+00:00,0.9700401456,0.9884406497
2025-07-28 07:00:00+00:00,0.9690222129,0.9884406497
2025-07-28 07:30:00+00:00,0.9662084155,0.9884406497
2025-07-28 08:00:00+00:00,0.9671353135,0.9884406497
2025-07-28 08:30:00+00:00,0.9665477263,0.9884406497
2025-07-28 09:00:00+00:00,0.9661918637,0.9884406497
2025-07-28 09:30:00+00:00,0.9655463454,0.9884406497
2025-07-28 10:00:00+00:00,0.9648842754,0.9884406497
2025-07-28 10:30:00+00:00,0.9648015167,0.9884406497
2025-07-28 11:00:00+00:00,0.9642553089,0.9884406497
2025-07-28 11:30:00+00:00,0.9642387571,0.9884406497
2025-07-28 12:00:00+00:00,0.9648677237,0.9884406497
2025-07-28 12:30:00+00:00,0.9648097925,0.9884406497
2025-07-28 13:00:00+00:00,0.9631380657,0.9884406497
2025-07-28 13:30:00+00:00,0.9627573755,0.9884406497
2025-07-28 14:00:00+00:00,0.9635766871,0.9884406497
2025-07-28 14:30:00+00:00,0.9630801346,0.9884406497
2025-07-28 15:00:00+00:00,0.9618222016,0.9884406497
2025-07-28 15:30:00+00:00,0.9607297860,0.9884406497
2025-07-28 16:00:00+00:00,0.9606553032,0.9884406497
2025-07-28 16:30:00+00:00,0.9599353021,0.9884406497
2025-07-28 17:00:00+00:00,0.9596042671,0.9884406497
2025-07-28 17:30:00+00:00,0.9593559908,0.9884406497
2025-07-29 06:00:00+00:00,0.9589168656,0.9884406497
2025-07-29 06:30:00+00:00,0.9556358548,0.9884406497
2025-07-29 07:00:00+00:00,0.9558347039,0.9884406497
2025-07-29 07:30:00+00:00,0.9573674994,0.9884406497
2025-07-29 08:00:00+00:00,0.9582043229,0.9884406497
2025-07-29 08:30:00+00:00,0.9585523089,0.9884406497
2025-07-29 09:00:00+00:00,0.9596459792,0.9884406497
2025-07-29 09:30:00+00:00,0.9591737125,0.9884406497
2025-07-29 10:00:00+00:00,0.9600851044,0.9884406497
2025-07-29 10:30:00+00:00,0.9589500072,0.9884406497
2025-07-29 11:00:00+00:00,0.9579889030,0.9884406497
2025-07-29 11:30:00+00:00,0.9561412630,0.9884406497
2025-07-29 12:00:00+00:00,0.9556689963,0.9884406497
2025-07-29 12:30:00+00:00,0.9548984558,0.9884406497
2025-07-29 13:00:00+00:00,0.9551718734,0.9884406497
2025-07-29 13:30:00+00:00,0.9566135298,0.9884406497
2025-07-29 14:00:00+00:00,0.9557849917,0.9884406497
2025-07-29 14:30:00+00:00,0.9547078922,0.9884406497
2025-07-29 15:00:00+00:00,0.9559341286,0.9884406497
2025-07-29 15:30:00+00:00,0.9556027133,0.9884406497
2025-07-29 16:00:00+00:00,0.9564809638,0.9884406497
2025-07-29 16:30:00+00:00,0.9562655438,0.9884406497
2025-07-29 17:00:00+00:00,0.9571272235,0.9884406497
2025-07-29 17:30:00+00:00,0.9562655438,0.9884406497
2025-07-30 06:00:00+00:00,0.9564394088,0.9884406497
2025-07-30 06:30:00+00:00,0.9568202559,0.9884406497
2025-07-30 07:00:00+00:00,0.9573087336,0.9884406497
2025-07-30 07:30:00+00:00,0.9565553188,0.9884406497
2025-07-30 08:00:00+00:00,0.9566795080,0.9884406497
2025-07-30 08:30:00+00:00,0.9568202558,0.9884406497
2025-07-30 09:00:00+00:00,0.9563731745,0.9884406497
2025-07-30 09:30:00+00:00,0.9564062917,0.9884406497
2025-07-30 10:00:00+00:00,0.9555949219,0.9884406497
2025-07-30 10:30:00+00:00,0.9553796605,0.9884406497
2025-07-30 11:00:00+00:00,0.9546593628,0.9884406497
2025-07-30 11:30:00+00:00,0.9547007592,0.9884406497
2025-07-30 12:00:00+00:00,0.9531028575,0.9884406497
2025-07-30 12:30:00+00:00,0.9498904954,0.9884406497
2025-07-30 13:00:00+00:00,0.9489135399,0.9884406497
2025-07-30 13:30:00+00:00,0.9495841619,0.9884406497
2025-07-30 14:00:00+00:00,0.9501802703,0.9884406497
2025-07-30 14:30:00+00:00,0.9505114416,0.9884406497
2025-07-30 15:00:00+00:00,0.9503706938,0.9884406497
2025-07-30 15:30:00+00:00,0.9495179275,0.9884406497
2025-07-30 16:00:00+00:00,0.9496172790,0.9884406497
2025-07-30 16:30:00+00:00,0.9499650089,0.9884406497
2025-07-30 17:00:00+00:00,0.9501968288,0.9884406497
2025-07-30 17:30:00+00:00,0.9506853066,0.9884406497
2025-07-31 06:00:00+00:00,0.9517742551,0.9884406497
2025-07-31 06:30:00+00:00,0.9525057625,0.9884406497
2025-07-31 07:00:00+00:00,0.9509263715,0.9884406497
2025-07-31 07:30:00+00:00,0.9516911292,0.9884406497
2025-07-31 08:00:00+00:00,0.9512671874,0.9884406497
2025-07-31 08:30:00+00:00,0.9518075054,0.9884406497
2025-07-31 09:00:00+00:00,0.9508931212,0.9884406497
2025-07-31 09:30:00+00:00,0.9503943661,0.9884406497
2025-07-31 10:00:00+00:00,0.9499537992,0.9884406497
2025-07-31 10:30:00+00:00,0.9509346840,0.9884406497
2025-07-31 11:00:00+00:00,0.9509097463,0.9884406497
2025-07-31 11:30:00+00:00,0.9517243795,0.9884406497
2025-07-31 12:00:00+00:00,0.9508432456,0.9884406497
2025-07-31 12:30:00+00:00,0.9500119872,0.9884406497
2025-07-31 13:00:00+00:00,0.9483993459,0.9884406497
2025-07-31 13:30:00+00:00,0.9485822228,0.9884406497
2025-07-31 14:00:00+00:00,0.9497958601,0.9884406497
2025-07-31 14:30:00+00:00,0.9513586259,0.9884406497
2025-07-31 15:00:00+00:00,0.9505439927,0.9884406497
2025-07-31 15:30:00+00:00,0.9501449887,0.9884406497
2025-07-31 16:00:00+00:00,0.9497293595,0.9884406497
2025-07-31 16:30:00+00:00,0.9495132323,0.9884406497
2025-07-31 17:00:00+00:00,0.9495631078,0.9884406497
2025-07-31 17:30:00+00:00,0.9492638547,0.9884406497
2025-08-01 06:00:00+00:00,0.9495129879,0.9884406497
2025-08-01 06:30:00+00:00,0.9491392882,0.9884406497
2025-08-01 07:00:00+00:00,0.9490977660,0.9884406497
2025-08-01 07:30:00+00:00,0.9482839309,0.9884406497
2025-08-01 08:00:00+00:00,0.9483752797,0.9884406497
2025-08-01 08:30:00+00:00,0.9472541804,0.9884406497
2025-08-01 09:00:00+00:00,0.9469552206,0.9884406497
2025-08-01 09:30:00+00:00,0.9468057407,0.9884406497
2025-08-01 10:00:00+00:00,0.9472707893,0.9884406497
2025-08-01 10:30:00+00:00,0.9477192290,0.9884406497
2025-08-01 11:00:00+00:00,0.9476860112,0.9884406497
2025-08-01 11:30:00+00:00,0.9470880916,0.9884406497
2025-08-01 12:00:00+00:00,0.9467143918,0.9884406497
2025-08-01 12:30:00+00:00,0.9587807419,0.9884406497
2025-08-01 13:00:00+00:00,0.9608319385,0.9884406497
2025-08-01 13:30:00+00:00,0.9601426700,0.9884406497
2025-08-01 14:00:00+00:00,0.9606741541,0.9884406497
2025-08-01 14:30:00+00:00,0.9596610125,0.9884406497
2025-08-01 15:00:00+00:00,0.9580997779,0.9884406497
2025-08-01 15:30:00+00:00,0.9595281415,0.9884406497
2025-08-01 16:00:00+00:00,0.9587143064,0.9884406497
2025-08-01 16:30:00+00:00,0.9582824756,0.9884406497
2025-08-01 17:00:00+00:00,0.9571862896,0.9884406497
2025-08-01 17:30:00+00:00,0.9572195074,0.9884406497
2025-08-04 06:00:00+00:00,0.9569216741,0.9884406497
2025-08-04 06:30:00+00:00,0.9573518777,0.9884406497
2025-08-04 07:00:00+00:00,0.9562598224,0.9884406497
2025-08-04 07:30:00+00:00,0.9566982991,0.9884406497
2025-08-04 08:00:00+00:00,0.9564997436,0.9884406497
2025-08-04 08:30:00+00:00,0.9562267298,0.9884406497
2025-08-04 09:00:00+00:00,0.9572774194,0.9884406497
2025-08-04 09:30:00+00:00,0.9567644843,0.9884406497
2025-08-04 10:00:00+00:00,0.9563591002,0.9884406497
2025-08-04 10:30:00+00:00,0.9575338869,0.9884406497
2025-08-04 11:00:00+00:00,0.9579806368,0.9884406497
2025-08-04 11:30:00+00:00,0.9569382205,0.9884406497
2025-08-04 12:00:00+00:00,0.9583694747,0.9884406497
2025-08-04 12:30:00+00:00,0.9576414378,0.9884406497
2025-08-04 13:00:00+00:00,0.9585349376,0.9884406497
2025-08-04 13:30:00+00:00,0.9576910767,0.9884406497
2025-08-04 14:00:00+00:00,0.9582453774,0.9884406497
2025-08-04 14:30:00+00:00,0.9567065723,0.9884406497
2025-08-04 15:00:00+00:00,0.9568554889,0.9884406497
2025-08-04 15:30:00+00:00,0.9569547667,0.9884406497
2025-08-04 16:00:00+00:00,0.9567893037,0.9884406497
2025-08-04 16:30:00+00:00,0.9573766971,0.9884406497
2025-08-04 17:00:00+00:00,0.9571202296,0.9884406497
2025-08-04 17:30:00+00:00,0.9574511554,0.9884406497
2025-08-05 06:00:00+00:00,0.9580812648,0.9884406497
2025-08-05 06:30:00+00:00,0.9576750101,0.9884406497
2025-08-05 07:00:00+00:00,0.9584046104,0.9884406497
2025-08-05 07:30:00+00:00,0.9573019190,0.9884406497
2025-08-05 08:00:00+00:00,0.9570034461,0.9884406497
2025-08-05 08:30:00+00:00,0.9565142823,0.9884406497
2025-08-05 09:00:00+00:00,0.9570531916,0.9884406497
2025-08-05 09:30:00+00:00,0.9569537006,0.9884406497
2025-08-05 10:00:00+00:00,0.9563899186,0.9884406497
2025-08-05 10:30:00+00:00,0.9571361007,0.9884406497
2025-08-05 11:00:00+00:00,0.9570863552,0.9884311759
2025-08-05 11:30:00+00:00,0.9567381369,0.9885851799
2025-08-05 12:00:00+00:00,0.9564894095,0.9887126260
2025-08-05 12:30:00+00:00,0.9565474459,0.9886828842
2025-08-05 13:00:00+00:00,0.9576667190,0.9881098185
2025-08-05 13:30:00+00:00,0.9565474459,0.9886828842
2025-08-05 14:00:00+00:00,0.9570863552,0.9884068385
2025-08-05 14:30:00+00:00,0.9588606105,0.9874996516
2025-08-05 15:00:00+00:00,0.9600213382,0.9869075224
2025-08-05 15:30:00+00:00,0.9600545019,0.9868906201
2025-08-05 16:00:00+00:00,0.9602700656,0.9867807769
2025-08-05 16:30:00+00:00,0.9603363929,0.9867469863
2025-08-05 17:00:00+00:00,0.9601208292,0.9868568183
2025-08-05 17:30:00+00:00,0.9599384291,0.9869497818
2025-08-06 06:00:00+00:00,0.9604441442,0.9867988127
2025-08-06 06:30:00+00:00,0.9599135578,0.9869997893
2025-08-06 07:00:00+00:00,0.9595487797,0.9871889973
2025-08-06 07:30:00+00:00,0.9601125277,0.9868732202
2025-08-06 08:00:00+00:00,0.9594990373,0.9872168737
2025-08-06 08:30:00+00:00,0.9596316839,0.9871425415
2025-08-06 09:00:00+00:00,0.9602120126,0.9868175246
2025-08-06 09:30:00+00:00,0.9604441441,0.9866876028
2025-08-06 10:00:00+00:00,0.9614058318,0.9861498715
2025-08-06 10:30:00+00:00,0.9622763250,0.9856638479
2025-08-06 11:00:00+00:00,0.9626991359,0.9854280243
2025-08-06 11:30:00+00:00,0.9620441934,0.9857933878
2025-08-06 12:00:00+00:00,0.9620939359,0.9857529445
2025-08-06 12:30:00+00:00,0.9636525332,0.9857264132
2025-08-06 13:00:00+00:00,0.9637271469,0.9857264132
2025-08-06 13:30:00+00:00,0.9646556730,0.9854210968
2025-08-06 14:00:00+00:00,0.9645313168,0.9854670209
2025-08-06 14:30:00+00:00,0.9639592784,0.9858096148
2025-08-06 15:00:00+00:00,0.9649209661,0.9852338442
2025-08-06 15:30:00+00:00,0.9655178757,0.9848769269
2025-08-06 16:00:00+00:00,0.9651116455,0.9851197909
2025-08-06 16:30:00+00:00,0.9645561880,0.9854521328
2025-08-06 17:00:00+00:00,0.9656671031,0.9847877523
2025-08-06 17:30:00+00:00,0.9657665880,0.9847283146
2025-08-07 06:00:00+00:00,0.9658327636,0.9846813652
2025-08-07 06:30:00+00:00,0.9658327636,0.9846667621
2025-08-07 07:00:00+00:00,0.9660230184,0.9845336449
2025-08-07 07:30:00+00:00,0.9669660206,0.9839500548
2025-08-07 08:00:00+00:00,0.9659816587,0.9845592619
2025-08-07 08:30:00+00:00,0.9663952562,0.9843031710
2025-08-07 09:00:00+00:00,0.9660643782,0.9845080296
2025-08-07 09:30:00+00:00,0.9653860784,0.9849283426
2025-08-07 10:00:00+00:00,0.9647160505,0.9853439963
2025-08-07 10:30:00+00:00,0.9653612626,0.9849437290
2025-08-07 11:00:00+00:00,0.9640625666,0.9857498342
2025-08-07 11:30:00+00:00,0.9632353717,0.9862641878
2025-08-07 12:00:00+00:00,0.9634835301,0.9861098072
2025-08-07 12:30:00+00:00,0.9637647764,0.9859660002
2025-08-07 13:00:00+00:00,0.9640294788,0.9858698118
2025-08-07 13:30:00+00:00,0.9630864766,0.9861630238
2025-08-07 14:00:00+00:00,0.9614899904,0.9866602810
2025-08-07 14:30:00+00:00,0.9615644380,0.9866370689
2025-08-07 15:00:00+00:00,0.9622923695,0.9864102297
2025-08-07 15:30:00+00:00,0.9628465900,0.9862376726
2025-08-07 16:00:00+00:00,0.9631195643,0.9861527294
2025-08-07 16:30:00+00:00,0.9627059669,0.9862814435
2025-08-07 17:00:00+00:00,0.9625818877,0.9863200718
2025-08-07 17:30:00+00:00,0.9622840975,0.9864128062
2025-08-08 06:00:00+00:00,0.9628379420,0.9863145789
2025-08-08 06:30:00+00:00,0.9630446004,0.9861149429
2025-08-08 07:00:00+00:00,0.9634413845,0.9855612336
2025-08-08 07:30:00+00:00,0.9637885705,0.9851152672
2025-08-08 08:00:00+00:00,0.9632264597,0.9858374898
2025-08-08 08:30:00+00:00,0.9619699767,0.9870217676
2025-08-08 09:00:00+00:00,0.9615235946,0.9872806910
2025-08-08 09:30:00+00:00,0.9623502282,0.9869867838
2025-08-08 10:00:00+00:00,0.9617219867,0.9869606031
2025-08-08 10:30:00+00:00,0.9618377153,0.9869606031
2025-08-08 11:00:00+00:00,0.9623419618,0.9869606031
2025-08-08 11:30:00+00:00,0.9625155549,0.9869606031
2025-08-08 12:00:00+00:00,0.9630115350,0.9869606031
2025-08-08 12:30:00+00:00,0.9623502282,0.9869606031
2025-08-08 13:00:00+00:00,0.9630941984,0.9864015153
2025-08-08 13:30:00+00:00,0.9629288717,0.9865639857
2025-08-08 14:00:00+00:00,0.9634000528,0.9859292690
2025-08-08 14:30:00+00:00,0.9635323141,0.9857512321
2025-08-08 15:00:00+00:00,0.9642018873,0.9848507881
2025-08-08 15:30:00+00:00,0.9638381685,0.9853397385
2025-08-08 16:00:00+00:00,0.9632925904,0.9860739657
2025-08-08 16:30:00+00:00,0.9635571131,0.9857178565
2025-08-08 17:00:00+00:00,0.9642432190,0.9847952525
2025-08-08 17:30:00+00:00,0.9637720379,0.9854286844
2025-08-11 06:00:00+00:00,0.9635407828,0.9855240493
2025-08-11 06:30:00+00:00,0.9633590824,0.9856794432
2025-08-11 07:00:00+00:00,0.9625662079,0.9867531459
2025-08-11 07:30:00+00:00,0.9619550338,0.9873643151
2025-08-11 08:00:00+00:00,0.9626157625,0.9868750921
2025-08-11 08:30:00+00:00,0.9625909852,0.9868923665
2025-08-11 09:00:00+00:00,0.9616329285,0.9875608823
2025-08-11 09:30:00+00:00,0.9614677463,0.9876762568
2025-08-11 10:00:00+00:00,0.9617402969,0.9874859068
2025-08-11 10:30:00+00:00,0.9619385156,0.9873475273
2025-08-11 11:00:00+00:00,0.9610795681,0.9879475179
2025-08-11 11:30:00+00:00,0.9604270984,0.9884038824
2025-08-11 12:00:00+00:00,0.9599563292,0.9887334817
2025-08-11 12:30:00+00:00,0.9597250741,0.9888954896
2025-08-11 13:00:00+00:00,0.9598076652,0.9888376221
2025-08-11 13:30:00+00:00,0.9596672604,0.9889360018
2025-08-11 14:00:00+00:00,0.9582301753,0.9899443392
2025-08-11 14:30:00+00:00,0.9577098514,0.9903100537
2025-08-11 15:00:00+00:00,0.9583540619,0.9898573136
2025-08-11 15:30:00+00:00,0.9585935761,0.9896891175
2025-08-11 16:00:00+00:00,0.9589652360,0.9894282633
2025-08-11 16:30:00+00:00,0.9586761672,0.9896311352
2025-08-11 17:00:00+00:00,0.9584696894,0.9897761066
2025-08-11 17:30:00+00:00,0.9589652360,0.9894282633
2025-08-12 06:00:00+00:00,0.9587588098,0.9894722314
2025-08-12 06:30:00+00:00,0.9585936689,0.9895775084
2025-08-12 07:00:00+00:00,0.9592872609,0.9885058029
2025-08-12 07:30:00+00:00,0.9594936871,0.9882014672
2025-08-12 08:00:00+00:00,0.9595267152,0.9881527883
2025-08-12 08:30:00+00:00,0.9590478065,0.9888590317
2025-08-12 09:00:00+00:00,0.9583377004,0.9899077999
2025-08-12 09:30:00+00:00,0.9583459574,0.9898955940
2025-08-12 10:00:00+00:00,0.9585771548,0.9895539344
2025-08-12 10:30:00+00:00,0.9586762393,0.9894075702
2025-08-12 11:00:00+00:00,0.9582964152,0.9899688329
2025-08-12 11:30:00+00:00,0.9582468729,0.9900420809
2025-08-12 12:00:00+00:00,0.9582551299,0.9900298723
2025-08-12 12:30:00+00:00,0.9613184945,0.9877056473
2025-08-12 13:00:00+00:00,0.9597166273,0.9876459091
2025-08-12 13:30:00+00:00,0.9621276851,0.9876459091
2025-08-12 14:00:00+00:00,0.9622102556,0.9876459091
2025-08-12 14:30:00+00:00,0.9626065939,0.9876459091
2025-08-12 15:00:00+00:00,0.9648690249,0.9876459091
2025-08-12 15:30:00+00:00,0.9637708375,0.9876459091
2025-08-12 16:00:00+00:00,0.9643901161,0.9876459091
2025-08-12 16:30:00+00:00,0.9644066302,0.9876459091
2025-08-12 17:00:00+00:00,0.9642249751,0.9876459091
2025-08-12 17:30:00+00:00,0.9638616650,0.9876459091
2025-08-13 06:00:00+00:00,0.9642908183,0.9876459091
2025-08-13 06:30:00+00:00,0.9649510540,0.9876459091
2025-08-13 07:00:00+00:00,0.9661724901,0.9876459091
2025-08-13 07:30:00+00:00,0.9662550196,0.9876459091
2025-08-13 08:00:00+00:00,0.9669812789,0.9876459091
2025-08-13 08:30:00+00:00,0.9667667023,0.9876459091
2025-08-13 09:00:00+00:00,0.9678560913,0.9876459091
2025-08-13 09:30:00+00:00,0.9680211502,0.9876459091
2025-08-13 10:00:00+00:00,0.9673939263,0.9876459091
2025-08-13 10:30:00+00:00,0.9669647730,0.9876459091
2025-08-13 11:00:00+00:00,0.9666264022,0.9876459091
2025-08-13 11:30:00+00:00,0.9671793496,0.9876459091
2025-08-13 12:00:00+00:00,0.9667997141,0.9876459091
2025-08-13 12:30:00+00:00,0.9655122544,0.9876459091
2025-08-13 13:00:00+00:00,0.9657515899,0.9876459091
2025-08-13 13:30:00+00:00,0.9659744194,0.9876459091
2025-08-13 14:00:00+00:00,0.9673279027,0.9876459091
2025-08-13 14:30:00+00:00,0.9672453733,0.9876459091
2025-08-13 15:00:00+00:00,0.9669317613,0.9876459091
2025-08-13 15:30:00+00:00,0.9667254376,0.9876459091
2025-08-13 16:00:00+00:00,0.9667171847,0.9876459091
2025-08-13 16:30:00+00:00,0.9661642372,0.9876459091
2025-08-13 17:00:00+00:00,0.9662880314,0.9875170266
2025-08-13 17:30:00+00:00,0.9659331547,0.9879019099
2025-08-14 06:00:00+00:00,0.9661147614,0.9877398645
2025-08-14 06:30:00+00:00,0.9645958688,0.9891029695
2025-08-14 07:00:00+00:00,0.9643069490,0.9894276572
2025-08-14 07:30:00+00:00,0.9641666165,0.9895977312
2025-08-14 08:00:00+00:00,0.9645133203,0.9891776463
2025-08-14 08:30:00+00:00,0.9632007989,0.9903405445
2025-08-14 09:00:00+00:00,0.9646701624,0.9896334422
2025-08-14 09:30:00+00:00,0.9643234586,0.9898882861
2025-08-14 10:00:00+00:00,0.9654378635,0.9885233688
2025-08-14 10:30:00+00:00,0.9654461183,0.9885134945
2025-08-14 11:00:00+00:00,0.9646536527,0.9894622631
2025-08-14 11:30:00+00:00,0.9648600239,0.9892150252
2025-08-14 12:00:00+00:00,0.9644142620,0.9897492027
2025-08-14 12:30:00+00:00,0.9628375854,0.9911435003
2025-08-14 13:00:00+00:00,0.9619212970,0.9916692044
2025-08-14 13:30:00+00:00,0.9617066708,0.9917984737
2025-08-14 14:00:00+00:00,0.9627963112,0.9911426561
2025-08-14 14:30:00+00:00,0.9625899399,0.9912667737
2025-08-14 15:00:00+00:00,0.9617314354,0.9917835557
2025-08-14 15:30:00+00:00,0.9611123216,0.9921566888
2025-08-14 16:00:00+00:00,0.9607408533,0.9923807514
2025-08-14 16:30:00+00:00,0.9604024044,0.9925850169
2025-08-14 17:00:00+00:00,0.9608646760,0.9923060486
2025-08-14 17:30:00+00:00,0.9606005208,0.9924654330
2025-08-15 06:00:00+00:00,0.9602630637,0.9925440939
2025-08-15 06:30:00+00:00,0.9606663661,0.9922152449
2025-08-15 07:00:00+00:00,0.9611272831,0.9916476997
2025-08-15 07:30:00+00:00,0.9615717389,0.9911343010
2025-08-15 08:00:00+00:00,0.9612342818,0.9915240577
2025-08-15 08:30:00+00:00,0.9615305856,0.9911818168
2025-08-15 09:00:00+00:00,0.9619503493,0.9906973581
2025-08-15 09:30:00+00:00,0.9619750413,0.9906688745
2025-08-15 10:00:00+00:00,0.9616540455,0.9910392824
2025-08-15 10:30:00+00:00,0.9618186587,0.9908492969
2025-08-15 11:00:00+00:00,0.9620079640,0.9906308988
2025-08-15 11:30:00+00:00,0.9619750413,0.9906688745
2025-08-15 12:00:00+00:00,0.9618762734,0.9907828183
2025-08-15 12:30:00+00:00,0.9625100343,0.9900521099
2025-08-15 13:00:00+00:00,0.9622795758,0.9903177040
2025-08-15 13:30:00+00:00,0.9633001778,0.9896667584
2025-08-15 14:00:00+00:00,0.9638434015,0.9891608597
2025-08-15 14:30:00+00:00,0.9639586308,0.9889994070
2025-08-15 15:00:00+00:00,0.9639586308,0.9889994070
2025-08-15 15:30:00+00:00,0.9635470977,0.9894877237
2025-08-15 16:00:00+00:00,0.9632837165,0.9898004824
2025-08-15 16:30:00+00:00,0.9633001778,0.9897809295
2025-08-15 17:00:00+00:00,0.9630450273,0.9900840792
2025-08-15 17:30:00+00:00,0.9633495618,0.9897222754
2025-08-18 06:00:00+00:00,0.9625595263,0.9901411309
2025-08-18 06:30:00+00:00,0.9625677558,0.9901084271
2025-08-18 07:00:00+00:00,0.9628804782,0.9897108941
2025-08-18 07:30:00+00:00,0.9613250958,0.9910754642
2025-08-18 08:00:00+00:00,0.9616295887,0.9908709251
2025-08-18 08:30:00+00:00,0.9613662435,0.9910279999
2025-08-18 09:00:00+00:00,0.9613497844,0.9910378193
2025-08-18 09:30:00+00:00,0.9612428005,0.9911016521
2025-08-18 10:00:00+00:00,0.9611275869,0.9911704076
2025-08-18 10:30:00+00:00,0.9612921777,0.9910721894
2025-08-18 11:00:00+00:00,0.9617365727,0.9908071329
2025-08-18 11:30:00+00:00,0.9607984055,0.9913669236
2025-08-18 12:00:00+00:00,0.9606831920,0.9914357293
2025-08-18 12:30:00+00:00,0.9609300781,0.9912883044
2025-08-18 13:00:00+00:00,0.9608642418,0.9913276119
2025-08-18 13:30:00+00:00,0.9610288325,0.9912293512
2025-08-18 14:00:00+00:00,0.9610123734,0.9912391761
2025-08-18 14:30:00+00:00,0.9599096155,0.9918980483
2025-08-18 15:00:00+00:00,0.9603375514,0.9916422247
2025-08-18 15:30:00+00:00,0.9601565016,0.9917504358
2025-08-18 16:00:00+00:00,0.9600412881,0.9918193142
2025-08-18 16:30:00+00:00,0.9593993842,0.9922033041
2025-08-18 17:00:00+00:00,0.9597614838,0.9919866446
2025-08-18 17:30:00+00:00,0.9597944020,0.9919669546
2025-08-19 06:00:00+00:00,0.9601155604,0.9918467251
2025-08-19 06:30:00+00:00,0.9613672549,0.9906779213
2025-08-19 07:00:00+00:00,0.9615648909,0.9903361556
2025-08-19 07:30:00+00:00,0.9621413291,0.9894804829
2025-08-19 08:00:00+00:00,0.9617625268,0.9900426410
2025-08-19 08:30:00+00:00,0.9614166639,0.9905563882
2025-08-19 09:00:00+00:00,0.9614743077,0.9904707323
2025-08-19 09:30:00+00:00,0.9618448752,0.9899203867
2025-08-19 10:00:00+00:00,0.9627177674,0.9886260614
2025-08-19 10:30:00+00:00,0.9625530707,0.9888700543
2025-08-19 11:00:00+00:00,0.9620425111,0.9896270807
2025-08-19 11:30:00+00:00,0.9622895561,0.9892606552
2025-08-19 12:00:00+00:00,0.9619436931,0.9897737153
2025-08-19 12:30:00+00:00,0.9614660729,0.9904829681
2025-08-19 13:00:00+00:00,0.9613507852,0.9905084487
2025-08-19 13:30:00+00:00,0.9615319515,0.9904482812
2025-08-19 14:00:00+00:00,0.9609390436,0.9904482812
2025-08-19 14:30:00+00:00,0.9611860886,0.9904482812
2025-08-19 15:00:00+00:00,0.9610131571,0.9904482812
2025-08-19 15:30:00+00:00,0.9600743862,0.9904482812
2025-08-19 16:00:00+00:00,0.9597861671,0.9904482812
2025-08-19 16:30:00+00:00,0.9598767503,0.9904482812
2025-08-19 17:00:00+00:00,0.9599014547,0.9904482812
2025-08-19 17:30:00+00:00,0.9597449929,0.9904482812
2025-08-20 06:00:00+00:00,0.9586895579,0.9904482812
2025-08-20 06:30:00+00:00,0.9592585034,0.9904482812
2025-08-20 07:00:00+00:00,0.9602479737,0.9904482812
2025-08-20 07:30:00+00:00,0.9601985002,0.9904482812
2025-08-20 08:00:00+00:00,0.9595141166,0.9904482812
2025-08-20 08:30:00+00:00,0.9596130636,0.9904482812
2025-08-20 09:00:00+00:00,0.9599016591,0.9904482812
2025-08-20 09:30:00+00:00,0.9601985002,0.9904482812
2025-08-20 10:00:00+00:00,0.9609735853,0.9904482812
2025-08-20 10:30:00+00:00,0.9603634119,0.9904482812
2025-08-20 11:00:00+00:00,0.9601737634,0.9904482812
2025-08-20 11:30:00+00:00,0.9599511326,0.9904482812
2025-08-20 12:00:00+00:00,0.9608169191,0.9904482812
2025-08-20 12:30:00+00:00,0.9623505981,0.9904482812
2025-08-20 13:00:00+00:00,0.9616827057,0.9904482812
2025-08-20 13:30:00+00:00,0.9613363911,0.9904482812
2025-08-20 14:00:00+00:00,0.9609406030,0.9904482812
2025-08-20 14:30:00+00:00,0.9616991969,0.9904482812
2025-08-20 15:00:00+00:00,0.9616084954,0.9904482812
2025-08-20 15:30:00+00:00,0.9604541134,0.9904482812
2025-08-20 16:00:00+00:00,0.9613858646,0.9904482812
2025-08-20 16:30:00+00:00,0.9614188470,0.9904482812
2025-08-20 17:00:00+00:00,0.9619795468,0.9904482812
2025-08-20 17:30:00+00:00,0.9623918261,0.9904482812
2025-08-21 06:00:00+00:00,0.9611608926,0.9904482812
2025-08-21 06:30:00+00:00,0.9607808728,0.9904482812
2025-08-21 07:00:00+00:00,0.9619044095,0.9904482812
2025-08-21 07:30:00+00:00,0.9631518657,0.9904482812
2025-08-21 08:00:00+00:00,0.9627553234,0.9904482812
2025-08-21 08:30:00+00:00,0.9628379364,0.9904482812
2025-08-21 09:00:00+00:00,0.9631022979,0.9904482812
2025-08-21 09:30:00+00:00,0.9628379364,0.9904482812
2025-08-21 10:00:00+00:00,0.9624413940,0.9904482812
2025-08-21 10:30:00+00:00,0.9623918262,0.9904482812
2025-08-21 11:00:00+00:00,0.9624248714,0.9904482812
2025-08-21 11:30:00+00:00,0.9616483092,0.9904482812
2025-08-21 12:00:00+00:00,0.9616978770,0.9904482812
2025-08-21 12:30:00+00:00,0.9621605098,0.9904482812
2025-08-21 13:00:00+00:00,0.9621192033,0.9904482812
2025-08-21 13:30:00+00:00,0.9600456171,0.9904482812
2025-08-21 14:00:00+00:00,0.9600125719,0.9904482812
2025-08-21 14:30:00+00:00,0.9596077682,0.9904482812
2025-08-21 15:00:00+00:00,0.9599464815,0.9904482812
2025-08-21 15:30:00+00:00,0.9586742414,0.9904482812
2025-08-21 16:00:00+00:00,0.9589220804,0.9904482812
2025-08-21 16:30:00+00:00,0.9592360098,0.9904482812
2025-08-21 17:00:00+00:00,0.9594342810,0.9904482812
2025-08-21 17:30:00+00:00,0.9595499392,0.9904482812
2025-08-22 06:00:00+00:00,0.9599308904,0.9904482812
2025-08-22 06:30:00+00:00,0.9597155702,0.9904482812
2025-08-22 07:00:00+00:00,0.9603284048,0.9904482812
2025-08-22 07:30:00+00:00,0.9602124631,0.9904716768
2025-08-22 08:00:00+00:00,0.9600965214,0.9905809099
2025-08-22 08:30:00+00:00,0.9606182590,0.9897802640
2025-08-22 09:00:00+00:00,0.9605105989,0.9899453880
2025-08-22 09:30:00+00:00,0.9603698125,0.9901613890
2025-08-22 10:00:00+00:00,0.9604609096,0.9900216146
2025-08-22 10:30:00+00:00,0.9603284048,0.9902249337
2025-08-22 11:00:00+00:00,0.9604112203,0.9900978511
2025-08-22 11:30:00+00:00,0.9610406180,0.9891329140
2025-08-22 12:00:00+00:00,0.9615789187,0.9886554052
2025-08-22 12:30:00+00:00,0.9613884431,0.9888432916
2025-08-22 13:00:00+00:00,0.9614712586,0.9886845837
2025-08-22 13:30:00+00:00,0.9607093561,0.9898568752
2025-08-22 14:00:00+00:00,0.9680550900,0.9841788393
2025-08-22 14:30:00+00:00,0.9704484575,0.9841107736
2025-08-22 15:00:00+00:00,0.9709950398,0.9841107736
2025-08-22 15:30:00+00:00,0.9699515646,0.9841107736
2025-08-22 16:00:00+00:00,0.9705312730,0.9841107736
2025-08-22 16:30:00+00:00,0.9707548748,0.9841107736
2025-08-22 17:00:00+00:00,0.9720053887,0.9841107736
2025-08-22 17:30:00+00:00,0.9719971072,0.9841107736
2025-08-25 06:00:00+00:00,0.9735173323,0.9841107736
2025-08-25 06:30:00+00:00,0.9731684282,0.9841107736
2025-08-25 07:00:00+00:00,0.9730272051,0.9841107736
2025-08-25 07:30:00+00:00,0.9717645043,0.9841107736
2025-08-25 08:00:00+00:00,0.9722297098,0.9841107736
2025-08-25 08:30:00+00:00,0.9722878605,0.9841107736
2025-08-25 09:00:00+00:00,0.9717977332,0.9841107736
2025-08-25 09:30:00+00:00,0.9713823711,0.9841107736
2025-08-25 10:00:00+00:00,0.9708673222,0.9841107736
2025-08-25 10:30:00+00:00,0.9709337801,0.9841107736
2025-08-25 11:00:00+00:00,0.9715152870,0.9841107736
2025-08-25 11:30:00+00:00,0.9721798663,0.9841107736
2025-08-25 12:00:00+00:00,0.9715485160,0.9841107736
2025-08-25 12:30:00+00:00,0.9719306491,0.9841107736
2025-08-25 13:00:00+00:00,0.9716648174,0.9841107736
2025-08-25 13:30:00+00:00,0.9722047880,0.9841107736
2025-08-25 14:00:00+00:00,0.9721881736,0.9841107736
2025-08-25 14:30:00+00:00,0.9711248467,0.9841107736
2025-08-25 15:00:00+00:00,0.9706679484,0.9841107736
2025-08-25 15:30:00+00:00,0.9693969404,0.9841107736
2025-08-25 16:00:00+00:00,0.9690563435,0.9841107736
2025-08-25 16:30:00+00:00,0.9681923904,0.9841107736
2025-08-25 17:00:00+00:00,0.9678102573,0.9841107736
2025-08-25 17:30:00+00:00,0.9675278111,0.9841107736
2025-08-26 06:00:00+00:00,0.9664889063,0.9841107736
2025-08-26 06:30:00+00:00,0.9659486759,0.9841107736
2025-08-26 07:00:00+00:00,0.9656494713,0.9841107736
2025-08-26 07:30:00+00:00,0.9659154309,0.9841107736
2025-08-26 08:00:00+00:00,0.9655497365,0.9841107736
2025-08-26 08:30:00+00:00,0.9655996039,0.9841107736
2025-08-26 09:00:00+00:00,0.9670291368,0.9841107736
2025-08-26 09:30:00+00:00,0.9676441684,0.9841107736
2025-08-26 10:00:00+00:00,0.9677106583,0.9841107736
2025-08-26 10:30:00+00:00,0.9678436381,0.9841107736
2025-08-26 11:00:00+00:00,0.9675943010,0.9841804578
2025-08-26 11:30:00+00:00,0.9685833383,0.9832785145
2025-08-26 12:00:00+00:00,0.9685417821,0.9833148018
2025-08-26 12:30:00+00:00,0.9679433730,0.9838376598
2025-08-26 13:00:00+00:00,0.9678519494,0.9839175938
2025-08-26 13:30:00+00:00,0.9683589349,0.9834745002
2025-08-26 14:00:00+00:00,0.9690404564,0.9828795456
2025-08-26 14:30:00+00:00,0.9686498282,0.9832204609
2025-08-26 15:00:00+00:00,0.9686581395,0.9832132047
2025-08-26 15:30:00+00:00,0.9687246294,0.9831551595
2025-08-26 16:00:00+00:00,0.9689989002,0.9829158011
2025-08-26 16:30:00+00:00,0.9681594652,0.9836487806
2025-08-26 17:00:00+00:00,0.9682259551,0.9835906797
2025-08-26 17:30:00+00:00,0.9672452290,0.9844484212
2025-08-27 06:00:00+00:00,0.9672036106,0.9844290229
2025-08-27 06:30:00+00:00,0.9672951711,0.9843471988
2025-08-27 07:00:00+00:00,0.9659800292,0.9855079898
2025-08-27 07:30:00+00:00,0.9658385266,0.9855329948
2025-08-27 08:00:00+00:00,0.9646648874,0.9854943142
2025-08-27 08:30:00+00:00,0.9646149453,0.9854781720
2025-08-27 09:00:00+00:00,0.9651143662,0.9849931113
2025-08-27 09:30:00+00:00,0.9647314768,0.9853368250
2025-08-27 10:00:00+00:00,0.9643485874,0.9856807952
2025-08-27 10:30:00+00:00,0.9638408427,0.9861373256
2025-08-27 11:00:00+00:00,0.9641737901,0.9858379104
2025-08-27 11:30:00+00:00,0.9643818821,0.9856508746
2025-08-27 12:00:00+00:00,0.9649645399,0.9851275775
2025-08-27 12:30:00+00:00,0.9644235005,0.9856134766
2025-08-27 13:00:00+00:00,0.9650144820,0.9850827511
2025-08-27 13:30:00+00:00,0.9653807240,0.9847541573
2025-08-27 14:00:00+00:00,0.9646149452,0.9854414845
2025-08-27 14:30:00+00:00,0.9649145978,0.9851724083
2025-08-27 15:00:00+00:00,0.9662130923,0.9840082236
2025-08-27 15:30:00+00:00,0.9664461554,0.9837995785
2025-08-27 16:00:00+00:00,0.9672036106,0.9834223859
2025-08-27 16:30:00+00:00,0.9687268445,0.9823790785
2025-08-27 17:00:00+00:00,0.9683938972,0.9826574304
2025-08-27 17:30:00+00:00,0.9686935498,0.9823886095
2025-08-28 06:00:00+00:00,0.9687684648,0.9823164733
2025-08-28 06:30:00+00:00,0.9691513641,0.9820389824
2025-08-28 07:00:00+00:00,0.9687851126,0.9823469166
2025-08-28 07:30:00+00:00,0.9692179553,0.9819591776
2025-08-28 08:00:00+00:00,0.9682940026,0.9827872465
2025-08-28 08:30:00+00:00,0.9691014206,0.9820635368
2025-08-28 09:00:00+00:00,0.9694510243,0.9817505303
2025-08-28 09:30:00+00:00,0.9696341501,0.9815866593
2025-08-28 10:00:00+00:00,0.9709326781,0.9804263353
2025-08-28 10:30:00+00:00,0.9715319987,0.9798917867
2025-08-28 11:00:00+00:00,0.9712489862,0.9801441350
2025-08-28 11:30:00+00:00,0.9711241277,0.9802555092
2025-08-28 12:00:00+00:00,0.9714154641,0.9799956780
2025-08-28 12:30:00+00:00,0.9713655207,0.9800402101
2025-08-28 13:00:00+00:00,0.9706996090,0.9806343833
2025-08-28 13:30:00+00:00,0.9715902660,0.9798398498
2025-08-28 14:00:00+00:00,0.9725142186,0.9793919307
2025-08-28 14:30:00+00:00,0.9714321119,0.9803296267
2025-08-28 15:00:00+00:00,0.9710075932,0.9808724159
2025-08-28 15:30:00+00:00,0.9715819421,0.9800900455
2025-08-28 16:00:00+00:00,0.9724143318,0.9789581020
2025-08-28 16:30:00+00:00,0.9730219763,0.9784871860
2025-08-28 17:00:00+00:00,0.9734131995,0.9780562697
2025-08-28 17:30:00+00:00,0.9728971178,0.9787419500
2025-08-29 06:00:00+00:00,0.9728220866,0.9787371320
2025-08-29 06:30:00+00:00,0.9726720240,0.9788614514
2025-08-29 07:00:00+00:00,0.9723969094,0.9792221035
2025-08-29 07:30:00+00:00,0.9734056632,0.9777853704
2025-08-29 08:00:00+00:00,0.9735557257,0.9775719488
2025-08-29 08:30:00+00:00,0.9733889896,0.9778090888
2025-08-29 09:00:00+00:00,0.9734890312,0.9776667930
2025-08-29 09:30:00+00:00,0.9731555589,0.9781412497
2025-08-29 10:00:00+00:00,0.9730471804,0.9782955327
2025-08-29 10:30:00+00:00,0.9727137081,0.9787705102
2025-08-29 11:00:00+00:00,0.9723552254,0.9792815500
2025-08-29 11:30:00+00:00,0.9723385518,0.9793053304
2025-08-29 12:00:00+00:00,0.9718883642,0.9797251416
2025-08-29 12:30:00+00:00,0.9719633955,0.9796408554
2025-08-29 13:00:00+00:00,0.9722468469,0.9794386211
2025-08-29 13:30:00+00:00,0.9727887394,0.9792058156
2025-08-29 14:00:00+00:00,0.9742059967,0.9778990829
2025-08-29 14:30:00+00:00,0.9757733165,0.9771643047
2025-08-29 15:00:00+00:00,0.9753314657,0.9771260266
2025-08-29 15:30:00+00:00,0.9749396358,0.9771260266
2025-08-29 16:00:00+00:00,0.9754481810,0.9771260266
2025-08-29 16:30:00+00:00,0.9755482227,0.9771260266
2025-08-29 17:00:00+00:00,0.9752897817,0.9771260266
2025-08-29 17:30:00+00:00,0.9751063719,0.9771260266
2025-09-01 06:00:00+00:00,0.9758555317,0.9771260266
2025-09-01 06:30:00+00:00,0.9760053636,0.9771260266
2025-09-01 07:00:00+00:00,0.9757556437,0.9771260266
2025-09-01 07:30:00+00:00,0.9760386596,0.9771260266
2025-09-01 08:00:00+00:00,0.9756307837,0.9773676907
2025-09-01 08:30:00+00:00,0.9768377634,0.9754954063
2025-09-01 09:00:00+00:00,0.9759470956,0.9760984264
2025-09-01 09:30:00+00:00,0.9755308957,0.9760400603
2025-09-01 10:00:00+00:00,0.9759221236,0.9760400603
2025-09-01 10:30:00+00:00,0.9755392197,0.9760400603
2025-09-01 11:00:00+00:00,0.9760553076,0.9760400603
2025-09-01 11:30:00+00:00,0.9751063719,0.9760400603
2025-09-01 12:00:00+00:00,0.9750064839,0.9760400603
2025-09-01 12:30:00+00:00,0.9745320160,0.9760400603
2025-09-01 13:00:00+00:00,0.9747650880,0.9760400603
2025-09-01 13:30:00+00:00,0.9745569880,0.9760400603
2025-09-01 14:00:00+00:00,0.9748067080,0.9757878942
2025-09-01 14:30:00+00:00,0.9748150320,0.9757107681
2025-09-01 15:00:00+00:00,0.9743239161,0.9764485833
2025-09-01 15:30:00+00:00,0.9738744203,0.9771246873
2025-09-01 16:00:00+00:00,0.9741241402,0.9767489777
2025-09-01 16:30:00+00:00,0.9743072681,0.9764736103
2025-09-01 17:00:00+00:00,0.9741074922,0.9767740175
2025-09-01 17:30:00+00:00,0.9742573241,0.9765997651
2025-09-02 06:00:00+00:00,0.9747071967,0.9765350354
2025-09-02 06:30:00+00:00,0.9749737878,0.9765350354
2025-09-02 07:00:00+00:00,0.9724911578,0.9783360479
2025-09-02 07:30:00+00:00,0.9702417951,0.9791549902
2025-09-02 08:00:00+00:00,0.9697585986,0.9791208349
2025-09-02 08:30:00+00:00,0.9701418234,0.9791208349
2025-09-02 09:00:00+00:00,0.9688171986,0.9791208349
2025-09-02 09:30:00+00:00,0.9695253314,0.9791208349
2025-09-02 10:00:00+00:00,0.9687588818,0.9791208349
2025-09-02 10:30:00+00:00,0.9690587969,0.9791208349
2025-09-02 11:00:00+00:00,0.9690254730,0.9791208349
2025-09-02 11:30:00+00:00,0.9702751190,0.9791208349
2025-09-02 12:00:00+00:00,0.9685256146,0.9791208349
2025-09-02 12:30:00+00:00,0.9678258129,0.9791208349
2025-09-02 13:00:00+00:00,0.9695669863,0.9791208349
2025-09-02 13:30:00+00:00,0.9705583721,0.9791208349
2025-09-02 14:00:00+00:00,0.9724411720,0.9791208349
2025-09-02 14:30:00+00:00,0.9715914128,0.9791208349
2025-09-02 15:00:00+00:00,0.9714247933,0.9791208349
2025-09-02 15:30:00+00:00,0.9707749774,0.9791208349
2025-09-02 16:00:00+00:00,0.9702917810,0.9791208349
2025-09-02 16:30:00+00:00,0.9700585138,0.9791208349
2025-09-02 17:00:00+00:00,0.9702917810,0.9791208349
2025-09-02 17:30:00+00:00,0.9699252182,0.9791208349
2025-09-03 06:00:00+00:00,0.9703922501,0.9791208349
2025-09-03 06:30:00+00:00,0.9701754138,0.9791208349
2025-09-03 07:00:00+00:00,0.9689244355,0.9791208349
2025-09-03 07:30:00+00:00,0.9704089298,0.9791208349
2025-09-03 08:00:00+00:00,0.9717433068,0.9791208349
2025-09-03 08:30:00+00:00,0.9721436198,0.9791208349
2025-09-03 09:00:00+00:00,0.9720685611,0.9791208349
2025-09-03 09:30:00+00:00,0.9721269401,0.9791208349
2025-09-03 10:00:00+00:00,0.9714097125,0.9791208349
2025-09-03 10:30:00+00:00,0.9710594386,0.9791208349
2025-09-03 11:00:00+00:00,0.9708426023,0.9791208349
2025-09-03 11:30:00+00:00,0.9717266270,0.9791208349
2025-09-03 12:00:00+00:00,0.9719935024,0.9791208349
2025-09-03 12:30:00+00:00,0.9714430719,0.9791208349
2025-09-03 13:00:00+00:00,0.9714597516,0.9791208349
2025-09-03 13:30:00+00:00,0.9716849277,0.9791208349
2025-09-03 14:00:00+00:00,0.9737865715,0.9791208349
2025-09-03 14:30:00+00:00,0.9727357497,0.9791208349
2025-09-03 15:00:00+00:00,0.9740784665,0.9791208349
2025-09-03 15:30:00+00:00,0.9736781534,0.9791208349
2025-09-03 16:00:00+00:00,0.9733028599,0.9791208349
2025-09-03 16:30:00+00:00,0.9737031729,0.9791208349
2025-09-03 17:00:00+00:00,0.9735613954,0.9791208349
2025-09-03 17:30:00+00:00,0.9725189134,0.9791208349
2025-09-04 06:00:00+00:00,0.9727441997,0.9791208349
2025-09-04 06:30:00+00:00,0.9722352197,0.9791208349
2025-09-04 07:00:00+00:00,0.9723353469,0.9791208349
2025-09-04 07:30:00+00:00,0.9721267485,0.9791208349
2025-09-04 08:00:00+00:00,0.9722685954,0.9790003721
2025-09-04 08:30:00+00:00,0.9727191679,0.9784694250
2025-09-04 09:00:00+00:00,0.9714008263,0.9798886043
2025-09-04 09:30:00+00:00,0.9715009535,0.9797859485
2025-09-04 10:00:00+00:00,0.9725189134,0.9797417908
2025-09-04 10:30:00+00:00,0.9723019711,0.9797417908
2025-09-04 11:00:00+00:00,0.9715343291,0.9801083832
2025-09-04 11:30:00+00:00,0.9714675777,0.9801317531
2025-09-04 12:00:00+00:00,0.9716678321,0.9799148602
2025-09-04 12:30:00+00:00,0.9717178957,0.9798606515
2025-09-04 13:00:00+00:00,0.9721684681,0.9793730335
2025-09-04 13:30:00+00:00,0.9720015894,0.9795535781
2025-09-04 14:00:00+00:00,0.9713507626,0.9802583167
2025-09-04 14:30:00+00:00,0.9707917190,0.9808644514
2025-09-04 15:00:00+00:00,0.9713257308,0.9802854416
2025-09-04 15:30:00+00:00,0.9718764305,0.9796890287
2025-09-04 16:00:00+00:00,0.9709669416,0.9806743910
2025-09-04 16:30:00+00:00,0.9711922279,0.9804301321
2025-09-04 17:00:00+00:00,0.9710336931,0.9806020057
2025-09-04 17:30:00+00:00,0.9710253492,0.9806110533
2025-09-05 06:00:00+00:00,0.9705846128,0.9808012108
2025-09-05 06:30:00+00:00,0.9703850341,0.9809438871
2025-09-05 07:00:00+00:00,0.9706012444,0.9806710154
2025-09-05 07:30:00+00:00,0.9711168228,0.9800797971
2025-09-05 08:00:00+00:00,0.9713662962,0.9797939643
2025-09-05 08:30:00+00:00,0.9715658749,0.9795654109
2025-09-05 09:00:00+00:00,0.9721147164,0.9789374058
2025-09-05 09:30:00+00:00,0.9719400850,0.9791371434
2025-09-05 10:00:00+00:00,0.9724806108,0.9785191562
2025-09-05 10:30:00+00:00,0.9722311374,0.9788042899
2025-09-05 11:00:00+00:00,0.9715991381,0.9795273284
2025-09-05 11:30:00+00:00,0.9718901904,0.9791942254
2025-09-05 12:00:00+00:00,0.9728963997,0.9780442804
2025-09-05 12:30:00+00:00,0.9758069229,0.9763379775
2025-09-05 13:00:00+00:00,0.9746759768,0.9762866896
2025-09-05 13:30:00+00:00,0.9770127110,0.9762866896
2025-09-05 14:00:00+00:00,0.9757570282,0.9762866896
2025-09-05 14:30:00+00:00,0.9759898700,0.9762866896
2025-09-05 15:00:00+00:00,0.9766717640,0.9762866896
2025-09-05 15:30:00+00:00,0.9778027102,0.9762866896
2025-09-05 16:00:00+00:00,0.9772122898,0.9762866896
2025-09-05 16:30:00+00:00,0.9761894488,0.9762866896
2025-09-05 17:00:00+00:00,0.9756073441,0.9762866896
2025-09-05 17:30:00+00:00,0.9751083973,0.9762866896
2025-09-08 06:00:00+00:00,0.9752582194,0.9762866896
2025-09-08 06:30:00+00:00,0.9760905640,0.9762866896
2025-09-08 07:00:00+00:00,0.9761571516,0.9762866896
2025-09-08 07:30:00+00:00,0.9765899708,0.9762866896
2025-09-08 08:00:00+00:00,0.9762570329,0.9762866896
2025-09-08 08:30:00+00:00,0.9764567956,0.9762866896
2025-09-08 09:00:00+00:00,0.9756743917,0.9762866896
2025-09-08 09:30:00+00:00,0.9758158903,0.9762866896
2025-09-08 10:00:00+00:00,0.9759573888,0.9762866896
2025-09-08 10:30:00+00:00,0.9760073295,0.9762866896
2025-09-08 11:00:00+00:00,0.9760739171,0.9762866896
2025-09-08 11:30:00+00:00,0.9762653564,0.9762866896
2025-09-08 12:00:00+00:00,0.9760406233,0.9762866896
2025-09-08 12:30:00+00:00,0.9769811728,0.9762866896
2025-09-08 13:00:00+00:00,0.9780715443,0.9762866896
2025-09-08 13:30:00+00:00,0.9781131615,0.9762866896
2025-09-08 14:00:00+00:00,0.9776720188,0.9762866896
2025-09-08 14:30:00+00:00,0.9776220782,0.9762866896
2025-09-08 15:00:00+00:00,0.9777053126,0.9762866896
2025-09-08 15:30:00+00:00,0.9780382505,0.9762866896
2025-09-08 16:00:00+00:00,0.9775471672,0.9765314309
2025-09-08 16:30:00+00:00,0.9772225527,0.9768745281
2025-09-08 17:00:00+00:00,0.9776969892,0.9763007156
2025-09-08 17:30:00+00:00,0.9771393183,0.9769752604
2025-09-09 06:00:00+00:00,0.9761106458,0.9775437298
2025-09-09 06:30:00+00:00,0.9759945053,0.9776218367
2025-09-09 07:00:00+00:00,0.9759613224,0.9776374197
2025-09-09 07:30:00+00:00,0.9749658328,0.9788297852
2025-09-09 08:00:00+00:00,0.9752478882,0.9784916772
2025-09-09 08:30:00+00:00,0.9755382393,0.9781438488
2025-09-09 09:00:00+00:00,0.9761604202,0.9773992668
2025-09-09 09:30:00+00:00,0.9762101947,0.9773397452
2025-09-09 10:00:00+00:00,0.9759696180,0.9776274946
2025-09-09 10:30:00+00:00,0.9750985648,0.9786706488
2025-09-09 11:00:00+00:00,0.9748828754,0.9789292696
2025-09-09 11:30:00+00:00,0.9740947795,0.9796129265
2025-09-09 12:00:00+00:00,0.9737712454,0.9797827393
2025-09-09 12:30:00+00:00,0.9737214710,0.9798126487
2025-09-09 13:00:00+00:00,0.9740450051,0.9796182809
2025-09-09 13:30:00+00:00,0.9740864838,0.9795933694
2025-09-09 14:00:00+00:00,0.9735887390,0.9798924192
2025-09-09 14:30:00+00:00,0.9731573602,0.9801517933
2025-09-09 15:00:00+00:00,0.9726264325,0.9804712751
2025-09-09 15:30:00+00:00,0.9724439261,0.9805811613
2025-09-09 16:00:00+00:00,0.9726015453,0.9804862577
2025-09-09 16:30:00+00:00,0.9721701665,0.9807460524
2025-09-09 17:00:00+00:00,0.9719876601,0.9808560210
2025-09-09 17:30:00+00:00,0.9713820707,0.9812211533
2025-09-10 06:00:00+00:00,0.9719296273,0.9810314483
2025-09-10 06:30:00+00:00,0.9705109579,0.9821450056
2025-09-10 07:00:00+00:00,0.9710004404,0.9814436701
2025-09-10 07:30:00+00:00,0.9709008846,0.9815767789
2025-09-10 08:00:00+00:00,0.9700629570,0.9826983693
2025-09-10 08:30:00+00:00,0.9706685879,0.9818874896
2025-09-10 09:00:00+00:00,0.9712659224,0.9810888680
2025-09-10 09:30:00+00:00,0.9717802938,0.9804020797
2025-09-10 10:00:00+00:00,0.9706519953,0.9819096898
2025-09-10 10:30:00+00:00,0.9707017731,0.9818430918
2025-09-10 11:00:00+00:00,0.9706519953,0.9819096898
2025-09-10 11:30:00+00:00,0.9710502183,0.9813771275
2025-09-10 12:00:00+00:00,0.9701376238,0.9825983343
2025-09-10 12:30:00+00:00,0.9707100694,0.9818319929
2025-09-10 13:00:00+00:00,0.9719296274,0.9802028477
2025-09-10 13:30:00+00:00,0.9723361467,0.9796608539
2025-09-10 14:00:00+00:00,0.9722531836,0.9796589508
2025-09-10 14:30:00+00:00,0.9729749628,0.9789217202
2025-09-10 15:00:00+00:00,0.9723942209,0.9796514852
2025-09-10 15:30:00+00:00,0.9718798495,0.9803216958
2025-09-10 16:00:00+00:00,0.9714567375,0.9807076117
2025-09-10 16:30:00+00:00,0.9711331813,0.9808239722
2025-09-10 17:00:00+00:00,0.9709008846,0.9807819664
2025-09-10 17:30:00+00:00,0.9711663666,0.9807819664
2025-09-11 06:00:00+00:00,0.9714820580,0.9807819664
2025-09-11 06:30:00+00:00,0.9712328279,0.9808864483
2025-09-11 07:00:00+00:00,0.9711829819,0.9808927843
2025-09-11 07:30:00+00:00,0.9713823660,0.9806310395
2025-09-11 08:00:00+00:00,0.9713989813,0.9806092330
2025-09-11 08:30:00+00:00,0.9713408276,0.9806855595
2025-09-11 09:00:00+00:00,0.9710002132,0.9811328257
2025-09-11 09:30:00+00:00,0.9708257522,0.9813620530
2025-09-11 10:00:00+00:00,0.9708589829,0.9813183834
2025-09-11 10:30:00+00:00,0.9706014452,0.9816569132
2025-09-11 11:00:00+00:00,0.9707509832,0.9814603223
2025-09-11 11:30:00+00:00,0.9706512912,0.9815913751
2025-09-11 12:00:00+00:00,0.9705266762,0.9817552347
2025-09-11 12:30:00+00:00,0.9732598990,0.9799086215
2025-09-11 13:00:00+00:00,0.9740740504,0.9798551384
2025-09-11 13:30:00+00:00,0.9752537392,0.9798551384
2025-09-11 14:00:00+00:00,0.9746389718,0.9798551384
2025-09-11 14:30:00+00:00,0.9743232804,0.9798551384
2025-09-11 15:00:00+00:00,0.9751374319,0.9798551384
2025-09-11 15:30:00+00:00,0.9746057411,0.9798551384
2025-09-11 16:00:00+00:00,0.9747718945,0.9798551384
2025-09-11 16:30:00+00:00,0.9750294322,0.9798551384
2025-09-11 17:00:00+00:00,0.9748383558,0.9798551384
2025-09-11 17:30:00+00:00,0.9746306641,0.9798551384
2025-09-12 06:00:00+00:00,0.9741487783,0.9798551384
2025-09-12 06:30:00+00:00,0.9753701096,0.9798551384
2025-09-12 07:00:00+00:00,0.9757190614,0.9798551384
2025-09-12 07:30:00+00:00,0.9754698102,0.9798551384
2025-09-12 08:00:00+00:00,0.9747386731,0.9798551384
2025-09-12 08:30:00+00:00,0.9735256501,0.9798551384
2025-09-12 09:00:00+00:00,0.9740158443,0.9798551384
2025-09-12 09:30:00+00:00,0.9739244522,0.9798551384
2025-09-12 10:00:00+00:00,0.9745725055,0.9798551384
2025-09-12 10:30:00+00:00,0.9749131489,0.9798551384
2025-09-12 11:00:00+00:00,0.9743398710,0.9798551384
2025-09-12 11:30:00+00:00,0.9738496768,0.9798551384
2025-09-12 12:00:00+00:00,0.9731434648,0.9798551384
2025-09-12 12:30:00+00:00,0.9731019229,0.9798551384
2025-09-12 13:00:00+00:00,0.9730769978,0.9798551384
2025-09-12 13:30:00+00:00,0.9731600816,0.9798551384
2025-09-12 14:00:00+00:00,0.9741570867,0.9798551384
2025-09-12 14:30:00+00:00,0.9741570867,0.9798551384
2025-09-12 15:00:00+00:00,0.9737084344,0.9798551384
2025-09-12 15:30:00+00:00,0.9732431653,0.9798551384
2025-09-12 16:00:00+00:00,0.9737832097,0.9798551384
2025-09-12 16:30:00+00:00,0.9743232542,0.9798551384
2025-09-12 17:00:00+00:00,0.9748882238,0.9798551384
2025-09-12 17:30:00+00:00,0.9747552897,0.9798551384
2025-09-15 06:00:00+00:00,0.9739823539,0.9798551384
2025-09-15 06:30:00+00:00,0.9744810222,0.9794307931
2025-09-15 07:00:00+00:00,0.9754783589,0.9779063940
2025-09-15 07:30:00+00:00,0.9751957801,0.9783184319
2025-09-15 08:00:00+00:00,0.9755282257,0.9778337118
2025-09-15 08:30:00+00:00,0.9754949811,0.9778821656
2025-09-15 09:00:00+00:00,0.9763094727,0.9772294399
2025-09-15 09:30:00+00:00,0.9762512948,0.9772617421
2025-09-15 10:00:00+00:00,0.9773483651,0.9756436514
2025-09-15 10:30:00+00:00,0.9767915188,0.9764486855
2025-09-15 11:00:00+00:00,0.9773068094,0.9757036898
2025-09-15 11:30:00+00:00,0.9774813433,0.9754515704
2025-09-15 12:00:00+00:00,0.9776891218,0.9751515719
2025-09-15 12:30:00+00:00,0.9781877901,0.9747327713
2025-09-15 13:00:00+00:00,0.9774730322,0.9754719320
2025-09-15 13:30:00+00:00,0.9773068094,0.9756805209
2025-09-15 14:00:00+00:00,0.9769244970,0.9762271872
2025-09-15 14:30:00+00:00,0.9772070757,0.9758230793
2025-09-15 15:00:00+00:00,0.9778221000,0.9749445318
2025-09-15 15:30:00+00:00,0.9783373906,0.9742094854
2025-09-15 16:00:00+00:00,0.9773400540,0.9756330092
2025-09-15 16:30:00+00:00,0.9772486315,0.9757636756
2025-09-15 17:00:00+00:00,0.9776558773,0.9751818446
2025-09-15 17:30:00+00:00,0.9783124572,0.9742450305
2025-09-16 06:00:00+00:00,0.9789354221,0.9737429126
2025-09-16 06:30:00+00:00,0.9790849337,0.9735491989
2025-09-16 07:00:00+00:00,0.9799736970,0.9722276913
2025-09-16 07:30:00+00:00,0.9796663677,0.9726733216
2025-09-16 08:00:00+00:00,0.9798241855,0.9724444415
2025-09-16 08:30:00+00:00,0.9797162049,0.9726010339
2025-09-16 09:00:00+00:00,0.9807627860,0.9717804644
2025-09-16 09:30:00+00:00,0.9813026890,0.9711674749
2025-09-16 10:00:00+00:00,0.9811116464,0.9714121815
2025-09-16 10:30:00+00:00,0.9808126232,0.9718439624
2025-09-16 11:00:00+00:00,0.9803308637,0.9723365543
2025-09-16 11:30:00+00:00,0.9813026890,0.9717678983
2025-09-16 12:00:00+00:00,0.9802478017,0.9727454313
2025-09-16 12:30:00+00:00,0.9805385187,0.9722822094
2025-09-16 13:00:00+00:00,0.9819505725,0.9712004277
2025-09-16 13:30:00+00:00,0.9821166965,0.9709901191
2025-09-16 14:00:00+00:00,0.9836533434,0.9687529054
2025-09-16 14:30:00+00:00,0.9844341261,0.9681351665
2025-09-16 15:00:00+00:00,0.9834539946,0.9680764625
2025-09-16 15:30:00+00:00,0.9840520410,0.9680764625
2025-09-16 16:00:00+00:00,0.9852315213,0.9680764625
2025-09-16 16:30:00+00:00,0.9854890135,0.9680764625
2025-09-16 17:00:00+00:00,0.9860123040,0.9680764625
2025-09-16 17:30:00+00:00,0.9856136065,0.9680764625
2025-09-17 06:00:00+00:00,0.9852977579,0.9680764625
2025-09-17 06:30:00+00:00,0.9854473704,0.9679126269
2025-09-17 07:00:00+00:00,0.9842504707,0.9687305191
2025-09-17 07:30:00+00:00,0.9841590409,0.9687930663
2025-09-17 08:00:00+00:00,0.9845496957,0.9685258881
2025-09-17 08:30:00+00:00,0.9847990497,0.9683554427
2025-09-17 09:00:00+00:00,0.9844499540,0.9685940867
2025-09-17 09:30:00+00:00,0.9845912547,0.9684974754
2025-09-17 10:00:00+00:00,0.9839013750,0.9689693887
2025-09-17 10:30:00+00:00,0.9838016333,0.9690376635
2025-09-17 11:00:00+00:00,0.9839179986,0.9689580107
2025-09-17 11:30:00+00:00,0.9840509874,0.9688669984
2025-09-17 12:00:00+00:00,0.9836520209,0.9691400977
2025-09-17 12:30:00+00:00,0.9844167068,0.9686168222
2025-09-17 13:00:00+00:00,0.9847658025,0.9683781645
2025-09-17 13:30:00+00:00,0.9849486622,0.9682532106
2025-09-17 14:00:00+00:00,0.9853808759,0.9680733372
2025-09-17 14:30:00+00:00,0.9849154150,0.9684447533
2025-09-17 15:00:00+00:00,0.9849819094,0.9683002131
2025-09-17 15:30:00+00:00,0.9844998248,0.9690115282
2025-09-17 16:00:00+00:00,0.9853808759,0.9677121964
2025-09-17 16:30:00+00:00,0.9852146398,0.9679571310
2025-09-17 17:00:00+00:00,0.9850317802,0.9682266785
2025-09-17 17:30:00+00:00,0.9852977579,0.9678346508
2025-09-18 06:00:00+00:00,0.9851139165,0.9679063267
2025-09-18 06:30:00+00:00,0.9855985892,0.9673390138
2025-09-18 07:00:00+00:00,0.9881138733,0.9659055148
2025-09-18 07:30:00+00:00,0.9886988230,0.9658556165
2025-09-18 08:00:00+00:00,0.9880804476,0.9658556165
2025-09-18 08:30:00+00:00,0.9883729225,0.9658556165
2025-09-18 09:00:00+00:00,0.9893840499,0.9658556165
2025-09-18 09:30:00+00:00,0.9892336343,0.9658556165
2025-09-18 10:00:00+00:00,0.9890497929,0.9658556165
2025-09-18 10:30:00+00:00,0.9891333572,0.9658556165
2025-09-18 11:00:00+00:00,0.9884982688,0.9658556165
2025-09-18 11:30:00+00:00,0.9881807246,0.9658556165
2025-09-18 12:00:00+00:00,0.9876876956,0.9658556165
2025-09-18 12:30:00+00:00,0.9856905100,0.9658556165
2025-09-18 13:00:00+00:00,0.9847713032,0.9658556165
2025-09-18 13:30:00+00:00,0.9833172851,0.9658556165
2025-09-18 14:00:00+00:00,0.9840860762,0.9658556165
2025-09-18 14:30:00+00:00,0.9840108684,0.9658556165
2025-09-18 15:00:00+00:00,0.9849885702,0.9658556165
2025-09-18 15:30:00+00:00,0.9843534819,0.9658556165
2025-09-18 16:00:00+00:00,0.9840693634,0.9658556165
2025-09-18 16:30:00+00:00,0.9849802138,0.9658556165
2025-09-18 17:00:00+00:00,0.9853395400,0.9658556165
2025-09-18 17:30:00+00:00,0.9850387087,0.9658556165
2025-09-19 06:00:00+00:00,0.9849132059,0.9658556165
2025-09-19 06:30:00+00:00,0.9844864960,0.9658556165
2025-09-19 07:00:00+00:00,0.9851307442,0.9653776088
2025-09-19 07:30:00+00:00,0.9847793361,0.9657809595
2025-09-19 08:00:00+00:00,0.9836163426,0.9668887615
2025-09-19 08:30:00+00:00,0.9840263187,0.9665906248
2025-09-19 09:00:00+00:00,0.9843777268,0.9663617542
2025-09-19 09:30:00+00:00,0.9839259164,0.9666560414
2025-09-19 10:00:00+00:00,0.9840597861,0.9665688218
2025-09-19 10:30:00+00:00,0.9840514193,0.9665742724
2025-09-19 11:00:00+00:00,0.9835912420,0.9668741769
2025-09-19 11:30:00+00:00,0.9820099056,0.9679065392
2025-09-19 12:00:00+00:00,0.9817337992,0.9680870765
2025-09-19 12:30:00+00:00,0.9819513376,0.9679448279
2025-09-19 13:00:00+00:00,0.9831728991,0.9671470199
2025-09-19 13:30:00+00:00,0.9837920467,0.9667432808
2025-09-19 14:00:00+00:00,0.9840932536,0.9665470199
2025-09-19 14:30:00+00:00,0.9837083781,0.9667978154
2025-09-19 15:00:00+00:00,0.9825370177,0.9675621114
2025-09-19 15:30:00+00:00,0.9833067688,0.9670596892
2025-09-19 16:00:00+00:00,0.9824449823,0.9676222274
2025-09-19 16:30:00+00:00,0.9833737036,0.9670160312
2025-09-19 17:00:00+00:00,0.9831896327,0.9671361025
2025-09-19 17:30:00+00:00,0.9831728990,0.9671470200
2025-09-22 06:00:00+00:00,0.9835414235,0.9670013023
2025-09-22 06:30:00+00:00,0.9835916768,0.9669208096
2025-09-22 07:00:00+00:00,0.9844711100,0.9657969014
2025-09-22 07:30:00+00:00,0.9840020790,0.9663750621
2025-09-22 08:00:00+00:00,0.9852835389,0.9647969133
2025-09-22 08:30:00+00:00,0.9851662811,0.9649411266
2025-09-22 09:00:00+00:00,0.9852835389,0.9647969133
2025-09-22 09:30:00+00:00,0.9862969810,0.9641262153
2025-09-22 10:00:00+00:00,0.9867241343,0.9637096935
2025-09-22 10:30:00+00:00,0.9861378455,0.9643945166
2025-09-22 11:00:00+00:00,0.9861210944,0.9644148000
2025-09-22 11:30:00+00:00,0.9864896188,0.9639687429
2025-09-22 12:00:00+00:00,0.9861545966,0.9643742340
2025-09-22 12:30:00+00:00,0.9869083966,0.9634623122
2025-09-22 13:00:00+00:00,0.9868413921,0.9635433088
2025-09-22 13:30:00+00:00,0.9863723610,0.9641106297
2025-09-22 14:00:00+00:00,0.9854678011,0.9649086392
2025-09-22 14:30:00+00:00,0.9857860722,0.9646894980
2025-09-22 15:00:00+00:00,0.9860205877,0.9645474500
2025-09-22 15:30:00+00:00,0.9860205877,0.9645474500
2025-09-22 16:00:00+00:00,0.9873690520,0.9641158167
2025-09-22 16:30:00+00:00,0.9873271743,0.9641043240
2025-09-22 17:00:00+00:00,0.9874276809,0.9639343824
2025-09-22 17:30:00+00:00,0.9880307209,0.9631591943
2025-09-23 06:00:00+00:00,0.9876036400,0.9633778448
2025-09-23 06:30:00+00:00,0.9877125038,0.9632436798
2025-09-23 07:00:00+00:00,0.9871849333,0.9638888372
2025-09-23 07:30:00+00:00,0.9873691643,0.9636518307
2025-09-23 08:00:00+00:00,0.9877627486,0.9631458419
2025-09-23 08:30:00+00:00,0.9883824346,0.9623501251
2025-09-23 09:00:00+00:00,0.9890021206,0.9615555638
2025-09-23 09:30:00+00:00,0.9883321898,0.9624145996
2025-09-23 10:00:00+00:00,0.9875785176,0.9633826296
2025-09-23 10:30:00+00:00,0.9878129934,0.9630812812
2025-09-23 11:00:00+00:00,0.9875952659,0.9633610992
2025-09-23 11:30:00+00:00,0.9874612797,0.9635333659
2025-09-23 12:00:00+00:00,0.9872603005,0.9637918677
2025-09-23 12:30:00+00:00,0.9878967347,0.9629736970
2025-09-23 13:00:00+00:00,0.9877125038,0.9632104102
2025-09-23 13:30:00+00:00,0.9881060881,0.9627048289
2025-09-23 14:00:00+00:00,0.9878632382,0.9630167282
2025-09-23 14:30:00+00:00,0.9877627486,0.9631458419
2025-09-23 15:00:00+00:00,0.9873607901,0.9636626015
2025-09-23 15:30:00+00:00,0.9880139727,0.9628231146
2025-09-23 16:00:00+00:00,0.9886001621,0.9620708234
2025-09-23 16:30:00+00:00,0.9885666656,0.9621137836
2025-09-23 17:00:00+00:00,0.9889686241,0.9615984836
2025-09-23 17:30:00+00:00,0.9891444809,0.9613731924
2025-09-24 06:00:00+00:00,0.9887252808,0.9615860954
2025-09-24 06:30:00+00:00,0.9882641608,0.9620030651
2025-09-24 07:00:00+00:00,0.9883731528,0.9618329551
2025-09-24 07:30:00+00:00,0.9883731528,0.9618329551
2025-09-24 08:00:00+00:00,0.9868808005,0.9632519601
2025-09-24 08:30:00+00:00,0.9869646406,0.9631683114
2025-09-24 09:00:00+00:00,0.9866628165,0.9633635450
2025-09-24 09:30:00+00:00,0.9866125125,0.9633960935
2025-09-24 10:00:00+00:00,0.9859920964,0.9637977531
2025-09-24 10:30:00+00:00,0.9852794562,0.9642596377
2025-09-24 11:00:00+00:00,0.9851369282,0.9643520813
2025-09-24 11:30:00+00:00,0.9850530882,0.9644064703
2025-09-24 12:00:00+00:00,0.9853046083,0.9642433265
2025-09-24 12:30:00+00:00,0.9844997441,0.9647656306
2025-09-24 13:00:00+00:00,0.9839967040,0.9650924313
2025-09-24 13:30:00+00:00,0.9841643841,0.9649834669
2025-09-24 14:00:00+00:00,0.9842146881,0.9649507836
2025-09-24 14:30:00+00:00,0.9845332801,0.9647438537
2025-09-24 15:00:00+00:00,0.9841643841,0.9649834669
2025-09-24 15:30:00+00:00,0.9844326721,0.9648091880
2025-09-24 16:00:00+00:00,0.9841560001,0.9649889143
2025-09-24 16:30:00+00:00,0.9836613440,0.9653104528
2025-09-24 17:00:00+00:00,0.9841727681,0.9649780194
2025-09-24 17:30:00+00:00,0.9840973121,0.9650270489
2025-09-25 06:00:00+00:00,0.9844995934,0.9648682140
2025-09-25 06:30:00+00:00,0.9844157848,0.9648961519
2025-09-25 07:00:00+00:00,0.9841308356,0.9652631416
2025-09-25 07:30:00+00:00,0.9833597965,0.9660826922
2025-09-25 08:00:00+00:00,0.9836782692,0.9658146277
2025-09-25 08:30:00+00:00,0.9841475973,0.9654691681
2025-09-25 09:00:00+00:00,0.9840889313,0.9655123348
2025-09-25 09:30:00+00:00,0.9843319762,0.9653335307
2025-09-25 10:00:00+00:00,0.9846672106,0.9651799290
2025-09-25 10:30:00+00:00,0.9844995934,0.9652884582
2025-09-25 11:00:00+00:00,0.9840805504,0.9658548892
2025-09-25 11:30:00+00:00,0.9839296950,0.9660770241
2025-09-25 12:00:00+00:00,0.9835441754,0.9664710864
2025-09-25 12:30:00+00:00,0.9804013530,0.9687616714
2025-09-25 13:00:00+00:00,0.9806443979,0.9686410790
2025-09-25 13:30:00+00:00,0.9793872689,0.9686073939
2025-09-25 14:00:00+00:00,0.9793537455,0.9686073939
2025-09-25 14:30:00+00:00,0.9785659446,0.9686073939
2025-09-25 15:00:00+00:00,0.9785659446,0.9686073939
2025-09-25 15:30:00+00:00,0.9782390911,0.9686073939
2025-09-25 16:00:00+00:00,0.9788844173,0.9686073939
2025-09-25 16:30:00+00:00,0.9781301399,0.9686073939
2025-09-25 17:00:00+00:00,0.9766383469,0.9686073939
2025-09-25 17:30:00+00:00,0.9770071048,0.9686073939
2025-09-26 06:00:00+00:00,0.9770991395,0.9686073939
2025-09-26 06:30:00+00:00,0.9772246414,0.9686073939
2025-09-26 07:00:00+00:00,0.9769234368,0.9686073939
2025-09-26 07:30:00+00:00,0.9766556995,0.9686073939
2025-09-26 08:00:00+00:00,0.9773250429,0.9686073939
2025-09-26 08:30:00+00:00,0.9772915757,0.9686073939
2025-09-26 09:00:00+00:00,0.9774338112,0.9686073939
2025-09-26 09:30:00+00:00,0.9771242398,0.9686073939
2025-09-26 10:00:00+00:00,0.9765887651,0.9686073939
2025-09-26 10:30:00+00:00,0.9758273870,0.9686073939
2025-09-26 11:00:00+00:00,0.9760532904,0.9686073939
2025-09-26 11:30:00+00:00,0.9762206263,0.9686073939
2025-09-26 12:00:00+00:00,0.9770573055,0.9686073939
2025-09-26 12:30:00+00:00,0.9775091124,0.9686073939
2025-09-26 13:00:00+00:00,0.9772748422,0.9686073939
2025-09-26 13:30:00+00:00,0.9776095139,0.9686073939
2025-09-26 14:00:00+00:00,0.9779943863,0.9686073939
2025-09-26 14:30:00+00:00,0.9781784557,0.9686073939
2025-09-26 15:00:00+00:00,0.9787473976,0.9686073939
2025-09-26 15:30:00+00:00,0.9781784557,0.9686073939
2025-09-26 16:00:00+00:00,0.9784294595,0.9683568135
2025-09-26 16:30:00+00:00,0.9783123244,0.9684634027
2025-09-26 17:00:00+00:00,0.9787055637,0.9678797754
2025-09-26 17:30:00+00:00,0.9788979999,0.9675943841
2025-09-29 06:00:00+00:00,0.9784222598,0.9678862564
2025-09-29 06:30:00+00:00,0.9781635239,0.9681422367
2025-09-29 07:00:00+00:00,0.9791066579,0.9667132873
2025-09-29 07:30:00+00:00,0.9787728051,0.9672079384
2025-09-29 08:00:00+00:00,0.9776877837,0.9688184717
2025-09-29 08:30:00+00:00,0.9785057229,0.9676039632
2025-09-29 09:00:00+00:00,0.9785307619,0.9675668244
2025-09-29 09:30:00+00:00,0.9779965975,0.9683596343
2025-09-29 10:00:00+00:00,0.9781551776,0.9681241559
2025-09-29 10:30:00+00:00,0.9781802165,0.9680869838
2025-09-29 11:00:00+00:00,0.9773372383,0.9689943158
2025-09-29 11:30:00+00:00,0.9789397315,0.9680560401
2025-09-29 12:00:00+00:00,0.9782970650,0.9686683263
2025-09-29 12:30:00+00:00,0.9806924585,0.9674239549
2025-09-29 13:00:00+00:00,0.9800664846,0.9673847480
2025-09-29 13:30:00+00:00,0.9799329435,0.9673847480
2025-09-29 14:00:00+00:00,0.9794405106,0.9673847480
2025-09-29 14:30:00+00:00,0.9790398873,0.9673847480
2025-09-29 15:00:00+00:00,0.9792401990,0.9673847480
2025-09-29 15:30:00+00:00,0.9789480778,0.9673847480
2025-09-29 16:00:00+00:00,0.9789898094,0.9673847480
2025-09-29 16:30:00+00:00,0.9789731168,0.9673847480
2025-09-29 17:00:00+00:00,0.9784890303,0.9673847480
2025-09-29 17:30:00+00:00,0.9783221039,0.9673847480
2025-09-30 06:00:00+00:00,0.9787306622,0.9673847480
2025-09-30 06:30:00+00:00,0.9786556209,0.9673847480
2025-09-30 07:00:00+00:00,0.9793726824,0.9668441017
2025-09-30 07:30:00+00:00,0.9790224896,0.9672622619
2025-09-30 08:00:00+00:00,0.9796394960,0.9664279252
2025-09-30 08:30:00+00:00,0.9801731232,0.9657073403
2025-09-30 09:00:00+00:00,0.9793893583,0.9667660196
2025-09-30 09:30:00+00:00,0.9795727927,0.9665865340
2025-09-30 10:00:00+00:00,0.9792726274,0.9665282066
2025-09-30 10:30:00+00:00,0.9793393308,0.9665282066
2025-09-30 11:00:00+00:00,0.9787973656,0.9665282066
2025-09-30 11:30:00+00:00,0.9790725172,0.9665282066
2025-09-30 12:00:00+00:00,0.9789557862,0.9665282066
2025-09-30 12:30:00+00:00,0.9786472830,0.9665282066
2025-09-30 13:00:00+00:00,0.9773048770,0.9665282066
2025-09-30 13:30:00+00:00,0.9780719661,0.9665282066
2025-09-30 14:00:00+00:00,0.9789557862,0.9665282066
2025-09-30 14:30:00+00:00,0.9796978615,0.9665282066
2025-09-30 15:00:00+00:00,0.9777217733,0.9665282066
2025-09-30 15:30:00+00:00,0.9784054831,0.9665282066
2025-09-30 16:00:00+00:00,0.9790725171,0.9665282066
2025-09-30 16:30:00+00:00,0.9802481645,0.9665282066
2025-09-30 17:00:00+00:00,0.9802398266,0.9665282066
2025-09-30 17:30:00+00:00,0.9796561718,0.9665282066
2025-10-01 06:00:00+00:00,0.9802063344,0.9665282066
2025-10-01 06:30:00+00:00,0.9809398845,0.9665282066
2025-10-01 07:00:00+00:00,0.9797728730,0.9665282066
2025-10-01 07:30:00+00:00,0.9794394411,0.9665282066
2025-10-01 08:00:00+00:00,0.9799395889,0.9665282066
2025-10-01 08:30:00+00:00,0.9794144337,0.9665282066
2025-10-01 09:00:00+00:00,0.9789059501,0.9665282066
2025-10-01 09:30:00+00:00,0.9780390273,0.9665282066
2025-10-01 10:00:00+00:00,0.9767719862,0.9665282066
2025-10-01 10:30:00+00:00,0.9774055068,0.9665282066
2025-10-01 11:00:00+00:00,0.9782557580,0.9665282066
2025-10-01 11:30:00+00:00,0.9781557285,0.9665282066
2025-10-01 12:00:00+00:00,0.9796228287,0.9665282066
2025-10-01 12:30:00+00:00,0.9793894264,0.9665282066
2025-10-01 13:00:00+00:00,0.9797645372,0.9665282066
2025-10-01 13:30:00+00:00,0.9798478952,0.9665282066
2025-10-01 14:00:00+00:00,0.9792560536,0.9665282066
2025-10-01 14:30:00+00:00,0.9791643598,0.9665282066
2025-10-01 15:00:00+00:00,0.9774638573,0.9665282066
2025-10-01 15:30:00+00:00,0.9772054476,0.9665282066
2025-10-01 16:00:00+00:00,0.9771887760,0.9665282066
2025-10-01 16:30:00+00:00,0.9771887760,0.9665282066
2025-10-01 17:00:00+00:00,0.9778556398,0.9665282066
2025-10-01 17:30:00+00:00,0.9772721340,0.9665282066
2025-10-02 06:00:00+00:00,0.9775719210,0.9665282066
2025-10-02 06:30:00+00:00,0.9778800353,0.9665282066
2025-10-02 07:00:00+00:00,0.9782048045,0.9665282066
2025-10-02 07:30:00+00:00,0.9784712818,0.9665282066
2025-10-02 08:00:00+00:00,0.9789043074,0.9665282066
2025-10-02 08:30:00+00:00,0.9787877236,0.9665282066
2025-10-02 09:00:00+00:00,0.9789459445,0.9665282066
2025-10-02 09:30:00+00:00,0.9788793251,0.9665282066
2025-10-02 10:00:00+00:00,0.9785545560,0.9665282066
2025-10-02 10:30:00+00:00,0.9786461575,0.9665282066
2025-10-02 11:00:00+00:00,0.9785045915,0.9665282066
2025-10-02 11:30:00+00:00,0.9785045915,0.9665282066
2025-10-02 12:00:00+00:00,0.9782714238,0.9665282066
2025-10-02 12:30:00+00:00,0.9774386823,0.9665282066
2025-10-02 13:00:00+00:00,0.9777301419,0.9665282066
2025-10-02 13:30:00+00:00,0.9761812427,0.9665282066
2025-10-02 14:00:00+00:00,0.9755733414,0.9665282066
2025-10-02 14:30:00+00:00,0.9754234479,0.9665282066
2025-10-02 15:00:00+00:00,0.9739744777,0.9665282066
2025-10-02 15:30:00+00:00,0.9740244422,0.9665282066
2025-10-02 16:00:00+00:00,0.9749238030,0.9665282066
2025-10-02 16:30:00+00:00,0.9755566866,0.9665282066
2025-10-02 17:00:00+00:00,0.9758231639,0.9665282066
2025-10-02 17:30:00+00:00,0.9754401028,0.9665282066
2025-10-03 06:00:00+00:00,0.9757897497,0.9665282066
2025-10-03 06:30:00+00:00,0.9757148254,0.9665282066
2025-10-03 07:00:00+00:00,0.9762143210,0.9665282066
2025-10-03 07:30:00+00:00,0.9767221416,0.9665282066
2025-10-03 08:00:00+00:00,0.9770967634,0.9665282066
2025-10-03 08:30:00+00:00,0.9773631611,0.9665282066
2025-10-03 09:00:00+00:00,0.9769136150,0.9665282066
2025-10-03 09:30:00+00:00,0.9771134132,0.9665282066
2025-10-03 10:00:00+00:00,0.9770135141,0.9665282066
2025-10-03 10:30:00+00:00,0.9770468138,0.9665282066
2025-10-03 11:00:00+00:00,0.9770135141,0.9665282066
2025-10-03 11:30:00+00:00,0.9768303657,0.9665282066
2025-10-03 12:00:00+00:00,0.9769219399,0.9665282066
2025-10-03 12:30:00+00:00,0.9773048866,0.9665282066
2025-10-03 13:00:00+00:00,0.9773964608,0.9665282066
2025-10-03 13:30:00+00:00,0.9771800127,0.9665282066
2025-10-03 14:00:00+00:00,0.9775296596,0.9665282066
2025-10-03 14:30:00+00:00,0.9774131106,0.9665282066
2025-10-03 15:00:00+00:00,0.9776129089,0.9665282066
2025-10-03 15:30:00+00:00,0.9778626567,0.9665282066
2025-10-03 16:00:00+00:00,0.9773465112,0.9665282066
2025-10-03 16:30:00+00:00,0.9773298614,0.9665282066
2025-10-03 17:00:00+00:00,0.9772466121,0.9665282066
2025-10-03 17:30:00+00:00,0.9768470156,0.9665282066
2025-10-06 06:00:00+00:00,0.9763968249,0.9665282066
2025-10-06 06:30:00+00:00,0.9748795157,0.9665282066
2025-10-06 07:00:00+00:00,0.9762300877,0.9665282066
2025-10-06 07:30:00+00:00,0.9723117619,0.9665282066
2025-10-06 08:00:00+00:00,0.9727119314,0.9665282066
2025-10-06 08:30:00+00:00,0.9727202683,0.9665282066
2025-10-06 09:00:00+00:00,0.9724034674,0.9665282066
2025-10-06 09:30:00+00:00,0.9726118890,0.9665282066
2025-10-06 10:00:00+00:00,0.9723284357,0.9665282066
2025-10-06 10:30:00+00:00,0.9723617831,0.9665282066
2025-10-06 11:00:00+00:00,0.9733121856,0.9665282066
2025-10-06 11:30:00+00:00,0.9733455331,0.9665282066
2025-10-06 12:00:00+00:00,0.9736289865,0.9665282066
2025-10-06 12:30:00+00:00,0.9745043572,0.9665282066
2025-10-06 13:00:00+00:00,0.9744626729,0.9665282066
2025-10-06 13:30:00+00:00,0.9753797279,0.9665282066
2025-10-06 14:00:00+00:00,0.9752630118,0.9665282066
2025-10-06 14:30:00+00:00,0.9767886578,0.9665282066
2025-10-06 15:00:00+00:00,0.9762134142,0.9665282066
2025-10-06 15:30:00+00:00,0.9759466346,0.9665282066
2025-10-06 16:00:00+00:00,0.9759132871,0.9665282066
2025-10-06 16:30:00+00:00,0.9764301727,0.9665282066
2025-10-06 17:00:00+00:00,0.9764301727,0.9665282066
2025-10-06 17:30:00+00:00,0.9762717723,0.9665282066
2025-10-07 06:00:00+00:00,0.9758208770,0.9665282066
2025-10-07 06:30:00+00:00,0.9758375768,0.9665282066
2025-10-07 07:00:00+00:00,0.9752614328,0.9665282066
2025-10-07 07:30:00+00:00,0.9749691859,0.9665282066
2025-10-07 08:00:00+00:00,0.9747520882,0.9665282066
2025-10-07 08:30:00+00:00,0.9740840952,0.9665282066
2025-10-07 09:00:00+00:00,0.9739170969,0.9665282066
2025-10-07 09:30:00+00:00,0.9741508945,0.9665282066
2025-10-07 10:00:00+00:00,0.9745349904,0.9665282066
2025-10-07 10:30:00+00:00,0.9747854878,0.9665282066
2025-10-07 11:00:00+00:00,0.9734912514,0.9665282066
2025-10-07 11:30:00+00:00,0.9738168980,0.9665282066
2025-10-07 12:00:00+00:00,0.9735914504,0.9665282066
2025-10-07 12:30:00+00:00,0.9741842941,0.9665282066
2025-10-07 13:00:00+00:00,0.9742093439,0.9665282066
2025-10-07 13:30:00+00:00,0.9736248500,0.9665282066
2025-10-07 14:00:00+00:00,0.9732825036,0.9665282066
2025-10-07 14:30:00+00:00,0.9738586475,0.9665282066
2025-10-07 15:00:00+00:00,0.9747520882,0.9665282066
2025-10-07 15:30:00+00:00,0.9746852889,0.9665282066
2025-10-07 16:00:00+00:00,0.9749357862,0.9665282066
2025-10-07 16:30:00+00:00,0.9744514913,0.9665282066
2025-10-07 17:00:00+00:00,0.9747186886,0.9665282066
2025-10-07 17:30:00+00:00,0.9742009940,0.9665282066
2025-10-08 06:00:00+00:00,0.9736056037,0.9665282066
2025-10-08 06:30:00+00:00,0.9741422935,0.9665282066
2025-10-08 07:00:00+00:00,0.9741422935,0.9665282066
2025-10-08 07:30:00+00:00,0.9753498456,0.9665282066
2025-10-08 08:00:00+00:00,0.9748299273,0.9665282066
2025-10-08 08:30:00+00:00,0.9739745780,0.9665282066
2025-10-08 09:00:00+00:00,0.9741758367,0.9665282066
2025-10-08 09:30:00+00:00,0.9737062331,0.9665282066
2025-10-08 10:00:00+00:00,0.9750479576,0.9665282066
2025-10-08 10:30:00+00:00,0.9755762616,0.9665282066
2025-10-08 11:00:00+00:00,0.9751653585,0.9665282066
2025-10-08 11:30:00+00:00,0.9749305567,0.9665282066
2025-10-08 12:00:00+00:00,0.9757188199,0.9665282066
2025-10-08 12:30:00+00:00,0.9754672465,0.9665282066
2025-10-08 13:00:00+00:00,0.9753582314,0.9665282066
2025-10-08 13:30:00+00:00,0.9754169319,0.9665282066
2025-10-08 14:00:00+00:00,0.9755343327,0.9665282066
2025-10-08 14:30:00+00:00,0.9745615825,0.9665282066
2025-10-08 15:00:00+00:00,0.9742009941,0.9665282066
2025-10-08 15:30:00+00:00,0.9732534011,0.9665282066
2025-10-08 16:00:00+00:00,0.9728508838,0.9665282066
2025-10-08 16:30:00+00:00,0.9732030865,0.9665282066
2025-10-08 17:00:00+00:00,0.9732366296,0.9665282066
2025-10-08 17:30:00+00:00,0.9733875736,0.9665282066
2025-10-09 06:00:00+00:00,0.9721246721,0.9665282066
2025-10-09 06:30:00+00:00,0.9714974032,0.9665282066
2025-10-09 07:00:00+00:00,0.9713803130,0.9665282066
2025-10-09 07:30:00+00:00,0.9711126782,0.9665282066
2025-10-09 08:00:00+00:00,0.9711043146,0.9665282066
2025-10-09 08:30:00+00:00,0.9712297684,0.9665282066
2025-10-09 09:00:00+00:00,0.9719824911,0.9665282066
2025-10-09 09:30:00+00:00,0.9723337617,0.9665282066
2025-10-09 10:00:00+00:00,0.9721664900,0.9665282066
2025-10-09 10:30:00+00:00,0.9717315835,0.9665282066
2025-10-09 11:00:00+00:00,0.9714806760,0.9665282066
2025-10-09 11:30:00+00:00,0.9711963140,0.9665282066
2025-10-09 12:00:00+00:00,0.9708450434,0.9665282066
2025-10-09 12:30:00+00:00,0.9714388580,0.9665282066
2025-10-09 13:00:00+00:00,0.9713635858,0.9665282066
2025-10-09 13:30:00+00:00,0.9704101369,0.9665282066
2025-10-09 14:00:00+00:00,0.9685199665,0.9665282066
2025-10-09 14:30:00+00:00,0.9685868752,0.9665282066
2025-10-09 15:00:00+00:00,0.9665963419,0.9665282066
2025-10-09 15:30:00+00:00,0.9667468864,0.9665282066
2025-10-09 16:00:00+00:00,0.9667134321,0.9665282066
2025-10-09 16:30:00+00:00,0.9666632506,0.9665282066
2025-10-09 17:00:00+00:00,0.9672068836,0.9665282066
2025-10-09 17:30:00+00:00,0.9668305223,0.9665282066
2025-10-10 06:00:00+00:00,0.9667469587,0.9665282066
2025-10-10 06:30:00+00:00,0.9668639477,0.9665282066
2025-10-10 07:00:00+00:00,0.9667803841,0.9665282066
2025-10-10 07:30:00+00:00,0.9675073872,0.9665282066
2025-10-10 08:00:00+00:00,0.9682009649,0.9659472375
2025-10-10 08:30:00+00:00,0.9675658817,0.9668247489
2025-10-10 09:00:00+00:00,0.9668388787,0.9673003526
2025-10-10 09:30:00+00:00,0.9672149147,0.9672425671
2025-10-10 10:00:00+00:00,0.9677330089,0.9672425671
2025-10-10 10:30:00+00:00,0.9669642240,0.9672425671
2025-10-10 11:00:00+00:00,0.9666466825,0.9672425671
2025-10-10 11:30:00+00:00,0.9660784501,0.9672425671
2025-10-10 12:00:00+00:00,0.9671731329,0.9672425671
2025-10-10 12:30:00+00:00,0.9669892931,0.9672425671
2025-10-10 13:00:00+00:00,0.9665464062,0.9672425671
2025-10-10 13:30:00+00:00,0.9667720278,0.9672425671
2025-10-10 14:00:00+00:00,0.9666466824,0.9672425671
2025-10-10 14:30:00+00:00,0.9675324563,0.9672425671
2025-10-10 15:00:00+00:00,0.9716187149,0.9672425671
2025-10-10 15:30:00+00:00,0.9703986868,0.9672425671
2025-10-10 16:00:00+00:00,0.9703234796,0.9672425671
2025-10-10 16:30:00+00:00,0.9698220982,0.9672425671
2025-10-10 17:00:00+00:00,0.9696883965,0.9672425671
2025-10-10 17:30:00+00:00,0.9694377058,0.9672425671
2025-10-13 06:00:00+00:00,0.9703391201,0.9672425671
2025-10-13 06:30:00+00:00,0.9693542415,0.9672425671
2025-10-13 07:00:00+00:00,0.9692206986,0.9672425671
2025-10-13 07:30:00+00:00,0.9681773950,0.9672425671
2025-10-13 08:00:00+00:00,0.9673844843,0.9672425671
2025-10-13 08:30:00+00:00,0.9669838557,0.9672425671
2025-10-13 09:00:00+00:00,0.9675180272,0.9672425671
2025-10-13 09:30:00+00:00,0.9677016486,0.9672425671
2025-10-13 10:00:00+00:00,0.9670172414,0.9672425671
2025-10-13 10:30:00+00:00,0.9668252736,0.9672425671
2025-10-13 11:00:00+00:00,0.9668002343,0.9672425671
2025-10-13 11:30:00+00:00,0.9655482700,0.9672425671
2025-10-13 12:00:00+00:00,0.9653479557,0.9672425671
2025-10-13 12:30:00+00:00,0.9655816557,0.9672425671
2025-10-13 13:00:00+00:00,0.9657652771,0.9672425671
2025-10-13 13:30:00+00:00,0.9661158271,0.9672425671
2025-10-13 14:00:00+00:00,0.9649974056,0.9672425671
2025-10-13 14:30:00+00:00,0.9649473270,0.9672425671
2025-10-13 15:00:00+00:00,0.9655148842,0.9672425671
2025-10-13 15:30:00+00:00,0.9660156699,0.9672425671
2025-10-13 16:00:00+00:00,0.9660824413,0.9672425671
2025-10-13 16:30:00+00:00,0.9661325199,0.9672425671
2025-10-13 17:00:00+00:00,0.9661575592,0.9672425671
2025-10-13 17:30:00+00:00,0.9659572449,0.9672425671
2025-10-14 06:00:00+00:00,0.9648065613,0.9672425671
2025-10-14 06:30:00+00:00,0.9647565316,0.9672425671
2025-10-14 07:00:00+00:00,0.9639393794,0.9672425671
2025-10-14 07:30:00+00:00,0.9630305061,0.9672425671
2025-10-14 08:00:00+00:00,0.9635391416,0.9672425671
2025-10-14 08:30:00+00:00,0.9638559965,0.9672425671
2025-10-14 09:00:00+00:00,0.9639727325,0.9672425671
2025-10-14 09:30:00+00:00,0.9635057884,0.9672425671
2025-10-14 10:00:00+00:00,0.9634390821,0.9672425671
2025-10-14 10:30:00+00:00,0.9633723758,0.9672425671
2025-10-14 11:00:00+00:00,0.9635975096,0.9672425671
2025-10-14 11:30:00+00:00,0.9632556398,0.9672425671
2025-10-14 12:00:00+00:00,0.9637892902,0.9672425671
2025-10-14 12:30:00+00:00,0.9635391416,0.9672425671
2025-10-14 13:00:00+00:00,0.9652484905,0.9672425671
2025-10-14 13:30:00+00:00,0.9650900631,0.9672425671
2025-10-14 14:00:00+00:00,0.9656237135,0.9672425671
2025-10-14 14:30:00+00:00,0.9667493822,0.9672425671
2025-10-14 15:00:00+00:00,0.9663908359,0.9672425671
2025-10-14 15:30:00+00:00,0.9678500362,0.9672425671
2025-10-14 16:00:00+00:00,0.9679500957,0.9672425671
2025-10-14 16:30:00+00:00,0.9680334785,0.9672425671
2025-10-14 17:00:00+00:00,0.9677499768,0.9672425671
2025-10-14 17:30:00+00:00,0.9680334785,0.9672425671
2025-10-15 06:00:00+00:00,0.9683667201,0.9672425671
2025-10-15 06:30:00+00:00,0.9692498103,0.9672425671
2025-10-15 07:00:00+00:00,0.9689832170,0.9672425671
2025-10-15 07:30:00+00:00,0.9693831070,0.9672425671
2025-10-15 08:00:00+00:00,0.9693414518,0.9672425671
2025-10-15 08:30:00+00:00,0.9691331758,0.9672425671
2025-10-15 09:00:00+00:00,0.9690665274,0.9672425671
2025-10-15 09:30:00+00:00,0.9692997966,0.9672425671
2025-10-15 10:00:00+00:00,0.9684250374,0.9672425671
2025-10-15 10:30:00+00:00,0.9684250374,0.9672425671
2025-10-15 11:00:00+00:00,0.9687916032,0.9672425671
2025-10-15 11:30:00+00:00,0.9680751338,0.9672425671
2025-10-15 12:00:00+00:00,0.9685833272,0.9672425671
2025-10-15 12:30:00+00:00,0.9678668578,0.9672425671
2025-10-15 13:00:00+00:00,0.9680834648,0.9672425671
2025-10-15 13:30:00+00:00,0.9686832997,0.9672425671
2025-10-15 14:00:00+00:00,0.9683750512,0.9672425671
2025-10-15 14:30:00+00:00,0.9684500306,0.9672425671
2025-10-15 15:00:00+00:00,0.9692414793,0.9672425671
2025-10-15 15:30:00+00:00,0.9694914105,0.9672425671
2025-10-15 16:00:00+00:00,0.9694164312,0.9672425671
2025-10-15 16:30:00+00:00,0.9697330107,0.9672425671
2025-10-15 17:00:00+00:00,0.9691415068,0.9672425671
2025-10-15 17:30:00+00:00,0.9688499205,0.9672425671
2025-10-16 06:00:00+00:00,0.9689745560,0.9672425671
2025-10-16 06:30:00+00:00,0.9683264514,0.9672425671
2025-10-16 07:00:00+00:00,0.9677448190,0.9675456756
2025-10-16 07:30:00+00:00,0.9681685797,0.9669776243
2025-10-16 08:00:00+00:00,0.9685175591,0.9665513210
2025-10-16 08:30:00+00:00,0.9687502121,0.9662673085
2025-10-16 09:00:00+00:00,0.9682682881,0.9668557885
2025-10-16 09:30:00+00:00,0.9686920488,0.9663382974
2025-10-16 10:00:00+00:00,0.9689828650,0.9659834476
2025-10-16 10:30:00+00:00,0.9684593959,0.9666223478
2025-10-16 11:00:00+00:00,0.9677614371,0.9674754102
2025-10-16 11:30:00+00:00,0.9683347604,0.9667745802
2025-10-16 12:00:00+00:00,0.9681021074,0.9670588637
2025-10-16 12:30:00+00:00,0.9688831566,0.9661050838
2025-10-16 13:00:00+00:00,0.9684843230,0.9665919066
2025-10-16 13:30:00+00:00,0.9686338856,0.9664092958
2025-10-16 14:00:00+00:00,0.9697389870,0.9650619456
2025-10-16 14:30:00+00:00,0.9702541471,0.9646961949
2025-10-16 15:00:00+00:00,0.9698137683,0.9651207881
2025-10-16 15:30:00+00:00,0.9692155178,0.9653922867
2025-10-16 16:00:00+00:00,0.9698802405,0.9653449798
2025-10-16 16:30:00+00:00,0.9702541470,0.9653449798
2025-10-16 17:00:00+00:00,0.9713841756,0.9653449798
2025-10-16 17:30:00+00:00,0.9711764497,0.9653449798
2025-10-17 06:00:00+00:00,0.9710273336,0.9653449798
2025-10-17 06:30:00+00:00,0.9701409214,0.9653449798
2025-10-17 07:00:00+00:00,0.9695196044,0.9653449798
2025-10-17 07:30:00+00:00,0.9702320479,0.9653449798
2025-10-17 08:00:00+00:00,0.9695361729,0.9653449798
2025-10-17 08:30:00+00:00,0.9690225508,0.9653449798
2025-10-17 09:00:00+00:00,0.9694450464,0.9653449798
2025-10-17 09:30:00+00:00,0.9693539199,0.9653449798
2025-10-17 10:00:00+00:00,0.9687905925,0.9653449798
2025-10-17 10:30:00+00:00,0.9684012338,0.9653449798
2025-10-17 11:00:00+00:00,0.9680450121,0.9653449798
2025-10-17 11:30:00+00:00,0.9680118752,0.9653449798
2025-10-17 12:00:00+00:00,0.9669680627,0.9653449798
2025-10-17 12:30:00+00:00,0.9673160002,0.9653449798
2025-10-17 13:00:00+00:00,0.9674651163,0.9653449798
2025-10-17 13:30:00+00:00,0.9668189466,0.9653449798
2025-10-17 14:00:00+00:00,0.9664710091,0.9653449798
2025-10-17 14:30:00+00:00,0.9665124303,0.9653449798
2025-10-17 15:00:00+00:00,0.9660567978,0.9653449798
2025-10-17 15:30:00+00:00,0.9670509050,0.9653449798
2025-10-17 16:00:00+00:00,0.9674319794,0.9653449798
2025-10-17 16:30:00+00:00,0.9668437994,0.9653449798
2025-10-17 17:00:00+00:00,0.9670177681,0.9653449798
2025-10-17 17:30:00+00:00,0.9665869884,0.9653449798
2025-10-20 06:00:00+00:00,0.9655354324,0.9653449798
2025-10-20 06:30:00+00:00,0.9653201532,0.9653449798
2025-10-20 07:00:00+00:00,0.9658666312,0.9653449798
2025-10-20 07:30:00+00:00,0.9656596320,0.9653449798
2025-10-20 08:00:00+00:00,0.9658666312,0.9653449798
2025-10-20 08:30:00+00:00,0.9657341517,0.9653449798
2025-10-20 09:00:00+00:00,0.9655933922,0.9653449798
2025-10-20 09:30:00+00:00,0.9656099521,0.9653449798
2025-10-20 10:00:00+00:00,0.9649475546,0.9653449798
2025-10-20 10:30:00+00:00,0.9648978748,0.9653449798
2025-10-20 11:00:00+00:00,0.9648067952,0.9653449798
2025-10-20 11:30:00+00:00,0.9651462739,0.9653449798
2025-10-20 12:00:00+00:00,0.9649972344,0.9653449798
2025-10-20 12:30:00+00:00,0.9649061548,0.9653449798
2025-10-20 13:00:00+00:00,0.9648150751,0.9653449798
2025-10-20 13:30:00+00:00,0.9645583961,0.9653449798
2025-10-20 14:00:00+00:00,0.9653532731,0.9653449798
2025-10-20 14:30:00+00:00,0.9649309947,0.9653449798
2025-10-20 15:00:00+00:00,0.9657010318,0.9653449798
2025-10-20 15:30:00+00:00,0.9650303543,0.9653449798
2025-10-20 16:00:00+00:00,0.9647736753,0.9653449798
2025-10-20 16:30:00+00:00,0.9645832360,0.9653449798
2025-10-20 17:00:00+00:00,0.9645583961,0.9653449798
2025-10-20 17:30:00+00:00,0.9640533180,0.9653449798
2025-10-21 06:00:00+00:00,0.9640947816,0.9653449798
2025-10-21 06:30:00+00:00,0.9646089301,0.9653449798
2025-10-21 07:00:00+00:00,0.9644928320,0.9653449798
2025-10-21 07:30:00+00:00,0.9640616107,0.9653449798
2025-10-21 08:00:00+00:00,0.9640450253,0.9653449798
2025-10-21 08:30:00+00:00,0.9637133166,0.9653449798
2025-10-21 09:00:00+00:00,0.9637962438,0.9653449798
2025-10-21 09:30:00+00:00,0.9636635603,0.9653449798
2025-10-21 10:00:00+00:00,0.9631991681,0.9653449798
2025-10-21 10:30:00+00:00,0.9634479496,0.9653449798
2025-10-21 11:00:00+00:00,0.9635972185,0.9653449798
2025-10-21 11:30:00+00:00,0.9630250210,0.9653449798
2025-10-21 12:00:00+00:00,0.9623947744,0.9653449798
2025-10-21 12:30:00+00:00,0.9628840448,0.9653449798
2025-10-21 13:00:00+00:00,0.9628840448,0.9653449798
2025-10-21 13:30:00+00:00,0.9630001428,0.9653449798
2025-10-21 14:00:00+00:00,0.9630830700,0.9653449798
2025-10-21 14:30:00+00:00,0.9623201400,0.9653449798
2025-10-21 15:00:00+00:00,0.9632903880,0.9653449798
2025-10-21 15:30:00+00:00,0.9632157535,0.9653449798
2025-10-21 16:00:00+00:00,0.9632986807,0.9653449798
2025-10-21 16:30:00+00:00,0.9627016050,0.9653449798
2025-10-21 17:00:00+00:00,0.9622372129,0.9653449798
2025-10-21 17:30:00+00:00,0.9622703837,0.9653449798
2025-10-22 06:00:00+00:00,0.9619306692,0.9653449798
2025-10-22 06:30:00+00:00,0.9619389549,0.9653449798
2025-10-22 07:00:00+00:00,0.9612595259,0.9653449798
2025-10-22 07:30:00+00:00,0.9612098116,0.9653449798
2025-10-22 08:00:00+00:00,0.9608618114,0.9653449798
2025-10-22 08:30:00+00:00,0.9609446686,0.9653449798
2025-10-22 09:00:00+00:00,0.9608618114,0.9653449798
2025-10-22 09:30:00+00:00,0.9606960970,0.9654054231
2025-10-22 10:00:00+00:00,0.9599752393,0.9659490735
2025-10-22 10:30:00+00:00,0.9599669536,0.9659553265
2025-10-22 11:00:00+00:00,0.9598675249,0.9660303700
2025-10-22 11:30:00+00:00,0.9596935248,0.9661617288
2025-10-22 12:00:00+00:00,0.9600000965,0.9659303150
2025-10-22 12:30:00+00:00,0.9597349534,0.9661304491
2025-10-22 13:00:00+00:00,0.9603480967,0.9656677859
2025-10-22 13:30:00+00:00,0.9607292398,0.9654934438
2025-10-22 14:00:00+00:00,0.9613920974,0.9648234148
2025-10-22 14:30:00+00:00,0.9620715265,0.9637556767
2025-10-22 15:00:00+00:00,0.9622206694,0.9635316140
2025-10-22 15:30:00+00:00,0.9620798122,0.9637432264
2025-10-22 16:00:00+00:00,0.9624443839,0.9631956828
2025-10-22 16:30:00+00:00,0.9627592413,0.9628952561
2025-10-22 17:00:00+00:00,0.9624775268,0.9631833380
2025-10-22 17:30:00+00:00,0.9623532410,0.9633362702
2025-10-23 06:00:00+00:00,0.9621209808,0.9634432728
2025-10-23 06:30:00+00:00,0.9617560006,0.9638239966
2025-10-23 07:00:00+00:00,0.9618389507,0.9636687153
2025-10-23 07:30:00+00:00,0.9622371109,0.9630706483
2025-10-23 08:00:00+00:00,0.9625523211,0.9625976172
2025-10-23 08:30:00+00:00,0.9619136057,0.9635565306
2025-10-23 09:00:00+00:00,0.9621707508,0.9631702832
2025-10-23 09:30:00+00:00,0.9616979356,0.9638806792
2025-10-23 10:00:00+00:00,0.9615735105,0.9640677707
2025-10-23 10:30:00+00:00,0.9612168253,0.9644411598
2025-10-23 11:00:00+00:00,0.9611836453,0.9644308050
2025-10-23 11:30:00+00:00,0.9611587603,0.9644495322
2025-10-23 12:00:00+00:00,0.9615071505,0.9641874281
2025-10-23 12:30:00+00:00,0.9622702909,0.9638700112
2025-10-23 13:00:00+00:00,0.9625440260,0.9635694912
2025-10-23 13:30:00+00:00,0.9627928762,0.9631430934
2025-10-23 14:00:00+00:00,0.9632905764,0.9623967538
2025-10-23 14:30:00+00:00,0.9633154615,0.9623594621
2025-10-23 15:00:00+00:00,0.9628841212,0.9630061923
2025-10-23 15:30:00+00:00,0.9631993314,0.9625335106
2025-10-23 16:00:00+00:00,0.9634647715,0.9621357626
2025-10-23 16:30:00+00:00,0.9628011712,0.9631306465
2025-10-23 17:00:00+00:00,0.9627514012,0.9632053320
2025-10-23 17:30:00+00:00,0.9631910364,0.9625459446
2025-10-24 06:00:00+00:00,0.9633653245,0.9623511551
2025-10-24 06:30:00+00:00,0.9638798896,0.9617395975
2025-10-24 07:00:00+00:00,0.9633487257,0.9622214574
2025-10-24 07:30:00+00:00,0.9642616637,0.9617503763
2025-10-24 08:00:00+00:00,0.9634483189,0.9625033301
2025-10-24 08:30:00+00:00,0.9635977088,0.9622353977
2025-10-24 09:00:00+00:00,0.9633736240,0.9625711472
2025-10-24 09:30:00+00:00,0.9637222003,0.9620489545
2025-10-24 10:00:00+00:00,0.9639628839,0.9616886683
2025-10-24 10:30:00+00:00,0.9638134941,0.9619122677
2025-10-24 11:00:00+00:00,0.9635147144,0.9623597266
2025-10-24 11:30:00+00:00,0.9639794828,0.9616638293
2025-10-24 12:00:00+00:00,0.9637968952,0.9619371175
2025-10-24 12:30:00+00:00,0.9655812739,0.9605396291
2025-10-24 13:00:00+00:00,0.9655065790,0.9604787788
2025-10-24 13:30:00+00:00,0.9649920140,0.9604787788
2025-10-24 14:00:00+00:00,0.9649173190,0.9604787788
2025-10-24 14:30:00+00:00,0.9648924207,0.9604787788
2025-10-24 15:00:00+00:00,0.9655480762,0.9604787788
2025-10-24 15:30:00+00:00,0.9648426241,0.9604787788
2025-10-24 16:00:00+00:00,0.9648592230,0.9604787788
2025-10-24 16:30:00+00:00,0.9648675224,0.9604787788
2025-10-24 17:00:00+00:00,0.9650916072,0.9604787788
2025-10-24 17:30:00+00:00,0.9650086128,0.9604787788
2025-10-27 06:00:00+00:00,0.9652078198,0.9604787788
2025-10-27 06:30:00+00:00,0.9650169131,0.9604787788
2025-10-27 07:00:00+00:00,0.9645603970,0.9604787788
2025-10-27 07:30:00+00:00,0.9644939946,0.9604787788
2025-10-27 08:00:00+00:00,0.9650833154,0.9604787788
2025-10-27 08:30:00+00:00,0.9651663184,0.9604787788
2025-10-27 09:00:00+00:00,0.9655647324,0.9604787788
2025-10-27 09:30:00+00:00,0.9659880473,0.9604787788
2025-10-27 10:00:00+00:00,0.9660876509,0.9604787788
2025-10-27 10:30:00+00:00,0.9662868579,0.9604787788
2025-10-27 11:00:00+00:00,0.9660710503,0.9604787788
2025-10-27 11:30:00+00:00,0.9666520707,0.9604787788
2025-10-27 12:00:00+00:00,0.9662702573,0.9604787788
2025-10-27 12:30:00+00:00,0.9662702573,0.9604787788
2025-10-27 13:00:00+00:00,0.9661042514,0.9604787788
2025-10-27 13:30:00+00:00,0.9658220415,0.9604787788
2025-10-27 14:00:00+00:00,0.9661374526,0.9604787788
2025-10-27 14:30:00+00:00,0.9662287558,0.9604787788
2025-10-27 15:00:00+00:00,0.9660295488,0.9604787788
2025-10-27 15:30:00+00:00,0.9657639394,0.9604787788
2025-10-27 16:00:00+00:00,0.9659714467,0.9604787788
2025-10-27 16:30:00+00:00,0.9660461494,0.9604787788
2025-10-27 17:00:00+00:00,0.9659216450,0.9605107922
2025-10-27 17:30:00+00:00,0.9659880473,0.9603478369
2025-10-28 06:00:00+00:00,0.9659217918,0.9603334301
2025-10-28 06:30:00+00:00,0.9653254927,0.9609688818
2025-10-28 07:00:00+00:00,0.9653420566,0.9609106637
2025-10-28 07:30:00+00:00,0.9652758011,0.9610095992
2025-10-28 08:00:00+00:00,0.9655242591,0.9606386787
2025-10-28 08:30:00+00:00,0.9650190612,0.9613931345
2025-10-28 09:00:00+00:00,0.9648782684,0.9616035686
2025-10-28 09:30:00+00:00,0.9654248759,0.9607870182
2025-10-28 10:00:00+00:00,0.9656319242,0.9604780206
2025-10-28 10:30:00+00:00,0.9660211751,0.9601270376
2025-10-28 11:00:00+00:00,0.9653089289,0.9608921106
2025-10-28 11:30:00+00:00,0.9656070784,0.9604136440
2025-10-28 12:00:00+00:00,0.9650107793,0.9613039692
2025-10-28 12:30:00+00:00,0.9640335112,0.9623698813
2025-10-28 13:00:00+00:00,0.9631887541,0.9629692257
2025-10-28 13:30:00+00:00,0.9639838196,0.9626361802
2025-10-28 14:00:00+00:00,0.9652840830,0.9626010863
2025-10-28 14:30:00+00:00,0.9657230254,0.9626010863
2025-10-28 15:00:00+00:00,0.9655242591,0.9626010863
2025-10-28 15:30:00+00:00,0.9655739507,0.9626010863
2025-10-28 16:00:00+00:00,0.9658389725,0.9626010863
2025-10-28 16:30:00+00:00,0.9663193246,0.9626010863
2025-10-28 17:00:00+00:00,0.9660046112,0.9626010863
2025-10-28 17:30:00+00:00,0.9659217918,0.9626010863
2025-10-29 06:00:00+00:00,0.9658221369,0.9626010863
2025-10-29 06:30:00+00:00,0.9658221369,0.9626010863
2025-10-29 07:00:00+00:00,0.9663038023,0.9626010863
2025-10-29 07:30:00+00:00,0.9660380559,0.9626010863
2025-10-29 08:00:00+00:00,0.9660712742,0.9626010863
2025-10-29 08:30:00+00:00,0.9652657304,0.9626010863
2025-10-29 09:00:00+00:00,0.9656892637,0.9626010863
2025-10-29 09:30:00+00:00,0.9667522494,0.9626010863
2025-10-29 10:00:00+00:00,0.9671176508,0.9626010863
2025-10-29 10:30:00+00:00,0.9672671331,0.9626010863
2025-10-29 11:00:00+00:00,0.9661543200,0.9626010863
2025-10-29 11:30:00+00:00,0.9666359854,0.9626010863
2025-10-29 12:00:00+00:00,0.9664532847,0.9626010863
2025-10-29 12:30:00+00:00,0.9661543200,0.9626010863
2025-10-29 13:00:00+00:00,0.9669017318,0.9626010863
2025-10-29 13:30:00+00:00,0.9663702390,0.9626010863
2025-10-29 14:00:00+00:00,0.9669515592,0.9626010863
2025-10-29 14:30:00+00:00,0.9675245750,0.9626010863
2025-10-29 15:00:00+00:00,0.9673584835,0.9626010863
2025-10-29 15:30:00+00:00,0.9686207790,0.9626010863
2025-10-29 16:00:00+00:00,0.9684962103,0.9626010863
2025-10-29 16:30:00+00:00,0.9680809816,0.9626010863
2025-10-29 17:00:00+00:00,0.9675162704,0.9626010863
2025-10-29 17:30:00+00:00,0.9673917018,0.9626010863
2025-10-30 06:00:00+00:00,0.9674998926,0.9626010863
2025-10-30 06:30:00+00:00,0.9670255178,0.9626010863
2025-10-30 07:00:00+00:00,0.9667592021,0.9626010863
2025-10-30 07:30:00+00:00,0.9669422941,0.9626010863
2025-10-30 08:00:00+00:00,0.9665344982,0.9626010863
2025-10-30 08:30:00+00:00,0.9668257810,0.9626010863
2025-10-30 09:00:00+00:00,0.9675248597,0.9626010863
2025-10-30 09:30:00+00:00,0.9667841692,0.9626010863
2025-10-30 10:00:00+00:00,0.9665012088,0.9626010863
2025-10-30 10:30:00+00:00,0.9659602551,0.9626010863
2025-10-30 11:00:00+00:00,0.9660018669,0.9626010863
2025-10-30 11:30:00+00:00,0.9652195646,0.9626010863
2025-10-30 12:00:00+00:00,0.9636799271,0.9626010863
2025-10-30 12:30:00+00:00,0.9616575923,0.9626010863
2025-10-30 13:00:00+00:00,0.9628560128,0.9626010863
2025-10-30 13:30:00+00:00,0.9636965717,0.9626010863
2025-10-30 14:00:00+00:00,0.9639712098,0.9626010863
2025-10-30 14:30:00+00:00,0.9631639404,0.9626010863
2025-10-30 15:00:00+00:00,0.9632471640,0.9626010863
2025-10-30 15:30:00+00:00,0.9623649934,0.9626010863
2025-10-30 16:00:00+00:00,0.9624315723,0.9626010863
2025-10-30 16:30:00+00:00,0.9628476905,0.9626010863
2025-10-30 17:00:00+00:00,0.9625064736,0.9626010863
2025-10-30 17:30:00+00:00,0.9625980196,0.9626010863
2025-10-31 06:00:00+00:00,0.9628559750,0.9626010863
2025-10-31 06:30:00+00:00,0.9620405031,0.9626010863
2025-10-31 07:00:00+00:00,0.9620737876,0.9626010863
2025-10-31 07:30:00+00:00,0.9623234219,0.9626010863
2025-10-31 08:00:00+00:00,0.9624565601,0.9626010863
2025-10-31 08:30:00+00:00,0.9628226904,0.9626010863
2025-10-31 09:00:00+00:00,0.9627228367,0.9626010863
2025-10-31 09:30:00+00:00,0.9632637109,0.9626010863
2025-10-31 10:00:00+00:00,0.9627228367,0.9626010863
2025-10-31 10:30:00+00:00,0.9628393327,0.9626010863
2025-10-31 11:00:00+00:00,0.9628393327,0.9626010863
2025-10-31 11:30:00+00:00,0.9624981659,0.9626010863
2025-10-31 12:00:00+00:00,0.9619739339,0.9626010863
2025-10-31 12:30:00+00:00,0.9615911614,0.9626010863
2025-10-31 13:00:00+00:00,0.9610253238,0.9626010863
2025-10-31 13:30:00+00:00,0.9601599250,0.9626010863
2025-10-31 14:00:00+00:00,0.9589283960,0.9626010863
2025-10-31 14:30:00+00:00,0.9597605102,0.9626010863
2025-10-31 15:00:00+00:00,0.9593527743,0.9626010863
2025-10-31 15:30:00+00:00,0.9603346691,0.9626010863
2025-10-31 16:00:00+00:00,0.9597688314,0.9626010863
2025-10-31 16:30:00+00:00,0.9594443068,0.9626010863
2025-10-31 17:00:00+00:00,0.9590282497,0.9626010863
2025-10-31 17:30:00+00:00,0.9589450383,0.9626010863
